lo_id,tags,type,language,requires_mastery,pedagogical_weight,duration_min,accuracy
b5700,152|147|150|156|176|153|149|151,question,en,0.0,1.0,0.5,0.5
b1434,183|182|181|56|54|52,question,en,0.0,1.0,0.5,0.5
b1983,184|63|52|56|54,question,en,0.0,1.0,0.5,0.5
b1433,183|53|182|181|56|54,question,en,0.0,1.0,0.5,0.5
b1440,183|53|182|181|56|55,question,en,0.0,1.0,0.5,0.5
b1442,183|184|55|54|58,question,en,0.0,1.0,0.5,0.5
b1980,52|56|184|64,question,en,0.0,1.0,0.5,0.5
b5697,147|179|148|150|155|176|153|149|151,question,en,0.0,1.0,0.5,0.5
b5702,147|148|155|176|153|149|151,question,en,0.0,1.0,0.5,0.5
b5703,147|150|146|176|153|149|151,question,en,0.0,1.0,0.5,0.5
b1431,184|182|181|56|54|52,question,en,0.0,1.0,0.5,0.5
b7745,-1,question,en,0.0,1.0,0.5,0.5
b7740,-1,question,en,0.0,1.0,0.5,0.5
b1959,184|60|52|56|58,question,en,0.0,1.0,0.5,0.5
b7741,-1,question,en,0.0,1.0,0.5,0.5
b7742,-1,question,en,0.0,1.0,0.5,0.5
b7743,-1,question,en,0.0,1.0,0.5,0.5
b7744,-1,question,en,0.0,1.0,0.5,0.5
b7739,-1,question,en,0.0,1.0,0.5,0.5
b1952,52|56|185|67,question,en,0.0,1.0,0.5,0.5
b1953,52|55|185|59,question,en,0.0,1.0,0.5,0.5
b11262,-1,question,en,0.0,1.0,0.5,0.5
b7731,-1,question,en,0.0,1.0,0.5,0.5
b1962,179|184|64|55|56|58,question,en,0.0,1.0,0.5,0.5
b1963,53|182|59|52|58,question,en,0.0,1.0,0.5,0.5
b7730,-1,question,en,0.0,1.0,0.5,0.5
b5701,147|179|148|150|159|176|153|149,question,en,0.0,1.0,0.5,0.5
b7732,-1,question,en,0.0,1.0,0.5,0.5
b7733,-1,question,en,0.0,1.0,0.5,0.5
b7734,-1,question,en,0.0,1.0,0.5,0.5
b7735,-1,question,en,0.0,1.0,0.5,0.5
b7736,-1,question,en,0.0,1.0,0.5,0.5
b7737,-1,question,en,0.0,1.0,0.5,0.5
b7738,-1,question,en,0.0,1.0,0.5,0.5
b7773,-1,question,en,0.0,1.0,0.5,0.5
b7765,-1,question,en,0.0,1.0,0.5,0.5
b7766,-1,question,en,0.0,1.0,0.5,0.5
b7767,-1,question,en,0.0,1.0,0.5,0.5
b7768,-1,question,en,0.0,1.0,0.5,0.5
b7769,-1,question,en,0.0,1.0,0.5,0.5
b7770,-1,question,en,0.0,1.0,0.5,0.5
b7771,-1,question,en,0.0,1.0,0.5,0.5
b7772,-1,question,en,0.0,1.0,0.5,0.5
b7764,-1,question,en,0.0,1.0,0.5,0.5
b7774,-1,question,en,0.0,1.0,0.5,0.5
b7775,-1,question,en,0.0,1.0,0.5,0.5
b7776,-1,question,en,0.0,1.0,0.5,0.5
b7777,-1,question,en,0.0,1.0,0.5,0.5
b7746,-1,question,en,0.0,1.0,0.5,0.5
b7747,-1,question,en,0.0,1.0,0.5,0.5
b7748,-1,question,en,0.0,1.0,0.5,0.5
b5688,147|156|157|176|149|151,question,en,0.0,1.0,0.5,0.5
b2012,179|183|57|52|56|62,question,en,0.0,1.0,0.5,0.5
b2015,53|57|182|59|56,question,en,0.0,1.0,0.5,0.5
b7749,-1,question,en,0.0,1.0,0.5,0.5
b5690,147|179|150|146|176|153|149|151,question,en,0.0,1.0,0.5,0.5
b7762,-1,question,en,0.0,1.0,0.5,0.5
b7763,-1,question,en,0.0,1.0,0.5,0.5
b2001,179|184|57|64|52|55,question,en,0.0,1.0,0.5,0.5
b5699,149|148|179|146|176|153|158,question,en,0.0,1.0,0.5,0.5
b1430,184|53|181|54|52,question,en,0.0,1.0,0.5,0.5
b11263,-1,question,en,0.0,1.0,0.5,0.5
b7761,-1,question,en,0.0,1.0,0.5,0.5
b7760,-1,question,en,0.0,1.0,0.5,0.5
b7759,-1,question,en,0.0,1.0,0.5,0.5
b7758,-1,question,en,0.0,1.0,0.5,0.5
b7757,-1,question,en,0.0,1.0,0.5,0.5
b7756,-1,question,en,0.0,1.0,0.5,0.5
b7755,-1,question,en,0.0,1.0,0.5,0.5
b7754,-1,question,en,0.0,1.0,0.5,0.5
b7753,-1,question,en,0.0,1.0,0.5,0.5
b7752,-1,question,en,0.0,1.0,0.5,0.5
b7751,-1,question,en,0.0,1.0,0.5,0.5
b7750,-1,question,en,0.0,1.0,0.5,0.5
b1480,53|185|181|56|52,question,en,0.0,1.0,0.5,0.5
b7697,-1,question,en,0.0,1.0,0.5,0.5
b7698,-1,question,en,0.0,1.0,0.5,0.5
b7699,-1,question,en,0.0,1.0,0.5,0.5
b7687,85|120|74|143,question,en,0.0,1.0,0.5,0.5
b7688,85|78|77|143,question,en,0.0,1.0,0.5,0.5
b11266,-1,question,en,0.0,1.0,0.5,0.5
b1916,183|66|53|52|56,question,en,0.0,1.0,0.5,0.5
b1920,179|183|53|63|52|54,question,en,0.0,1.0,0.5,0.5
b11265,-1,question,en,0.0,1.0,0.5,0.5
b11267,-1,question,en,0.0,1.0,0.5,0.5
b7696,-1,question,en,0.0,1.0,0.5,0.5
b7583,83,question,en,0.0,1.0,0.5,0.5
b8370,-1,question,en,0.0,1.0,0.5,0.5
b8371,-1,question,en,0.0,1.0,0.5,0.5
b8372,-1,question,en,0.0,1.0,0.5,0.5
b8373,-1,question,en,0.0,1.0,0.5,0.5
b8374,-1,question,en,0.0,1.0,0.5,0.5
b8375,-1,question,en,0.0,1.0,0.5,0.5
b8376,-1,question,en,0.0,1.0,0.5,0.5
b8377,-1,question,en,0.0,1.0,0.5,0.5
b8369,-1,question,en,0.0,1.0,0.5,0.5
b8346,-1,question,en,0.0,1.0,0.5,0.5
b8347,-1,question,en,0.0,1.0,0.5,0.5
b8348,-1,question,en,0.0,1.0,0.5,0.5
b8362,-1,question,en,0.0,1.0,0.5,0.5
b8363,-1,question,en,0.0,1.0,0.5,0.5
b8364,-1,question,en,0.0,1.0,0.5,0.5
b8365,-1,question,en,0.0,1.0,0.5,0.5
b8354,-1,question,en,0.0,1.0,0.5,0.5
b7658,83,question,en,0.0,1.0,0.5,0.5
b8349,-1,question,en,0.0,1.0,0.5,0.5
b8350,-1,question,en,0.0,1.0,0.5,0.5
b8351,-1,question,en,0.0,1.0,0.5,0.5
b8352,-1,question,en,0.0,1.0,0.5,0.5
b8353,-1,question,en,0.0,1.0,0.5,0.5
b8355,-1,question,en,0.0,1.0,0.5,0.5
b8356,-1,question,en,0.0,1.0,0.5,0.5
b8357,-1,question,en,0.0,1.0,0.5,0.5
b8358,-1,question,en,0.0,1.0,0.5,0.5
b8359,-1,question,en,0.0,1.0,0.5,0.5
b8360,-1,question,en,0.0,1.0,0.5,0.5
b8361,-1,question,en,0.0,1.0,0.5,0.5
b1457,183|53|57|185|181|52,question,en,0.0,1.0,0.5,0.5
b11260,-1,question,en,0.0,1.0,0.5,0.5
b11261,-1,question,en,0.0,1.0,0.5,0.5
b11259,-1,question,en,0.0,1.0,0.5,0.5
b1458,183|185|181|56|54|52,question,en,0.0,1.0,0.5,0.5
b7714,-1,question,en,0.0,1.0,0.5,0.5
b7715,-1,question,en,0.0,1.0,0.5,0.5
b7716,-1,question,en,0.0,1.0,0.5,0.5
b7717,-1,question,en,0.0,1.0,0.5,0.5
b11268,-1,question,en,0.0,1.0,0.5,0.5
b11264,-1,question,en,0.0,1.0,0.5,0.5
b7718,-1,question,en,0.0,1.0,0.5,0.5
b11269,-1,question,en,0.0,1.0,0.5,0.5
b1924,179|66|53|185|52,question,en,0.0,1.0,0.5,0.5
b7711,-1,question,en,0.0,1.0,0.5,0.5
b7703,-1,question,en,0.0,1.0,0.5,0.5
b7704,-1,question,en,0.0,1.0,0.5,0.5
b7705,-1,question,en,0.0,1.0,0.5,0.5
b7706,-1,question,en,0.0,1.0,0.5,0.5
b7707,-1,question,en,0.0,1.0,0.5,0.5
b7708,-1,question,en,0.0,1.0,0.5,0.5
b7709,-1,question,en,0.0,1.0,0.5,0.5
b7710,-1,question,en,0.0,1.0,0.5,0.5
b7702,-1,question,en,0.0,1.0,0.5,0.5
b7712,-1,question,en,0.0,1.0,0.5,0.5
b7713,-1,question,en,0.0,1.0,0.5,0.5
b7695,-1,question,en,0.0,1.0,0.5,0.5
b7701,-1,question,en,0.0,1.0,0.5,0.5
b7700,-1,question,en,0.0,1.0,0.5,0.5
b7729,-1,question,en,0.0,1.0,0.5,0.5
b7728,-1,question,en,0.0,1.0,0.5,0.5
b7727,-1,question,en,0.0,1.0,0.5,0.5
b7726,-1,question,en,0.0,1.0,0.5,0.5
b7725,-1,question,en,0.0,1.0,0.5,0.5
b7724,-1,question,en,0.0,1.0,0.5,0.5
b7723,-1,question,en,0.0,1.0,0.5,0.5
b7722,-1,question,en,0.0,1.0,0.5,0.5
b7721,-1,question,en,0.0,1.0,0.5,0.5
b7720,-1,question,en,0.0,1.0,0.5,0.5
b7719,-1,question,en,0.0,1.0,0.5,0.5
b7886,-1,question,en,0.0,1.0,0.5,0.5
b7878,-1,question,en,0.0,1.0,0.5,0.5
b7879,-1,question,en,0.0,1.0,0.5,0.5
b7880,-1,question,en,0.0,1.0,0.5,0.5
b7881,-1,question,en,0.0,1.0,0.5,0.5
b7882,-1,question,en,0.0,1.0,0.5,0.5
b7883,-1,question,en,0.0,1.0,0.5,0.5
b7884,-1,question,en,0.0,1.0,0.5,0.5
b7885,-1,question,en,0.0,1.0,0.5,0.5
b7877,-1,question,en,0.0,1.0,0.5,0.5
b7887,-1,question,en,0.0,1.0,0.5,0.5
b1222,181|185|24|43,question,en,0.0,1.0,0.5,0.5
b1224,184|42|30|34|185,question,en,0.0,1.0,0.5,0.5
b1226,183|47|185|46,question,en,0.0,1.0,0.5,0.5
b1231,50|184|185|24,question,en,0.0,1.0,0.5,0.5
b1239,181|185|24|40,question,en,0.0,1.0,0.5,0.5
b1243,28|29|181|183,question,en,0.0,1.0,0.5,0.5
b1213,28|29|181|183,question,en,0.0,1.0,0.5,0.5
b7898,-1,question,en,0.0,1.0,0.5,0.5
b7899,-1,question,en,0.0,1.0,0.5,0.5
b7900,-1,question,en,0.0,1.0,0.5,0.5
b7901,-1,question,en,0.0,1.0,0.5,0.5
b7902,-1,question,en,0.0,1.0,0.5,0.5
b7903,-1,question,en,0.0,1.0,0.5,0.5
b1210,27|24|26|185|181,question,en,0.0,1.0,0.5,0.5
b1212,179|31|32|30|185|181,question,en,0.0,1.0,0.5,0.5
b1244,181|185|34|35,question,en,0.0,1.0,0.5,0.5
b1216,181|183|36|37,question,en,0.0,1.0,0.5,0.5
b1220,42|34|183|185,question,en,0.0,1.0,0.5,0.5
b7872,-1,question,en,0.0,1.0,0.5,0.5
b7873,-1,question,en,0.0,1.0,0.5,0.5
b7874,-1,question,en,0.0,1.0,0.5,0.5
b7875,-1,question,en,0.0,1.0,0.5,0.5
b7876,-1,question,en,0.0,1.0,0.5,0.5
b7842,-1,question,en,0.0,1.0,0.5,0.5
b7870,-1,question,en,0.0,1.0,0.5,0.5
b7871,-1,question,en,0.0,1.0,0.5,0.5
b1256,28|183|30|185|37,question,en,0.0,1.0,0.5,0.5
b1260,41|179|27|24|185|181,question,en,0.0,1.0,0.5,0.5
b1264,183|35|30|34|182,question,en,0.0,1.0,0.5,0.5
b1265,182|184|24|43,question,en,0.0,1.0,0.5,0.5
b1266,45|31|184|182,question,en,0.0,1.0,0.5,0.5
b1267,42|182|34|183,question,en,0.0,1.0,0.5,0.5
b7869,-1,question,en,0.0,1.0,0.5,0.5
b7843,-1,question,en,0.0,1.0,0.5,0.5
b7844,-1,question,en,0.0,1.0,0.5,0.5
b7845,-1,question,en,0.0,1.0,0.5,0.5
b7846,-1,question,en,0.0,1.0,0.5,0.5
b7847,-1,question,en,0.0,1.0,0.5,0.5
b7848,-1,question,en,0.0,1.0,0.5,0.5
b7849,-1,question,en,0.0,1.0,0.5,0.5
b7863,-1,question,en,0.0,1.0,0.5,0.5
b1247,28|183|184|37,question,en,0.0,1.0,0.5,0.5
b1250,41|183|185|24,question,en,0.0,1.0,0.5,0.5
b1252,24|30|185|181|25,question,en,0.0,1.0,0.5,0.5
b7858,-1,question,en,0.0,1.0,0.5,0.5
b7859,-1,question,en,0.0,1.0,0.5,0.5
b7860,-1,question,en,0.0,1.0,0.5,0.5
b7861,-1,question,en,0.0,1.0,0.5,0.5
b7862,-1,question,en,0.0,1.0,0.5,0.5
b7897,-1,question,en,0.0,1.0,0.5,0.5
b7864,-1,question,en,0.0,1.0,0.5,0.5
b7865,-1,question,en,0.0,1.0,0.5,0.5
b7866,-1,question,en,0.0,1.0,0.5,0.5
b7867,-1,question,en,0.0,1.0,0.5,0.5
b7868,-1,question,en,0.0,1.0,0.5,0.5
b1157,183|184|24|25,question,en,0.0,1.0,0.5,0.5
b1134,181|184|26|24,question,en,0.0,1.0,0.5,0.5
b1135,181|183|31|32,question,en,0.0,1.0,0.5,0.5
b1136,181|184|34|35,question,en,0.0,1.0,0.5,0.5
b1139,41|183|181|24,question,en,0.0,1.0,0.5,0.5
b1141,181|184|31|32,question,en,0.0,1.0,0.5,0.5
b1142,50|183|182|24,question,en,0.0,1.0,0.5,0.5
b1153,41|183|24|30|182,question,en,0.0,1.0,0.5,0.5
b1155,184|24|23|182|25,question,en,0.0,1.0,0.5,0.5
b1132,181|184|24|43,question,en,0.0,1.0,0.5,0.5
b1158,184|27|24|40|181,question,en,0.0,1.0,0.5,0.5
b1160,181|184,question,en,0.0,1.0,0.5,0.5
b1162,39|183|184|38,question,en,0.0,1.0,0.5,0.5
b1163,183|30|181|36|37,question,en,0.0,1.0,0.5,0.5
b1164,179|184|24|182|43,question,en,0.0,1.0,0.5,0.5
b1165,181|44|45|184,question,en,0.0,1.0,0.5,0.5
b2037,60|182|52|54|58,question,en,0.0,1.0,0.5,0.5
b8337,58|194|181|56|52,question,en,0.0,1.0,0.5,0.5
b1697,179|183|184|52|55|58,question,en,0.0,1.0,0.5,0.5
b8457,-1,question,en,0.0,1.0,0.5,0.5
b8458,-1,question,en,0.0,1.0,0.5,0.5
b11452,138,question,en,0.0,1.0,0.5,0.5
b5588,179|1|2|183,question,en,0.0,1.0,0.5,0.5
b1127,28|29|184|181,question,en,0.0,1.0,0.5,0.5
b2041,52|183|69|58,question,en,0.0,1.0,0.5,0.5
b2047,179|59|181|56|55|54,question,en,0.0,1.0,0.5,0.5
b1129,181|184|24|25,question,en,0.0,1.0,0.5,0.5
b7890,-1,question,en,0.0,1.0,0.5,0.5
b7910,-1,question,en,0.0,1.0,0.5,0.5
b1191,179|183|46|181|47,question,en,0.0,1.0,0.5,0.5
b1194,184|31|32|30|182,question,en,0.0,1.0,0.5,0.5
b1196,28|179|183|29|182,question,en,0.0,1.0,0.5,0.5
b1197,181|44|45|182,question,en,0.0,1.0,0.5,0.5
b1199,183|36|37|182,question,en,0.0,1.0,0.5,0.5
b7888,-1,question,en,0.0,1.0,0.5,0.5
b7889,-1,question,en,0.0,1.0,0.5,0.5
b7909,-1,question,en,0.0,1.0,0.5,0.5
b5612,181|18|7,question,en,0.0,1.0,0.5,0.5
b7891,-1,question,en,0.0,1.0,0.5,0.5
b7892,-1,question,en,0.0,1.0,0.5,0.5
b7893,-1,question,en,0.0,1.0,0.5,0.5
b7894,-1,question,en,0.0,1.0,0.5,0.5
b7895,-1,question,en,0.0,1.0,0.5,0.5
b7896,-1,question,en,0.0,1.0,0.5,0.5
b7850,-1,question,en,0.0,1.0,0.5,0.5
b7908,-1,question,en,0.0,1.0,0.5,0.5
b7907,-1,question,en,0.0,1.0,0.5,0.5
b7906,-1,question,en,0.0,1.0,0.5,0.5
b7905,-1,question,en,0.0,1.0,0.5,0.5
b7904,-1,question,en,0.0,1.0,0.5,0.5
b11426,109,question,en,0.0,1.0,0.5,0.5
b1184,179|184|31|32|182,question,en,0.0,1.0,0.5,0.5
b1180,179|184|38|39|182,question,en,0.0,1.0,0.5,0.5
b1175,184|27|42|34|182,question,en,0.0,1.0,0.5,0.5
b1173,184|182|34|35,question,en,0.0,1.0,0.5,0.5
b1166,183|182|34|35,question,en,0.0,1.0,0.5,0.5
b5609,182|2|8,question,en,0.0,1.0,0.5,0.5
b5607,7|182|6,question,en,0.0,1.0,0.5,0.5
b7802,-1,question,en,0.0,1.0,0.5,0.5
b7794,-1,question,en,0.0,1.0,0.5,0.5
b7795,-1,question,en,0.0,1.0,0.5,0.5
b7796,-1,question,en,0.0,1.0,0.5,0.5
b7797,-1,question,en,0.0,1.0,0.5,0.5
b7798,-1,question,en,0.0,1.0,0.5,0.5
b7799,-1,question,en,0.0,1.0,0.5,0.5
b7800,-1,question,en,0.0,1.0,0.5,0.5
b7801,-1,question,en,0.0,1.0,0.5,0.5
b1386,183|184|24|43,question,en,0.0,1.0,0.5,0.5
b7803,-1,question,en,0.0,1.0,0.5,0.5
b7804,-1,question,en,0.0,1.0,0.5,0.5
b7805,-1,question,en,0.0,1.0,0.5,0.5
b7806,-1,question,en,0.0,1.0,0.5,0.5
b7807,-1,question,en,0.0,1.0,0.5,0.5
b7808,-1,question,en,0.0,1.0,0.5,0.5
b7809,-1,question,en,0.0,1.0,0.5,0.5
b11377,96,question,en,0.0,1.0,0.5,0.5
b1346,179|183|38|39|30|185,question,en,0.0,1.0,0.5,0.5
b1347,183|24|23|181|33,question,en,0.0,1.0,0.5,0.5
b1350,182|184|33|24,question,en,0.0,1.0,0.5,0.5
b1352,183|182|24|43,question,en,0.0,1.0,0.5,0.5
b1353,181|184|24|40,question,en,0.0,1.0,0.5,0.5
b1357,183|184|34|35,question,en,0.0,1.0,0.5,0.5
b1359,181|50|183|24,question,en,0.0,1.0,0.5,0.5
b1361,181|183|24|25,question,en,0.0,1.0,0.5,0.5
b1390,179|183|35|34|181,question,en,0.0,1.0,0.5,0.5
b11386,75,question,en,0.0,1.0,0.5,0.5
b1362,183|31|32|184,question,en,0.0,1.0,0.5,0.5
b1364,28|179|184|29|182,question,en,0.0,1.0,0.5,0.5
b1367,30|182|181|36|37,question,en,0.0,1.0,0.5,0.5
b1368,183|24|30|181|33,question,en,0.0,1.0,0.5,0.5
b1369,183|36|37|182,question,en,0.0,1.0,0.5,0.5
b1370,181|31|32|182,question,en,0.0,1.0,0.5,0.5
b2022,179|184|67|56|54|58,question,en,0.0,1.0,0.5,0.5
b7793,-1,question,en,0.0,1.0,0.5,0.5
b1394,181|184|34|35,question,en,0.0,1.0,0.5,0.5
b1395,183|31|32|182,question,en,0.0,1.0,0.5,0.5
b1398,183|182|24|40,question,en,0.0,1.0,0.5,0.5
b1401,183|53|185|52|54,question,en,0.0,1.0,0.5,0.5
b7792,-1,question,en,0.0,1.0,0.5,0.5
b5628,185|2|12,question,en,0.0,1.0,0.5,0.5
b5629,181|2|8,question,en,0.0,1.0,0.5,0.5
b5630,183|7|6,question,en,0.0,1.0,0.5,0.5
b1409,183|53|185|52|54,question,en,0.0,1.0,0.5,0.5
b1345,179|183|30|185|46|47,question,en,0.0,1.0,0.5,0.5
b7791,-1,question,en,0.0,1.0,0.5,0.5
b7790,-1,question,en,0.0,1.0,0.5,0.5
b7789,-1,question,en,0.0,1.0,0.5,0.5
b7788,-1,question,en,0.0,1.0,0.5,0.5
b7787,-1,question,en,0.0,1.0,0.5,0.5
b7786,-1,question,en,0.0,1.0,0.5,0.5
b7785,-1,question,en,0.0,1.0,0.5,0.5
b7784,-1,question,en,0.0,1.0,0.5,0.5
b7783,-1,question,en,0.0,1.0,0.5,0.5
b7782,-1,question,en,0.0,1.0,0.5,0.5
b7781,-1,question,en,0.0,1.0,0.5,0.5
b7780,-1,question,en,0.0,1.0,0.5,0.5
b7779,-1,question,en,0.0,1.0,0.5,0.5
b7778,-1,question,en,0.0,1.0,0.5,0.5
b1393,184|38|39|30|182,question,en,0.0,1.0,0.5,0.5
b7830,-1,question,en,0.0,1.0,0.5,0.5
b1307,181|185|31|32,question,en,0.0,1.0,0.5,0.5
b1308,184|31|32|185,question,en,0.0,1.0,0.5,0.5
b1309,185|184|34|35,question,en,0.0,1.0,0.5,0.5
b11413,74,question,en,0.0,1.0,0.5,0.5
b7826,-1,question,en,0.0,1.0,0.5,0.5
b7827,-1,question,en,0.0,1.0,0.5,0.5
b7828,-1,question,en,0.0,1.0,0.5,0.5
b7829,-1,question,en,0.0,1.0,0.5,0.5
b1302,183|184|34|35,question,en,0.0,1.0,0.5,0.5
b7831,-1,question,en,0.0,1.0,0.5,0.5
b7832,-1,question,en,0.0,1.0,0.5,0.5
b7833,-1,question,en,0.0,1.0,0.5,0.5
b7834,-1,question,en,0.0,1.0,0.5,0.5
b7835,-1,question,en,0.0,1.0,0.5,0.5
b7836,-1,question,en,0.0,1.0,0.5,0.5
b7837,-1,question,en,0.0,1.0,0.5,0.5
b1272,183|184|34|35,question,en,0.0,1.0,0.5,0.5
b7851,-1,question,en,0.0,1.0,0.5,0.5
b7852,-1,question,en,0.0,1.0,0.5,0.5
b7853,-1,question,en,0.0,1.0,0.5,0.5
b7854,-1,question,en,0.0,1.0,0.5,0.5
b7855,-1,question,en,0.0,1.0,0.5,0.5
b7856,-1,question,en,0.0,1.0,0.5,0.5
b7857,-1,question,en,0.0,1.0,0.5,0.5
b1270,181|182|33|24,question,en,0.0,1.0,0.5,0.5
b7838,-1,question,en,0.0,1.0,0.5,0.5
b1273,181|50|184|24,question,en,0.0,1.0,0.5,0.5
b1278,28|29|181|183,question,en,0.0,1.0,0.5,0.5
b1281,183|24|30|182|43,question,en,0.0,1.0,0.5,0.5
b1285,179|38|39|182|181,question,en,0.0,1.0,0.5,0.5
b1293,183|185|24|43,question,en,0.0,1.0,0.5,0.5
b1295,44|30|45|185|181,question,en,0.0,1.0,0.5,0.5
b1296,183|185|24|40,question,en,0.0,1.0,0.5,0.5
b7818,-1,question,en,0.0,1.0,0.5,0.5
b7810,-1,question,en,0.0,1.0,0.5,0.5
b7811,-1,question,en,0.0,1.0,0.5,0.5
b7812,-1,question,en,0.0,1.0,0.5,0.5
b7813,-1,question,en,0.0,1.0,0.5,0.5
b7814,-1,question,en,0.0,1.0,0.5,0.5
b7815,-1,question,en,0.0,1.0,0.5,0.5
b7816,-1,question,en,0.0,1.0,0.5,0.5
b7817,-1,question,en,0.0,1.0,0.5,0.5
b1338,28|184|181|37,question,en,0.0,1.0,0.5,0.5
b7819,-1,question,en,0.0,1.0,0.5,0.5
b7820,-1,question,en,0.0,1.0,0.5,0.5
b7821,-1,question,en,0.0,1.0,0.5,0.5
b7822,-1,question,en,0.0,1.0,0.5,0.5
b7823,-1,question,en,0.0,1.0,0.5,0.5
b7824,-1,question,en,0.0,1.0,0.5,0.5
b7825,-1,question,en,0.0,1.0,0.5,0.5
b8366,-1,question,en,0.0,1.0,0.5,0.5
b1337,181|42|34|185,question,en,0.0,1.0,0.5,0.5
b1333,179|183|24|23|185|25,question,en,0.0,1.0,0.5,0.5
b11404,71,question,en,0.0,1.0,0.5,0.5
b11403,72,question,en,0.0,1.0,0.5,0.5
b11398,88,question,en,0.0,1.0,0.5,0.5
b1326,183|35|30|34|185,question,en,0.0,1.0,0.5,0.5
b1325,38|39|30|185|181,question,en,0.0,1.0,0.5,0.5
b1324,181|185|24|40,question,en,0.0,1.0,0.5,0.5
b1321,28|29|184|185,question,en,0.0,1.0,0.5,0.5
b1318,41|183|181|24,question,en,0.0,1.0,0.5,0.5
b11424,80,question,en,0.0,1.0,0.5,0.5
b11421,77,question,en,0.0,1.0,0.5,0.5
b7841,-1,question,en,0.0,1.0,0.5,0.5
b7840,-1,question,en,0.0,1.0,0.5,0.5
b7839,-1,question,en,0.0,1.0,0.5,0.5
b6658,-1,question,en,0.0,1.0,0.5,0.5
b1613,183|184|57|52|56,question,en,0.0,1.0,0.5,0.5
b7404,78,question,en,0.0,1.0,0.5,0.5
b1740,179|185|181|56|52,question,en,0.0,1.0,0.5,0.5
b1742,181|56|185|54,question,en,0.0,1.0,0.5,0.5
b6659,-1,question,en,0.0,1.0,0.5,0.5
b7386,78,question,en,0.0,1.0,0.5,0.5
b7388,78,question,en,0.0,1.0,0.5,0.5
b7391,78,question,en,0.0,1.0,0.5,0.5
b7392,78,question,en,0.0,1.0,0.5,0.5
b7370,78,question,en,0.0,1.0,0.5,0.5
b7372,78,question,en,0.0,1.0,0.5,0.5
b1608,52|184|181|54,question,en,0.0,1.0,0.5,0.5
b6638,-1,question,en,0.0,1.0,0.5,0.5
b6639,-1,question,en,0.0,1.0,0.5,0.5
b6640,-1,question,en,0.0,1.0,0.5,0.5
b6641,-1,question,en,0.0,1.0,0.5,0.5
b6642,-1,question,en,0.0,1.0,0.5,0.5
b6643,-1,question,en,0.0,1.0,0.5,0.5
b7374,78,question,en,0.0,1.0,0.5,0.5
b1749,53|182|181|55|54,question,en,0.0,1.0,0.5,0.5
b1754,183|184,question,en,0.0,1.0,0.5,0.5
b8440,-1,question,en,0.0,1.0,0.5,0.5
b6656,-1,question,en,0.0,1.0,0.5,0.5
b6657,-1,question,en,0.0,1.0,0.5,0.5
b8442,-1,question,en,0.0,1.0,0.5,0.5
b8443,-1,question,en,0.0,1.0,0.5,0.5
b7366,78,question,en,0.0,1.0,0.5,0.5
b8439,-1,question,en,0.0,1.0,0.5,0.5
b6655,-1,question,en,0.0,1.0,0.5,0.5
b8441,-1,question,en,0.0,1.0,0.5,0.5
b6647,-1,question,en,0.0,1.0,0.5,0.5
b1626,52|183|53|182,question,en,0.0,1.0,0.5,0.5
b6644,-1,question,en,0.0,1.0,0.5,0.5
b6645,-1,question,en,0.0,1.0,0.5,0.5
b6646,-1,question,en,0.0,1.0,0.5,0.5
b6637,-1,question,en,0.0,1.0,0.5,0.5
b6648,-1,question,en,0.0,1.0,0.5,0.5
b6649,-1,question,en,0.0,1.0,0.5,0.5
b6650,-1,question,en,0.0,1.0,0.5,0.5
b6651,-1,question,en,0.0,1.0,0.5,0.5
b6652,-1,question,en,0.0,1.0,0.5,0.5
b6653,-1,question,en,0.0,1.0,0.5,0.5
b6654,-1,question,en,0.0,1.0,0.5,0.5
b1593,181|184|53|54,question,en,0.0,1.0,0.5,0.5
b8410,-1,question,en,0.0,1.0,0.5,0.5
b8411,-1,question,en,0.0,1.0,0.5,0.5
b8412,-1,question,en,0.0,1.0,0.5,0.5
b8413,-1,question,en,0.0,1.0,0.5,0.5
b8414,-1,question,en,0.0,1.0,0.5,0.5
b8415,-1,question,en,0.0,1.0,0.5,0.5
b8416,-1,question,en,0.0,1.0,0.5,0.5
b8426,-1,question,en,0.0,1.0,0.5,0.5
b8427,-1,question,en,0.0,1.0,0.5,0.5
b8428,-1,question,en,0.0,1.0,0.5,0.5
b8429,-1,question,en,0.0,1.0,0.5,0.5
b8430,-1,question,en,0.0,1.0,0.5,0.5
b8431,-1,question,en,0.0,1.0,0.5,0.5
b8433,-1,question,en,0.0,1.0,0.5,0.5
b8396,-1,question,en,0.0,1.0,0.5,0.5
b8397,-1,question,en,0.0,1.0,0.5,0.5
b8398,-1,question,en,0.0,1.0,0.5,0.5
b8399,-1,question,en,0.0,1.0,0.5,0.5
b8400,-1,question,en,0.0,1.0,0.5,0.5
b1587,179|183|184|53|52|54,question,en,0.0,1.0,0.5,0.5
b8432,-1,question,en,0.0,1.0,0.5,0.5
b8434,-1,question,en,0.0,1.0,0.5,0.5
b8435,-1,question,en,0.0,1.0,0.5,0.5
b8436,-1,question,en,0.0,1.0,0.5,0.5
b8437,-1,question,en,0.0,1.0,0.5,0.5
b8438,-1,question,en,0.0,1.0,0.5,0.5
b6629,-1,question,en,0.0,1.0,0.5,0.5
b6622,-1,question,en,0.0,1.0,0.5,0.5
b6623,-1,question,en,0.0,1.0,0.5,0.5
b6624,-1,question,en,0.0,1.0,0.5,0.5
b1605,183|53|182|52|54,question,en,0.0,1.0,0.5,0.5
b7419,76,question,en,0.0,1.0,0.5,0.5
b6628,-1,question,en,0.0,1.0,0.5,0.5
b6621,-1,question,en,0.0,1.0,0.5,0.5
b6630,-1,question,en,0.0,1.0,0.5,0.5
b6631,-1,question,en,0.0,1.0,0.5,0.5
b6632,-1,question,en,0.0,1.0,0.5,0.5
b6633,-1,question,en,0.0,1.0,0.5,0.5
b6634,-1,question,en,0.0,1.0,0.5,0.5
b6635,-1,question,en,0.0,1.0,0.5,0.5
b6636,-1,question,en,0.0,1.0,0.5,0.5
b6620,-1,question,en,0.0,1.0,0.5,0.5
b6619,-1,question,en,0.0,1.0,0.5,0.5
b6618,-1,question,en,0.0,1.0,0.5,0.5
b6617,-1,question,en,0.0,1.0,0.5,0.5
b6616,-1,question,en,0.0,1.0,0.5,0.5
b6615,-1,question,en,0.0,1.0,0.5,0.5
b6614,-1,question,en,0.0,1.0,0.5,0.5
b6613,-1,question,en,0.0,1.0,0.5,0.5
b6612,-1,question,en,0.0,1.0,0.5,0.5
b1757,181|56|185|52,question,en,0.0,1.0,0.5,0.5
b1600,183|184|53|54|58,question,en,0.0,1.0,0.5,0.5
b8445,-1,question,en,0.0,1.0,0.5,0.5
b1655,183|53|182|52|56,question,en,0.0,1.0,0.5,0.5
b7338,83,question,en,0.0,1.0,0.5,0.5
b8444,-1,question,en,0.0,1.0,0.5,0.5
b8446,-1,question,en,0.0,1.0,0.5,0.5
b8447,-1,question,en,0.0,1.0,0.5,0.5
b1711,53|182|181|55|54,question,en,0.0,1.0,0.5,0.5
b6991,78,question,en,0.0,1.0,0.5,0.5
b6993,78,question,en,0.0,1.0,0.5,0.5
b6996,78,question,en,0.0,1.0,0.5,0.5
b6973,90,question,en,0.0,1.0,0.5,0.5
b6977,-1,question,en,0.0,1.0,0.5,0.5
b6980,78,question,en,0.0,1.0,0.5,0.5
b6955,73,question,en,0.0,1.0,0.5,0.5
b6956,119,question,en,0.0,1.0,0.5,0.5
b6964,-1,question,en,0.0,1.0,0.5,0.5
b6966,119,question,en,0.0,1.0,0.5,0.5
b6938,87,question,en,0.0,1.0,0.5,0.5
b6940,119,question,en,0.0,1.0,0.5,0.5
b6941,87,question,en,0.0,1.0,0.5,0.5
b93,22|2|183,question,en,0.0,1.0,0.5,0.5
b1704,183|53|182|52|58,question,en,0.0,1.0,0.5,0.5
b6986,78,question,en,0.0,1.0,0.5,0.5
b3152,106,question,en,0.0,1.0,0.5,0.5
b75,181|7|6,question,en,0.0,1.0,0.5,0.5
b83,7|185|6,question,en,0.0,1.0,0.5,0.5
b1669,181|185|52|54|58,question,en,0.0,1.0,0.5,0.5
b3588,110,question,en,0.0,1.0,0.5,0.5
b3564,78,question,en,0.0,1.0,0.5,0.5
b3539,74,question,en,0.0,1.0,0.5,0.5
b3514,74,question,en,0.0,1.0,0.5,0.5
b3476,74,question,en,0.0,1.0,0.5,0.5
b3466,74,question,en,0.0,1.0,0.5,0.5
b8540,74|76|77|143,question,en,0.0,1.0,0.5,0.5
b8450,-1,question,en,0.0,1.0,0.5,0.5
b8448,-1,question,en,0.0,1.0,0.5,0.5
b8449,-1,question,en,0.0,1.0,0.5,0.5
b1651,183|182|52|56|55,question,en,0.0,1.0,0.5,0.5
b8451,-1,question,en,0.0,1.0,0.5,0.5
b6675,-1,question,en,0.0,1.0,0.5,0.5
b6667,-1,question,en,0.0,1.0,0.5,0.5
b6668,-1,question,en,0.0,1.0,0.5,0.5
b6669,-1,question,en,0.0,1.0,0.5,0.5
b6670,-1,question,en,0.0,1.0,0.5,0.5
b6671,-1,question,en,0.0,1.0,0.5,0.5
b6672,-1,question,en,0.0,1.0,0.5,0.5
b6673,-1,question,en,0.0,1.0,0.5,0.5
b6674,-1,question,en,0.0,1.0,0.5,0.5
b6666,-1,question,en,0.0,1.0,0.5,0.5
b1641,183|53|182|52|54,question,en,0.0,1.0,0.5,0.5
b8461,-1,question,en,0.0,1.0,0.5,0.5
b1633,183|53|182|55|56,question,en,0.0,1.0,0.5,0.5
b1628,183|182|52|56|54,question,en,0.0,1.0,0.5,0.5
b1629,52|183|182,question,en,0.0,1.0,0.5,0.5
b8462,-1,question,en,0.0,1.0,0.5,0.5
b1634,183|53|182|55|54,question,en,0.0,1.0,0.5,0.5
b6662,-1,question,en,0.0,1.0,0.5,0.5
b6663,-1,question,en,0.0,1.0,0.5,0.5
b6664,-1,question,en,0.0,1.0,0.5,0.5
b6665,-1,question,en,0.0,1.0,0.5,0.5
b6937,-1,question,en,0.0,1.0,0.5,0.5
b6948,87,question,en,0.0,1.0,0.5,0.5
b8463,-1,question,en,0.0,1.0,0.5,0.5
b6933,87,question,en,0.0,1.0,0.5,0.5
b6935,119,question,en,0.0,1.0,0.5,0.5
b6936,-1,question,en,0.0,1.0,0.5,0.5
b6946,-1,question,en,0.0,1.0,0.5,0.5
b8459,-1,question,en,0.0,1.0,0.5,0.5
b8460,-1,question,en,0.0,1.0,0.5,0.5
b8395,-1,question,en,0.0,1.0,0.5,0.5
b6944,-1,question,en,0.0,1.0,0.5,0.5
b1646,52|183|182|54,question,en,0.0,1.0,0.5,0.5
b6661,-1,question,en,0.0,1.0,0.5,0.5
b6660,-1,question,en,0.0,1.0,0.5,0.5
b6781,85,question,en,0.0,1.0,0.5,0.5
b6779,85,question,en,0.0,1.0,0.5,0.5
b6845,84,question,en,0.0,1.0,0.5,0.5
b1720,184|181|53|52|54,question,en,0.0,1.0,0.5,0.5
b1865,54|182|67|58,question,en,0.0,1.0,0.5,0.5
b6053,78,question,en,0.0,1.0,0.5,0.5
b11299,71,question,en,0.0,1.0,0.5,0.5
b11308,85,question,en,0.0,1.0,0.5,0.5
b11284,74,question,en,0.0,1.0,0.5,0.5
b11291,105,question,en,0.0,1.0,0.5,0.5
b11276,-1,question,en,0.0,1.0,0.5,0.5
b1872,52|54|182|67,question,en,0.0,1.0,0.5,0.5
b8384,-1,question,en,0.0,1.0,0.5,0.5
b8385,-1,question,en,0.0,1.0,0.5,0.5
b8386,-1,question,en,0.0,1.0,0.5,0.5
b8387,-1,question,en,0.0,1.0,0.5,0.5
b11278,-1,question,en,0.0,1.0,0.5,0.5
b6044,121,question,en,0.0,1.0,0.5,0.5
b11277,-1,question,en,0.0,1.0,0.5,0.5
b8388,-1,question,en,0.0,1.0,0.5,0.5
b1879,183|53|60|52|54,question,en,0.0,1.0,0.5,0.5
b1857,182|52|56|55|62,question,en,0.0,1.0,0.5,0.5
b8406,-1,question,en,0.0,1.0,0.5,0.5
b8407,-1,question,en,0.0,1.0,0.5,0.5
b8408,-1,question,en,0.0,1.0,0.5,0.5
b8409,-1,question,en,0.0,1.0,0.5,0.5
b1862,182|59|52|56|58,question,en,0.0,1.0,0.5,0.5
b1863,182|59|56|54|58,question,en,0.0,1.0,0.5,0.5
b8405,-1,question,en,0.0,1.0,0.5,0.5
b1849,64|182|52|56|54,question,en,0.0,1.0,0.5,0.5
b8380,-1,question,en,0.0,1.0,0.5,0.5
b8389,-1,question,en,0.0,1.0,0.5,0.5
b8390,-1,question,en,0.0,1.0,0.5,0.5
b8391,-1,question,en,0.0,1.0,0.5,0.5
b8392,-1,question,en,0.0,1.0,0.5,0.5
b8393,-1,question,en,0.0,1.0,0.5,0.5
b7529,85,question,en,0.0,1.0,0.5,0.5
b8378,-1,question,en,0.0,1.0,0.5,0.5
b8379,-1,question,en,0.0,1.0,0.5,0.5
b1885,185|59|52|56|54,question,en,0.0,1.0,0.5,0.5
b8381,-1,question,en,0.0,1.0,0.5,0.5
b8382,-1,question,en,0.0,1.0,0.5,0.5
b8383,-1,question,en,0.0,1.0,0.5,0.5
b8401,-1,question,en,0.0,1.0,0.5,0.5
b8402,-1,question,en,0.0,1.0,0.5,0.5
b8403,-1,question,en,0.0,1.0,0.5,0.5
b8404,-1,question,en,0.0,1.0,0.5,0.5
b5753,74,question,en,0.0,1.0,0.5,0.5
b1506,183|184|52|54|58,question,en,0.0,1.0,0.5,0.5
b1507,181|185|52|55|58,question,en,0.0,1.0,0.5,0.5
b6011,95,question,en,0.0,1.0,0.5,0.5
b6015,121,question,en,0.0,1.0,0.5,0.5
b1504,52|185|181|58,question,en,0.0,1.0,0.5,0.5
b5760,74,question,en,0.0,1.0,0.5,0.5
b5706,147|148|150|146|176|153|149,question,en,0.0,1.0,0.5,0.5
b6027,121,question,en,0.0,1.0,0.5,0.5
b6029,119,question,en,0.0,1.0,0.5,0.5
b6032,119,question,en,0.0,1.0,0.5,0.5
b6035,90,question,en,0.0,1.0,0.5,0.5
b6005,121,question,en,0.0,1.0,0.5,0.5
b8367,-1,question,en,0.0,1.0,0.5,0.5
b8368,-1,question,en,0.0,1.0,0.5,0.5
b1500,179|183|185|52|54|58,question,en,0.0,1.0,0.5,0.5
b1501,183|184|53|52|58,question,en,0.0,1.0,0.5,0.5
b11274,-1,question,en,0.0,1.0,0.5,0.5
b11272,-1,question,en,0.0,1.0,0.5,0.5
b1889,183,question,en,0.0,1.0,0.5,0.5
b11270,-1,question,en,0.0,1.0,0.5,0.5
b11271,-1,question,en,0.0,1.0,0.5,0.5
b11273,-1,question,en,0.0,1.0,0.5,0.5
b1523,183|184|53|57|181|52,question,en,0.0,1.0,0.5,0.5
b1850,53|182|59|56|54,question,en,0.0,1.0,0.5,0.5
b1517,186|185|52|54|58,question,en,0.0,1.0,0.5,0.5
b6026,90,question,en,0.0,1.0,0.5,0.5
b6025,87,question,en,0.0,1.0,0.5,0.5
b6024,90,question,en,0.0,1.0,0.5,0.5
b1896,183|64|52|56|55,question,en,0.0,1.0,0.5,0.5
b11275,-1,question,en,0.0,1.0,0.5,0.5
b6584,-1,question,en,0.0,1.0,0.5,0.5
b6611,-1,question,en,0.0,1.0,0.5,0.5
b1768,179|53|182|181|54|52,question,en,0.0,1.0,0.5,0.5
b6580,-1,question,en,0.0,1.0,0.5,0.5
b6581,-1,question,en,0.0,1.0,0.5,0.5
b6582,-1,question,en,0.0,1.0,0.5,0.5
b6583,-1,question,en,0.0,1.0,0.5,0.5
b6610,-1,question,en,0.0,1.0,0.5,0.5
b6585,-1,question,en,0.0,1.0,0.5,0.5
b6586,-1,question,en,0.0,1.0,0.5,0.5
b6587,-1,question,en,0.0,1.0,0.5,0.5
b6588,-1,question,en,0.0,1.0,0.5,0.5
b6589,-1,question,en,0.0,1.0,0.5,0.5
b1577,183|57|182|52|55,question,en,0.0,1.0,0.5,0.5
b6565,-1,question,en,0.0,1.0,0.5,0.5
b1778,183|182,question,en,0.0,1.0,0.5,0.5
b1780,183|184,question,en,0.0,1.0,0.5,0.5
b1782,183|182,question,en,0.0,1.0,0.5,0.5
b6564,-1,question,en,0.0,1.0,0.5,0.5
b1570,183|53|185|55|56,question,en,0.0,1.0,0.5,0.5
b1571,181|183|53|52,question,en,0.0,1.0,0.5,0.5
b6609,-1,question,en,0.0,1.0,0.5,0.5
b6604,-1,question,en,0.0,1.0,0.5,0.5
b6596,-1,question,en,0.0,1.0,0.5,0.5
b6597,-1,question,en,0.0,1.0,0.5,0.5
b6598,-1,question,en,0.0,1.0,0.5,0.5
b6599,-1,question,en,0.0,1.0,0.5,0.5
b6600,-1,question,en,0.0,1.0,0.5,0.5
b6601,-1,question,en,0.0,1.0,0.5,0.5
b6602,-1,question,en,0.0,1.0,0.5,0.5
b6603,-1,question,en,0.0,1.0,0.5,0.5
b6627,-1,question,en,0.0,1.0,0.5,0.5
b6605,-1,question,en,0.0,1.0,0.5,0.5
b6606,-1,question,en,0.0,1.0,0.5,0.5
b6607,-1,question,en,0.0,1.0,0.5,0.5
b6608,-1,question,en,0.0,1.0,0.5,0.5
b8424,-1,question,en,0.0,1.0,0.5,0.5
b8425,-1,question,en,0.0,1.0,0.5,0.5
b8394,-1,question,en,0.0,1.0,0.5,0.5
b6626,-1,question,en,0.0,1.0,0.5,0.5
b6625,-1,question,en,0.0,1.0,0.5,0.5
b8423,-1,question,en,0.0,1.0,0.5,0.5
b8422,-1,question,en,0.0,1.0,0.5,0.5
b8421,-1,question,en,0.0,1.0,0.5,0.5
b8420,-1,question,en,0.0,1.0,0.5,0.5
b8419,-1,question,en,0.0,1.0,0.5,0.5
b8418,-1,question,en,0.0,1.0,0.5,0.5
b8417,-1,question,en,0.0,1.0,0.5,0.5
b1584,179|183|184|52|56|54,question,en,0.0,1.0,0.5,0.5
b1578,183|57|182|52|55,question,en,0.0,1.0,0.5,0.5
b6561,-1,question,en,0.0,1.0,0.5,0.5
b1800,57|60|181|56|54,question,en,0.0,1.0,0.5,0.5
b1555,183|57|182|56|54,question,en,0.0,1.0,0.5,0.5
b6559,-1,question,en,0.0,1.0,0.5,0.5
b6560,-1,question,en,0.0,1.0,0.5,0.5
b1799,183|57|59|52|54,question,en,0.0,1.0,0.5,0.5
b6562,-1,question,en,0.0,1.0,0.5,0.5
b6563,-1,question,en,0.0,1.0,0.5,0.5
b1788,179|183|182|52|56,question,en,0.0,1.0,0.5,0.5
b1784,179|183|184|52|56|54,question,en,0.0,1.0,0.5,0.5
b1832,179|69|185|52|56|54,question,en,0.0,1.0,0.5,0.5
b1838,183,question,en,0.0,1.0,0.5,0.5
b1550,183|182|52|56|58,question,en,0.0,1.0,0.5,0.5
b6557,-1,question,en,0.0,1.0,0.5,0.5
b1817,179|184|60|52|54,question,en,0.0,1.0,0.5,0.5
b1566,52|183|185|54,question,en,0.0,1.0,0.5,0.5
b1558,183|53|57|182|52,question,en,0.0,1.0,0.5,0.5
b1563,183|57|182|52|56,question,en,0.0,1.0,0.5,0.5
b6590,-1,question,en,0.0,1.0,0.5,0.5
b6591,-1,question,en,0.0,1.0,0.5,0.5
b6592,-1,question,en,0.0,1.0,0.5,0.5
b6593,-1,question,en,0.0,1.0,0.5,0.5
b6594,-1,question,en,0.0,1.0,0.5,0.5
b6595,-1,question,en,0.0,1.0,0.5,0.5
b6579,-1,question,en,0.0,1.0,0.5,0.5
b6578,-1,question,en,0.0,1.0,0.5,0.5
b6577,-1,question,en,0.0,1.0,0.5,0.5
b6576,-1,question,en,0.0,1.0,0.5,0.5
b6575,-1,question,en,0.0,1.0,0.5,0.5
b6574,-1,question,en,0.0,1.0,0.5,0.5
b6573,-1,question,en,0.0,1.0,0.5,0.5
b6572,-1,question,en,0.0,1.0,0.5,0.5
b6571,-1,question,en,0.0,1.0,0.5,0.5
b6570,-1,question,en,0.0,1.0,0.5,0.5
b6569,-1,question,en,0.0,1.0,0.5,0.5
b6568,-1,question,en,0.0,1.0,0.5,0.5
b6567,-1,question,en,0.0,1.0,0.5,0.5
b6566,-1,question,en,0.0,1.0,0.5,0.5
b6558,-1,question,en,0.0,1.0,0.5,0.5
b4755,99,question,en,0.0,1.0,0.5,0.5
b443,181|184|24|43,question,en,0.0,1.0,0.5,0.5
b11613,86,question,en,0.0,1.0,0.5,0.5
b450,181|42|34|185,question,en,0.0,1.0,0.5,0.5
b459,39|184|182|38,question,en,0.0,1.0,0.5,0.5
b460,181|182|24|43,question,en,0.0,1.0,0.5,0.5
b462,50|183|184|24,question,en,0.0,1.0,0.5,0.5
b463,179|184|27|38|39|181,question,en,0.0,1.0,0.5,0.5
b464,179|183|35|34|181,question,en,0.0,1.0,0.5,0.5
b441,183|31|32|185,question,en,0.0,1.0,0.5,0.5
b8554,143|80|77|138,question,en,0.0,1.0,0.5,0.5
b5084,119,question,en,0.0,1.0,0.5,0.5
b4959,106,question,en,0.0,1.0,0.5,0.5
b4952,74,question,en,0.0,1.0,0.5,0.5
b4893,80,question,en,0.0,1.0,0.5,0.5
b4837,74,question,en,0.0,1.0,0.5,0.5
b4839,74,question,en,0.0,1.0,0.5,0.5
b4841,74,question,en,0.0,1.0,0.5,0.5
b438,183|31|32|30|185,question,en,0.0,1.0,0.5,0.5
b437,183|31|32|185,question,en,0.0,1.0,0.5,0.5
b436,28|42|181|183,question,en,0.0,1.0,0.5,0.5
b434,181|185|31|32,question,en,0.0,1.0,0.5,0.5
b4727,121,question,en,0.0,1.0,0.5,0.5
b4750,75,question,en,0.0,1.0,0.5,0.5
b4746,118,question,en,0.0,1.0,0.5,0.5
b433,181|183|24|40,question,en,0.0,1.0,0.5,0.5
b429,35|30|185|34|181,question,en,0.0,1.0,0.5,0.5
b426,185|184|34|35,question,en,0.0,1.0,0.5,0.5
b422,24|23|185|181|33,question,en,0.0,1.0,0.5,0.5
b4513,98,question,en,0.0,1.0,0.5,0.5
b4537,84,question,en,0.0,1.0,0.5,0.5
b4568,103,question,en,0.0,1.0,0.5,0.5
b4583,103,question,en,0.0,1.0,0.5,0.5
b5217,179|85|-1|83|122,question,en,0.0,1.0,0.5,0.5
b5200,179|76|77|87|143,question,en,0.0,1.0,0.5,0.5
b5126,143|85|77|78,question,en,0.0,1.0,0.5,0.5
b488,28|179|183|30|29|182,question,en,0.0,1.0,0.5,0.5
b8552,85|119|143|138,question,en,0.0,1.0,0.5,0.5
b4610,87,question,en,0.0,1.0,0.5,0.5
b487,183|182|24|40,question,en,0.0,1.0,0.5,0.5
b485,184|35|30|34|182,question,en,0.0,1.0,0.5,0.5
b483,184|182|24|43,question,en,0.0,1.0,0.5,0.5
b482,179|183|46|181|47,question,en,0.0,1.0,0.5,0.5
b481,184|42|30|34|181,question,en,0.0,1.0,0.5,0.5
b480,182|184|24|43,question,en,0.0,1.0,0.5,0.5
b472,181|42|34|182,question,en,0.0,1.0,0.5,0.5
b465,28|29|184|181,question,en,0.0,1.0,0.5,0.5
b4812,74,question,en,0.0,1.0,0.5,0.5
b4806,74,question,en,0.0,1.0,0.5,0.5
b4827,74,question,en,0.0,1.0,0.5,0.5
b4825,74,question,en,0.0,1.0,0.5,0.5
b2873,98,question,en,0.0,1.0,0.5,0.5
b2867,83,question,en,0.0,1.0,0.5,0.5
b4843,74,question,en,0.0,1.0,0.5,0.5
b11656,150|146|177|153|149,question,en,0.0,1.0,0.5,0.5
b381,181|183|31|32,question,en,0.0,1.0,0.5,0.5
b385,41|183|185|24,question,en,0.0,1.0,0.5,0.5
b11654,177|153|146,question,en,0.0,1.0,0.5,0.5
b11655,148|177|157|153,question,en,0.0,1.0,0.5,0.5
b4425,74,question,en,0.0,1.0,0.5,0.5
b11657,148|150|177|157|153,question,en,0.0,1.0,0.5,0.5
b11658,170|177|149|153,question,en,0.0,1.0,0.5,0.5
b387,181|185|34|35,question,en,0.0,1.0,0.5,0.5
b389,50|184|185|24,question,en,0.0,1.0,0.5,0.5
b392,181|183|31|32,question,en,0.0,1.0,0.5,0.5
b4422,74,question,en,0.0,1.0,0.5,0.5
b4421,74,question,en,0.0,1.0,0.5,0.5
b4439,84,question,en,0.0,1.0,0.5,0.5
b4435,-1,question,en,0.0,1.0,0.5,0.5
b4477,84,question,en,0.0,1.0,0.5,0.5
b4472,84,question,en,0.0,1.0,0.5,0.5
b4495,84,question,en,0.0,1.0,0.5,0.5
b379,181|32|31|185,question,en,0.0,1.0,0.5,0.5
b377,31|32|30|185|181,question,en,0.0,1.0,0.5,0.5
b11659,167,question,en,0.0,1.0,0.5,0.5
b4667,120,question,en,0.0,1.0,0.5,0.5
b412,42|31|184|183,question,en,0.0,1.0,0.5,0.5
b416,28|30|29|185|181,question,en,0.0,1.0,0.5,0.5
b418,183|35|30|34|181,question,en,0.0,1.0,0.5,0.5
b419,42|34|183|185,question,en,0.0,1.0,0.5,0.5
b421,181|184|47|46,question,en,0.0,1.0,0.5,0.5
b4736,119,question,en,0.0,1.0,0.5,0.5
b4660,72,question,en,0.0,1.0,0.5,0.5
b4662,95,question,en,0.0,1.0,0.5,0.5
b409,181|185|24|43,question,en,0.0,1.0,0.5,0.5
b4654,72,question,en,0.0,1.0,0.5,0.5
b4615,119,question,en,0.0,1.0,0.5,0.5
b4622,119,question,en,0.0,1.0,0.5,0.5
b2909,98,question,en,0.0,1.0,0.5,0.5
b2922,84,question,en,0.0,1.0,0.5,0.5
b2923,98,question,en,0.0,1.0,0.5,0.5
b4597,73,question,en,0.0,1.0,0.5,0.5
b2834,83,question,en,0.0,1.0,0.5,0.5
b407,181|184|34|35,question,en,0.0,1.0,0.5,0.5
b404,181|185|24|40,question,en,0.0,1.0,0.5,0.5
b11652,130,question,en,0.0,1.0,0.5,0.5
b11651,76,question,en,0.0,1.0,0.5,0.5
b11650,85,question,en,0.0,1.0,0.5,0.5
b11649,83,question,en,0.0,1.0,0.5,0.5
b11648,77,question,en,0.0,1.0,0.5,0.5
b11647,135,question,en,0.0,1.0,0.5,0.5
b11646,105,question,en,0.0,1.0,0.5,0.5
b11645,76,question,en,0.0,1.0,0.5,0.5
b11644,74,question,en,0.0,1.0,0.5,0.5
b11643,83,question,en,0.0,1.0,0.5,0.5
b396,185|184|34|35,question,en,0.0,1.0,0.5,0.5
b395,35|30|185|34|181,question,en,0.0,1.0,0.5,0.5
b393,183|30|185|36|37,question,en,0.0,1.0,0.5,0.5
b5297,150|159|177|156|153,question,en,0.0,1.0,0.5,0.5
b5303,-1,question,en,0.0,1.0,0.5,0.5
b5304,-1,question,en,0.0,1.0,0.5,0.5
b579,28|29|184|181,question,en,0.0,1.0,0.5,0.5
b582,181|183|34|35,question,en,0.0,1.0,0.5,0.5
b585,183|182|33|24,question,en,0.0,1.0,0.5,0.5
b586,181|42|34|182,question,en,0.0,1.0,0.5,0.5
b587,181|183|36|37,question,en,0.0,1.0,0.5,0.5
b588,183|182|24|25,question,en,0.0,1.0,0.5,0.5
b594,181|50|184|24,question,en,0.0,1.0,0.5,0.5
b595,184|27|24|181|25,question,en,0.0,1.0,0.5,0.5
b2684,76,question,en,0.0,1.0,0.5,0.5
b573,184|47|46|182,question,en,0.0,1.0,0.5,0.5
b572,184|31|32|30|181,question,en,0.0,1.0,0.5,0.5
b5272,-1,question,en,0.0,1.0,0.5,0.5
b5271,-1,question,en,0.0,1.0,0.5,0.5
b571,183|24|40|30|182,question,en,0.0,1.0,0.5,0.5
b569,183|182|48|24,question,en,0.0,1.0,0.5,0.5
b567,182|184|26|24,question,en,0.0,1.0,0.5,0.5
b564,181|182|24|43,question,en,0.0,1.0,0.5,0.5
b562,183|31|32|30|181,question,en,0.0,1.0,0.5,0.5
b560,179|183|42|34|182,question,en,0.0,1.0,0.5,0.5
b557,181|39|183|38,question,en,0.0,1.0,0.5,0.5
b2611,90,question,en,0.0,1.0,0.5,0.5
b5302,-1,question,en,0.0,1.0,0.5,0.5
b8011,184,question,en,0.0,1.0,0.5,0.5
b2600,95,question,en,0.0,1.0,0.5,0.5
b2603,87,question,en,0.0,1.0,0.5,0.5
b2605,120,question,en,0.0,1.0,0.5,0.5
b2606,87,question,en,0.0,1.0,0.5,0.5
b5310,150|164|159|162|178|156|153|149,question,en,0.0,1.0,0.5,0.5
b610,183|38|39|30|181,question,en,0.0,1.0,0.5,0.5
b611,183|184|26|24,question,en,0.0,1.0,0.5,0.5
b613,184|31|32|182,question,en,0.0,1.0,0.5,0.5
b614,181|184|24|43,question,en,0.0,1.0,0.5,0.5
b616,181|36|37|182,question,en,0.0,1.0,0.5,0.5
b556,183|184|24|40|30,question,en,0.0,1.0,0.5,0.5
b2641,84,question,en,0.0,1.0,0.5,0.5
b2625,122,question,en,0.0,1.0,0.5,0.5
b2624,95,question,en,0.0,1.0,0.5,0.5
b2623,90,question,en,0.0,1.0,0.5,0.5
b608,179|44|183|45|181,question,en,0.0,1.0,0.5,0.5
b603,182|184|24|40,question,en,0.0,1.0,0.5,0.5
b602,181|184|24|40,question,en,0.0,1.0,0.5,0.5
b600,184|24|23|181|33,question,en,0.0,1.0,0.5,0.5
b598,183|182|48|24,question,en,0.0,1.0,0.5,0.5
b522,181|183|33|24,question,en,0.0,1.0,0.5,0.5
b503,181|183|36|37,question,en,0.0,1.0,0.5,0.5
b504,50|183|182|24,question,en,0.0,1.0,0.5,0.5
b510,182|184|34|35,question,en,0.0,1.0,0.5,0.5
b511,181|184|36|37,question,en,0.0,1.0,0.5,0.5
b512,179|183|24|181|33,question,en,0.0,1.0,0.5,0.5
b513,183|185|24|43,question,en,0.0,1.0,0.5,0.5
b515,184|185|26|24,question,en,0.0,1.0,0.5,0.5
b517,181|185|24|25,question,en,0.0,1.0,0.5,0.5
b502,181|42|34|182,question,en,0.0,1.0,0.5,0.5
b11574,77,question,en,0.0,1.0,0.5,0.5
b2773,-1,question,en,0.0,1.0,0.5,0.5
b5264,-1,question,en,0.0,1.0,0.5,0.5
b5265,-1,question,en,0.0,1.0,0.5,0.5
b5266,-1,question,en,0.0,1.0,0.5,0.5
b501,183|182|34|35,question,en,0.0,1.0,0.5,0.5
b498,183|24|30|181|25,question,en,0.0,1.0,0.5,0.5
b494,181|183|36|37,question,en,0.0,1.0,0.5,0.5
b2801,98,question,en,0.0,1.0,0.5,0.5
b2793,106,question,en,0.0,1.0,0.5,0.5
b2789,106,question,en,0.0,1.0,0.5,0.5
b2777,106,question,en,0.0,1.0,0.5,0.5
b2776,96,question,en,0.0,1.0,0.5,0.5
b2775,106,question,en,0.0,1.0,0.5,0.5
b5227,169|155|177|156|153,question,en,0.0,1.0,0.5,0.5
b536,179|183|38|39|30|181,question,en,0.0,1.0,0.5,0.5
b551,28|29|184|183,question,en,0.0,1.0,0.5,0.5
b549,181|44|45|182,question,en,0.0,1.0,0.5,0.5
b548,184|24|30|182|43,question,en,0.0,1.0,0.5,0.5
b2756,71,question,en,0.0,1.0,0.5,0.5
b2755,71,question,en,0.0,1.0,0.5,0.5
b2752,132,question,en,0.0,1.0,0.5,0.5
b2750,71,question,en,0.0,1.0,0.5,0.5
b5273,-1,question,en,0.0,1.0,0.5,0.5
b544,42|184|34|182,question,en,0.0,1.0,0.5,0.5
b537,183|185|24|40,question,en,0.0,1.0,0.5,0.5
b369,183|184|24|40,question,en,0.0,1.0,0.5,0.5
b535,183|184|34|35,question,en,0.0,1.0,0.5,0.5
b533,28|184|30|29|185,question,en,0.0,1.0,0.5,0.5
b5270,-1,question,en,0.0,1.0,0.5,0.5
b5269,-1,question,en,0.0,1.0,0.5,0.5
b5268,-1,question,en,0.0,1.0,0.5,0.5
b5267,-1,question,en,0.0,1.0,0.5,0.5
b8456,-1,question,en,0.0,1.0,0.5,0.5
b202,181|185|24|40,question,en,0.0,1.0,0.5,0.5
b207,24|51|182|181|33,question,en,0.0,1.0,0.5,0.5
b8455,-1,question,en,0.0,1.0,0.5,0.5
b8452,-1,question,en,0.0,1.0,0.5,0.5
b1683,52|183|182|54,question,en,0.0,1.0,0.5,0.5
b8454,-1,question,en,0.0,1.0,0.5,0.5
b8453,-1,question,en,0.0,1.0,0.5,0.5
b3975,106,question,en,0.0,1.0,0.5,0.5
b3971,96,question,en,0.0,1.0,0.5,0.5
b3994,86,question,en,0.0,1.0,0.5,0.5
b4050,82,question,en,0.0,1.0,0.5,0.5
b223,185|36|37|183,question,en,0.0,1.0,0.5,0.5
b210,181|185|32|36,question,en,0.0,1.0,0.5,0.5
b211,28|29|181|183,question,en,0.0,1.0,0.5,0.5
b213,183|27|24|40|185,question,en,0.0,1.0,0.5,0.5
b214,185|31|32|183,question,en,0.0,1.0,0.5,0.5
b215,183|35|30|34|185,question,en,0.0,1.0,0.5,0.5
b219,44|45|185|184,question,en,0.0,1.0,0.5,0.5
b221,185|36|37|183,question,en,0.0,1.0,0.5,0.5
b222,181|183|33|24,question,en,0.0,1.0,0.5,0.5
b11775,181|183|34|35,question,en,0.0,1.0,0.5,0.5
b224,28|185|32|183,question,en,0.0,1.0,0.5,0.5
b225,35|30|185|34|181,question,en,0.0,1.0,0.5,0.5
b11751,183|184|24|43,question,en,0.0,1.0,0.5,0.5
b11752,28|29|181|183,question,en,0.0,1.0,0.5,0.5
b11753,181|39|184|38,question,en,0.0,1.0,0.5,0.5
b11754,183|182|24|25,question,en,0.0,1.0,0.5,0.5
b11755,181|50|184|24,question,en,0.0,1.0,0.5,0.5
b4066,98,question,en,0.0,1.0,0.5,0.5
b11774,183|36|37|182,question,en,0.0,1.0,0.5,0.5
b11773,50|183|184|24,question,en,0.0,1.0,0.5,0.5
b11772,39|183|182|38,question,en,0.0,1.0,0.5,0.5
b11771,181|42|34|182,question,en,0.0,1.0,0.5,0.5
b11770,181|184|24|25,question,en,0.0,1.0,0.5,0.5
b11769,28|29|181|182,question,en,0.0,1.0,0.5,0.5
b11768,181|184|26|24,question,en,0.0,1.0,0.5,0.5
b11767,181|183|48|24,question,en,0.0,1.0,0.5,0.5
b11766,181|184|24|40,question,en,0.0,1.0,0.5,0.5
b11765,183|182|34|35,question,en,0.0,1.0,0.5,0.5
b3356,78,question,en,0.0,1.0,0.5,0.5
b3225,71,question,en,0.0,1.0,0.5,0.5
b3228,71,question,en,0.0,1.0,0.5,0.5
b8531,98|119|77|143,question,en,0.0,1.0,0.5,0.5
b3148,78,question,en,0.0,1.0,0.5,0.5
b3429,72,question,en,0.0,1.0,0.5,0.5
b3349,71,question,en,0.0,1.0,0.5,0.5
b3214,71,question,en,0.0,1.0,0.5,0.5
b3338,74,question,en,0.0,1.0,0.5,0.5
b3255,71,question,en,0.0,1.0,0.5,0.5
b3259,71,question,en,0.0,1.0,0.5,0.5
b3260,71,question,en,0.0,1.0,0.5,0.5
b3977,82,question,en,0.0,1.0,0.5,0.5
b3981,82,question,en,0.0,1.0,0.5,0.5
b3982,86,question,en,0.0,1.0,0.5,0.5
b3962,103,question,en,0.0,1.0,0.5,0.5
b3234,71,question,en,0.0,1.0,0.5,0.5
b3253,71,question,en,0.0,1.0,0.5,0.5
b3252,83,question,en,0.0,1.0,0.5,0.5
b3250,71,question,en,0.0,1.0,0.5,0.5
b3249,71,question,en,0.0,1.0,0.5,0.5
b3245,71,question,en,0.0,1.0,0.5,0.5
b17,183|2|19,question,en,0.0,1.0,0.5,0.5
b30,179|2|13|182,question,en,0.0,1.0,0.5,0.5
b3146,81,question,en,0.0,1.0,0.5,0.5
b3136,81,question,en,0.0,1.0,0.5,0.5
b3156,98,question,en,0.0,1.0,0.5,0.5
b4113,84,question,en,0.0,1.0,0.5,0.5
b147,183|7|17,question,en,0.0,1.0,0.5,0.5
b148,14|2|182,question,en,0.0,1.0,0.5,0.5
b50,179|7|17|182,question,en,0.0,1.0,0.5,0.5
b155,7|182|10,question,en,0.0,1.0,0.5,0.5
b4136,98,question,en,0.0,1.0,0.5,0.5
b4137,84,question,en,0.0,1.0,0.5,0.5
b4111,84,question,en,0.0,1.0,0.5,0.5
b138,179|7|182|10,question,en,0.0,1.0,0.5,0.5
b4086,80,question,en,0.0,1.0,0.5,0.5
b4088,80,question,en,0.0,1.0,0.5,0.5
b4068,84,question,en,0.0,1.0,0.5,0.5
b4073,98,question,en,0.0,1.0,0.5,0.5
b4078,84,question,en,0.0,1.0,0.5,0.5
b4059,84,question,en,0.0,1.0,0.5,0.5
b4061,84,question,en,0.0,1.0,0.5,0.5
b11756,183|31|32|182,question,en,0.0,1.0,0.5,0.5
b117,181|7|10,question,en,0.0,1.0,0.5,0.5
b102,179|22|2|183,question,en,0.0,1.0,0.5,0.5
b101,182|2|8,question,en,0.0,1.0,0.5,0.5
b3633,83,question,en,0.0,1.0,0.5,0.5
b3639,76,question,en,0.0,1.0,0.5,0.5
b3638,74,question,en,0.0,1.0,0.5,0.5
b3676,74,question,en,0.0,1.0,0.5,0.5
b3672,74,question,en,0.0,1.0,0.5,0.5
b3784,95,question,en,0.0,1.0,0.5,0.5
b3810,93,question,en,0.0,1.0,0.5,0.5
b3808,93,question,en,0.0,1.0,0.5,0.5
b3935,99,question,en,0.0,1.0,0.5,0.5
b3108,83,question,en,0.0,1.0,0.5,0.5
b3947,133,question,en,0.0,1.0,0.5,0.5
b3968,96,question,en,0.0,1.0,0.5,0.5
b4358,74,question,en,0.0,1.0,0.5,0.5
b326,181|183|24|43,question,en,0.0,1.0,0.5,0.5
b328,179|44|183|45|185,question,en,0.0,1.0,0.5,0.5
b330,183|34|35|185,question,en,0.0,1.0,0.5,0.5
b2989,84,question,en,0.0,1.0,0.5,0.5
b2991,84,question,en,0.0,1.0,0.5,0.5
b2993,84,question,en,0.0,1.0,0.5,0.5
b2995,84,question,en,0.0,1.0,0.5,0.5
b4355,74,question,en,0.0,1.0,0.5,0.5
b4345,74,question,en,0.0,1.0,0.5,0.5
b4361,74,question,en,0.0,1.0,0.5,0.5
b4363,74,question,en,0.0,1.0,0.5,0.5
b2987,98,question,en,0.0,1.0,0.5,0.5
b4372,98,question,en,0.0,1.0,0.5,0.5
b4373,80,question,en,0.0,1.0,0.5,0.5
b4374,98,question,en,0.0,1.0,0.5,0.5
b4379,98,question,en,0.0,1.0,0.5,0.5
b4380,98,question,en,0.0,1.0,0.5,0.5
b4341,74,question,en,0.0,1.0,0.5,0.5
b4369,98,question,en,0.0,1.0,0.5,0.5
b4366,98,question,en,0.0,1.0,0.5,0.5
b320,181|185|36|37,question,en,0.0,1.0,0.5,0.5
b312,183|24|23|181|25,question,en,0.0,1.0,0.5,0.5
b311,183|184|34|35,question,en,0.0,1.0,0.5,0.5
b310,28|183|37|182,question,en,0.0,1.0,0.5,0.5
b309,28|29|184|183,question,en,0.0,1.0,0.5,0.5
b307,24|30|48|182|181,question,en,0.0,1.0,0.5,0.5
b305,38|39|30|182|181,question,en,0.0,1.0,0.5,0.5
b304,183|182|26|24,question,en,0.0,1.0,0.5,0.5
b303,42|30|34|182|181,question,en,0.0,1.0,0.5,0.5
b302,32|183|184|31,question,en,0.0,1.0,0.5,0.5
b300,181|44|45|182,question,en,0.0,1.0,0.5,0.5
b296,27|24|48|182|181,question,en,0.0,1.0,0.5,0.5
b352,183|184|24|25,question,en,0.0,1.0,0.5,0.5
b2945,84,question,en,0.0,1.0,0.5,0.5
b2955,98,question,en,0.0,1.0,0.5,0.5
b340,41|185|181|24,question,en,0.0,1.0,0.5,0.5
b341,183|184|38|39|30,question,en,0.0,1.0,0.5,0.5
b346,179|184|35|34|182,question,en,0.0,1.0,0.5,0.5
b347,183|182|24|43,question,en,0.0,1.0,0.5,0.5
b348,184|31|32|30|181,question,en,0.0,1.0,0.5,0.5
b350,179|46|182|181|47,question,en,0.0,1.0,0.5,0.5
b2935,137,question,en,0.0,1.0,0.5,0.5
b354,183|38|39|30|181,question,en,0.0,1.0,0.5,0.5
b358,181|183|34|35,question,en,0.0,1.0,0.5,0.5
b361,41|183|182|24,question,en,0.0,1.0,0.5,0.5
b363,181|183|31|32,question,en,0.0,1.0,0.5,0.5
b364,183|42|30|34|182,question,en,0.0,1.0,0.5,0.5
b365,41|182|181|24,question,en,0.0,1.0,0.5,0.5
b367,181|183|24|25,question,en,0.0,1.0,0.5,0.5
b293,181|182|24|40,question,en,0.0,1.0,0.5,0.5
b2931,104,question,en,0.0,1.0,0.5,0.5
b2930,98,question,en,0.0,1.0,0.5,0.5
b2928,104,question,en,0.0,1.0,0.5,0.5
b2924,98,question,en,0.0,1.0,0.5,0.5
b2966,98,question,en,0.0,1.0,0.5,0.5
b4415,74,question,en,0.0,1.0,0.5,0.5
b4411,74,question,en,0.0,1.0,0.5,0.5
b2986,98,question,en,0.0,1.0,0.5,0.5
b2983,98,question,en,0.0,1.0,0.5,0.5
b2973,84,question,en,0.0,1.0,0.5,0.5
b4398,74,question,en,0.0,1.0,0.5,0.5
b4393,80,question,en,0.0,1.0,0.5,0.5
b338,185|31|32|183,question,en,0.0,1.0,0.5,0.5
b337,181|183|34|35,question,en,0.0,1.0,0.5,0.5
b331,183|31|32|185,question,en,0.0,1.0,0.5,0.5
b4233,77,question,en,0.0,1.0,0.5,0.5
b244,183|31|32|185,question,en,0.0,1.0,0.5,0.5
b254,185|36|37|183,question,en,0.0,1.0,0.5,0.5
b256,42|184|34|183,question,en,0.0,1.0,0.5,0.5
b257,183|30|181|36|37,question,en,0.0,1.0,0.5,0.5
b258,184|47|46|182,question,en,0.0,1.0,0.5,0.5
b260,184|38|39|30|182,question,en,0.0,1.0,0.5,0.5
b4338,74,question,en,0.0,1.0,0.5,0.5
b4277,129,question,en,0.0,1.0,0.5,0.5
b239,28|29|181|185,question,en,0.0,1.0,0.5,0.5
b4240,85,question,en,0.0,1.0,0.5,0.5
b4185,131,question,en,0.0,1.0,0.5,0.5
b4173,74,question,en,0.0,1.0,0.5,0.5
b4133,84,question,en,0.0,1.0,0.5,0.5
b4134,98,question,en,0.0,1.0,0.5,0.5
b3028,114,question,en,0.0,1.0,0.5,0.5
b4327,74,question,en,0.0,1.0,0.5,0.5
b262,182|44|45|183,question,en,0.0,1.0,0.5,0.5
b237,23|185|46|181|47,question,en,0.0,1.0,0.5,0.5
b234,24|23|185|181|25,question,en,0.0,1.0,0.5,0.5
b231,184|185|33|24,question,en,0.0,1.0,0.5,0.5
b230,181|183|48|24,question,en,0.0,1.0,0.5,0.5
b228,183|185|26|24,question,en,0.0,1.0,0.5,0.5
b227,183|24|23|181|25,question,en,0.0,1.0,0.5,0.5
b226,184|185|24|43,question,en,0.0,1.0,0.5,0.5
b11764,181|182|26|24,question,en,0.0,1.0,0.5,0.5
b11763,39|183|182|38,question,en,0.0,1.0,0.5,0.5
b11762,181|31|32|182,question,en,0.0,1.0,0.5,0.5
b11761,183|182|33|24,question,en,0.0,1.0,0.5,0.5
b11760,184|31|32|183,question,en,0.0,1.0,0.5,0.5
b11759,181|183|36|37,question,en,0.0,1.0,0.5,0.5
b11758,181|184|36|37,question,en,0.0,1.0,0.5,0.5
b11757,181|182|33|24,question,en,0.0,1.0,0.5,0.5
b287,35|30|34|182|181,question,en,0.0,1.0,0.5,0.5
b291,41|182|181|24,question,en,0.0,1.0,0.5,0.5
b290,183|184|26|24,question,en,0.0,1.0,0.5,0.5
b11704,182|184|34|35,question,en,0.0,1.0,0.5,0.5
b11703,183|36|37|182,question,en,0.0,1.0,0.5,0.5
b11702,181|44|45|184,question,en,0.0,1.0,0.5,0.5
b11701,183|31|32|182,question,en,0.0,1.0,0.5,0.5
b11700,181|182|26|24,question,en,0.0,1.0,0.5,0.5
b11699,50|183|182|24,question,en,0.0,1.0,0.5,0.5
b11698,28|29|181|182,question,en,0.0,1.0,0.5,0.5
b11697,44|45|184|182,question,en,0.0,1.0,0.5,0.5
b11696,183|184|36|37,question,en,0.0,1.0,0.5,0.5
b11695,181|39|183|38,question,en,0.0,1.0,0.5,0.5
b11694,183|182|34|35,question,en,0.0,1.0,0.5,0.5
b11693,181|182|24|43,question,en,0.0,1.0,0.5,0.5
b11692,184|31|32|182,question,en,0.0,1.0,0.5,0.5
b7015,78,question,en,0.0,1.0,0.5,0.5
b286,181|184|24|40,question,en,0.0,1.0,0.5,0.5
b285,182|184|34|35,question,en,0.0,1.0,0.5,0.5
b283,179|184|27|24|182|25,question,en,0.0,1.0,0.5,0.5
b282,181|39|183|38,question,en,0.0,1.0,0.5,0.5
b281,44|45|184|182,question,en,0.0,1.0,0.5,0.5
b274,24|184|182|40,question,en,0.0,1.0,0.5,0.5
b272,184|31|32|183,question,en,0.0,1.0,0.5,0.5
b271,183|36|37|182,question,en,0.0,1.0,0.5,0.5
b270,184|35|30|34|181,question,en,0.0,1.0,0.5,0.5
b269,183|27|24|26|181,question,en,0.0,1.0,0.5,0.5
b268,181|184|24|43,question,en,0.0,1.0,0.5,0.5
b267,28|183|184|30|29,question,en,0.0,1.0,0.5,0.5
b265,181|182|33|24,question,en,0.0,1.0,0.5,0.5
b264,179|184|38|39|182,question,en,0.0,1.0,0.5,0.5
b263,181|184|48|24,question,en,0.0,1.0,0.5,0.5
b5494,-1,question,en,0.0,1.0,0.5,0.5
b959,38|39|30|182|181,question,en,0.0,1.0,0.5,0.5
b958,28|30|29|182|181,question,en,0.0,1.0,0.5,0.5
b952,183|24|51|26|182,question,en,0.0,1.0,0.5,0.5
b946,181|32|36|182,question,en,0.0,1.0,0.5,0.5
b945,179|24|23|182|181|25,question,en,0.0,1.0,0.5,0.5
b2118,183|53|63|57|55,question,en,0.0,1.0,0.5,0.5
b5497,148|179|169|177|157|153|149,question,en,0.0,1.0,0.5,0.5
b5495,-1,question,en,0.0,1.0,0.5,0.5
b960,183|182|26|24,question,en,0.0,1.0,0.5,0.5
b944,181|183|33|24,question,en,0.0,1.0,0.5,0.5
b940,28|179|30|182|181|47,question,en,0.0,1.0,0.5,0.5
b938,184|36|37|182,question,en,0.0,1.0,0.5,0.5
b936,181|182|24|40,question,en,0.0,1.0,0.5,0.5
b934,183|184|24|23|33,question,en,0.0,1.0,0.5,0.5
b933,181|183|48|24,question,en,0.0,1.0,0.5,0.5
b932,181|184|24|40,question,en,0.0,1.0,0.5,0.5
b930,183|31|32|30|182,question,en,0.0,1.0,0.5,0.5
b928,179|183|42|34|181,question,en,0.0,1.0,0.5,0.5
b925,50|183|182|24,question,en,0.0,1.0,0.5,0.5
b920,184|182|48|24,question,en,0.0,1.0,0.5,0.5
b918,183|184|27|24|48,question,en,0.0,1.0,0.5,0.5
b917,181|44|45|183,question,en,0.0,1.0,0.5,0.5
b909,181|184|36|37,question,en,0.0,1.0,0.5,0.5
b908,39|183|182|38,question,en,0.0,1.0,0.5,0.5
b2096,60|181|56|54|52,question,en,0.0,1.0,0.5,0.5
b5519,148|150|155|177|149,question,en,0.0,1.0,0.5,0.5
b2086,53|60|181|54|52,question,en,0.0,1.0,0.5,0.5
b2083,53|60|182|52|54,question,en,0.0,1.0,0.5,0.5
b11254,-1,question,en,0.0,1.0,0.5,0.5
b984,183|184|33|24,question,en,0.0,1.0,0.5,0.5
b978,183|35|30|34|182,question,en,0.0,1.0,0.5,0.5
b977,181|44|45|182,question,en,0.0,1.0,0.5,0.5
b975,42|30|34|182|181,question,en,0.0,1.0,0.5,0.5
b972,183|182|24|43,question,en,0.0,1.0,0.5,0.5
b971,181|182|33|24,question,en,0.0,1.0,0.5,0.5
b907,181|184|24|25,question,en,0.0,1.0,0.5,0.5
b2100,53|181|59|52|54,question,en,0.0,1.0,0.5,0.5
b969,183|182|24|40,question,en,0.0,1.0,0.5,0.5
b967,181|31|32|182,question,en,0.0,1.0,0.5,0.5
b966,181|36|37|182,question,en,0.0,1.0,0.5,0.5
b964,31|42|30|182|181,question,en,0.0,1.0,0.5,0.5
b962,181|39|182|38,question,en,0.0,1.0,0.5,0.5
b11498,74,question,en,0.0,1.0,0.5,0.5
b11493,86,question,en,0.0,1.0,0.5,0.5
b11490,86,question,en,0.0,1.0,0.5,0.5
b2129,52|56|66|182,question,en,0.0,1.0,0.5,0.5
b5493,-1,question,en,0.0,1.0,0.5,0.5
b11248,-1,question,en,0.0,1.0,0.5,0.5
b11247,-1,question,en,0.0,1.0,0.5,0.5
b11246,-1,question,en,0.0,1.0,0.5,0.5
b11245,-1,question,en,0.0,1.0,0.5,0.5
b11244,-1,question,en,0.0,1.0,0.5,0.5
b2128,52|56|64|182,question,en,0.0,1.0,0.5,0.5
b886,181|184|36|37,question,en,0.0,1.0,0.5,0.5
b883,182|184|33|24,question,en,0.0,1.0,0.5,0.5
b882,179|183|31|32|30|181,question,en,0.0,1.0,0.5,0.5
b11505,76,question,en,0.0,1.0,0.5,0.5
b873,181|183|36|37,question,en,0.0,1.0,0.5,0.5
b872,183|184|27|36|37,question,en,0.0,1.0,0.5,0.5
b5483,-1,question,en,0.0,1.0,0.5,0.5
b2134,52|56|68|182,question,en,0.0,1.0,0.5,0.5
b11243,-1,question,en,0.0,1.0,0.5,0.5
b11242,-1,question,en,0.0,1.0,0.5,0.5
b5492,-1,question,en,0.0,1.0,0.5,0.5
b5491,-1,question,en,0.0,1.0,0.5,0.5
b5490,-1,question,en,0.0,1.0,0.5,0.5
b5489,-1,question,en,0.0,1.0,0.5,0.5
b901,28|29|184|183,question,en,0.0,1.0,0.5,0.5
b893,183|184|42|30|34,question,en,0.0,1.0,0.5,0.5
b891,28|29|181|182,question,en,0.0,1.0,0.5,0.5
b2124,53|57|60|181|54,question,en,0.0,1.0,0.5,0.5
b2122,179|57|59|181|56|54,question,en,0.0,1.0,0.5,0.5
b2121,57|65|181|56|52,question,en,0.0,1.0,0.5,0.5
b1082,181|183|24|40,question,en,0.0,1.0,0.5,0.5
b11255,-1,question,en,0.0,1.0,0.5,0.5
b2065,183|67|52|54|58,question,en,0.0,1.0,0.5,0.5
b2064,182|59|52|54|58,question,en,0.0,1.0,0.5,0.5
b2060,183|53|59|52|54,question,en,0.0,1.0,0.5,0.5
b2057,53|60|181|56|54,question,en,0.0,1.0,0.5,0.5
b8320,183|182,question,en,0.0,1.0,0.5,0.5
b8319,183|182,question,en,0.0,1.0,0.5,0.5
b1084,42|183|34|182,question,en,0.0,1.0,0.5,0.5
b1087,42|182|34|183,question,en,0.0,1.0,0.5,0.5
b1074,28|29|183|182,question,en,0.0,1.0,0.5,0.5
b1071,181|182|26|24,question,en,0.0,1.0,0.5,0.5
b8318,181|182,question,en,0.0,1.0,0.5,0.5
b8317,181|182,question,en,0.0,1.0,0.5,0.5
b8316,183|44|30|182|49,question,en,0.0,1.0,0.5,0.5
b8315,44|183|30|182|49,question,en,0.0,1.0,0.5,0.5
b8313,181|182,question,en,0.0,1.0,0.5,0.5
b8311,181|182,question,en,0.0,1.0,0.5,0.5
b8310,183|182,question,en,0.0,1.0,0.5,0.5
b8309,181|182,question,en,0.0,1.0,0.5,0.5
b8308,181|182,question,en,0.0,1.0,0.5,0.5
b8307,183|182,question,en,0.0,1.0,0.5,0.5
b8306,181|182,question,en,0.0,1.0,0.5,0.5
b8305,183|182,question,en,0.0,1.0,0.5,0.5
b8341,-1,question,en,0.0,1.0,0.5,0.5
b7016,78,question,en,0.0,1.0,0.5,0.5
b7014,78,question,en,0.0,1.0,0.5,0.5
b7011,78,question,en,0.0,1.0,0.5,0.5
b7010,78,question,en,0.0,1.0,0.5,0.5
b7009,78,question,en,0.0,1.0,0.5,0.5
b7006,78,question,en,0.0,1.0,0.5,0.5
b7005,78,question,en,0.0,1.0,0.5,0.5
b2050,179|53|61|182|55|54,question,en,0.0,1.0,0.5,0.5
b8345,-1,question,en,0.0,1.0,0.5,0.5
b8344,-1,question,en,0.0,1.0,0.5,0.5
b8343,-1,question,en,0.0,1.0,0.5,0.5
b8342,-1,question,en,0.0,1.0,0.5,0.5
b8304,181|182,question,en,0.0,1.0,0.5,0.5
b8340,-1,question,en,0.0,1.0,0.5,0.5
b8339,-1,question,en,0.0,1.0,0.5,0.5
b2054,52|183|60|53,question,en,0.0,1.0,0.5,0.5
b1108,183|36|37|185,question,en,0.0,1.0,0.5,0.5
b1101,27|24|26|185|181,question,en,0.0,1.0,0.5,0.5
b1100,181|185|31|32,question,en,0.0,1.0,0.5,0.5
b1098,41|184|185|24,question,en,0.0,1.0,0.5,0.5
b1096,28|179|29|185|181,question,en,0.0,1.0,0.5,0.5
b1094,183|185|24|40,question,en,0.0,1.0,0.5,0.5
b1089,179|183|35|34|182,question,en,0.0,1.0,0.5,0.5
b11252,-1,question,en,0.0,1.0,0.5,0.5
b11256,-1,question,en,0.0,1.0,0.5,0.5
b5537,184|2|8,question,en,0.0,1.0,0.5,0.5
b1016,28|29|181|185,question,en,0.0,1.0,0.5,0.5
b1013,183|185|26|24,question,en,0.0,1.0,0.5,0.5
b1007,183|184|34|35,question,en,0.0,1.0,0.5,0.5
b1006,179|183|42|34|181,question,en,0.0,1.0,0.5,0.5
b11253,-1,question,en,0.0,1.0,0.5,0.5
b11251,-1,question,en,0.0,1.0,0.5,0.5
b11250,-1,question,en,0.0,1.0,0.5,0.5
b11249,-1,question,en,0.0,1.0,0.5,0.5
b1001,183|182|34|35,question,en,0.0,1.0,0.5,0.5
b1000,183|182|33|24,question,en,0.0,1.0,0.5,0.5
b999,183|36|37|182,question,en,0.0,1.0,0.5,0.5
b993,38|39|30|182|181,question,en,0.0,1.0,0.5,0.5
b1023,183|185|33|24,question,en,0.0,1.0,0.5,0.5
b8303,181|182,question,en,0.0,1.0,0.5,0.5
b1066,181|185|24|43,question,en,0.0,1.0,0.5,0.5
b1065,183|30|185|36|37,question,en,0.0,1.0,0.5,0.5
b1064,42|34|183|185,question,en,0.0,1.0,0.5,0.5
b1062,183|184|24|43,question,en,0.0,1.0,0.5,0.5
b1060,44|45|185|184,question,en,0.0,1.0,0.5,0.5
b1052,179|183|38|39|181,question,en,0.0,1.0,0.5,0.5
b1051,41|185|181|24,question,en,0.0,1.0,0.5,0.5
b1043,39|183|185|38,question,en,0.0,1.0,0.5,0.5
b1041,28|29|181|183,question,en,0.0,1.0,0.5,0.5
b1038,41|185|181|24,question,en,0.0,1.0,0.5,0.5
b1035,185|36|37|183,question,en,0.0,1.0,0.5,0.5
b1028,181|185|26|24,question,en,0.0,1.0,0.5,0.5
b1027,183|34|35|185,question,en,0.0,1.0,0.5,0.5
b1025,39|183|185|38,question,en,0.0,1.0,0.5,0.5
b618,39|183|182|38,question,en,0.0,1.0,0.5,0.5
b1022,181|42|34|183,question,en,0.0,1.0,0.5,0.5
b1020,179|31|32|30|185|181,question,en,0.0,1.0,0.5,0.5
b1019,181|39|183|38,question,en,0.0,1.0,0.5,0.5
b1018,35|30|185|34|181,question,en,0.0,1.0,0.5,0.5
b11258,-1,question,en,0.0,1.0,0.5,0.5
b11257,-1,question,en,0.0,1.0,0.5,0.5
b697,184|42|30|34|181,question,en,0.0,1.0,0.5,0.5
b719,181|44|45|185,question,en,0.0,1.0,0.5,0.5
b715,35|30|185|34|181,question,en,0.0,1.0,0.5,0.5
b712,183|24|23|181|25,question,en,0.0,1.0,0.5,0.5
b711,50|183|185|24,question,en,0.0,1.0,0.5,0.5
b709,179|183|24|181|25,question,en,0.0,1.0,0.5,0.5
b2359,96,question,en,0.0,1.0,0.5,0.5
b2352,103,question,en,0.0,1.0,0.5,0.5
b5407,177|153|146,question,en,0.0,1.0,0.5,0.5
b707,28|179|184|29|182,question,en,0.0,1.0,0.5,0.5
b704,181|39|183|38,question,en,0.0,1.0,0.5,0.5
b702,28|29|181|182,question,en,0.0,1.0,0.5,0.5
b701,183|44|45|182,question,en,0.0,1.0,0.5,0.5
b700,179|183|24|181|50,question,en,0.0,1.0,0.5,0.5
b699,28|30|182|181|37,question,en,0.0,1.0,0.5,0.5
b696,44|184|27|45|182,question,en,0.0,1.0,0.5,0.5
b694,183|31|184|42|30,question,en,0.0,1.0,0.5,0.5
b693,181|183|34|35,question,en,0.0,1.0,0.5,0.5
b5387,177|159|169|153,question,en,0.0,1.0,0.5,0.5
b5385,169|150|155|177|153,question,en,0.0,1.0,0.5,0.5
b5388,169|150|146|177|156|153,question,en,0.0,1.0,0.5,0.5
b732,181|185|36|37,question,en,0.0,1.0,0.5,0.5
b2250,78,question,en,0.0,1.0,0.5,0.5
b2248,78,question,en,0.0,1.0,0.5,0.5
b753,28|29|182|183,question,en,0.0,1.0,0.5,0.5
b748,181|39|182|38,question,en,0.0,1.0,0.5,0.5
b746,41|183|182|24,question,en,0.0,1.0,0.5,0.5
b742,183|184|24|30|45,question,en,0.0,1.0,0.5,0.5
b2276,78,question,en,0.0,1.0,0.5,0.5
b2275,78,question,en,0.0,1.0,0.5,0.5
b2265,78,question,en,0.0,1.0,0.5,0.5
b2264,78,question,en,0.0,1.0,0.5,0.5
b2290,82,question,en,0.0,1.0,0.5,0.5
b2279,78,question,en,0.0,1.0,0.5,0.5
b738,183|184|35|30|34,question,en,0.0,1.0,0.5,0.5
b737,179|44|184|27|45|185,question,en,0.0,1.0,0.5,0.5
b733,184|31|32|183,question,en,0.0,1.0,0.5,0.5
b690,181|184|31|32,question,en,0.0,1.0,0.5,0.5
b730,28|29|181|185,question,en,0.0,1.0,0.5,0.5
b728,44|45|185|183,question,en,0.0,1.0,0.5,0.5
b725,185|31|32|183,question,en,0.0,1.0,0.5,0.5
b724,42|31|185|183,question,en,0.0,1.0,0.5,0.5
b723,41|183|181|24,question,en,0.0,1.0,0.5,0.5
b5418,148|159|177|156|149,question,en,0.0,1.0,0.5,0.5
b2341,103,question,en,0.0,1.0,0.5,0.5
b5411,148|150|146|177|153,question,en,0.0,1.0,0.5,0.5
b5410,148|179|155|177|149,question,en,0.0,1.0,0.5,0.5
b5317,152|179|147|176|153|149,question,en,0.0,1.0,0.5,0.5
b666,181|182|24|40,question,en,0.0,1.0,0.5,0.5
b652,183|31|32|182,question,en,0.0,1.0,0.5,0.5
b649,184|31|32|182,question,en,0.0,1.0,0.5,0.5
b647,183|27|46|182|47,question,en,0.0,1.0,0.5,0.5
b643,28|184|181|37,question,en,0.0,1.0,0.5,0.5
b5361,147|148|155|156|176|153|151,question,en,0.0,1.0,0.5,0.5
b5358,177|167|149|168,question,en,0.0,1.0,0.5,0.5
b2542,83,question,en,0.0,1.0,0.5,0.5
b2576,81,question,en,0.0,1.0,0.5,0.5
b669,41|183|182|24,question,en,0.0,1.0,0.5,0.5
b635,44|184|30|45|181,question,en,0.0,1.0,0.5,0.5
b633,28|184|30|29|182,question,en,0.0,1.0,0.5,0.5
b630,28|29|184|181,question,en,0.0,1.0,0.5,0.5
b627,184|182|26|24,question,en,0.0,1.0,0.5,0.5
b626,183|24|23|181|33,question,en,0.0,1.0,0.5,0.5
b2596,90,question,en,0.0,1.0,0.5,0.5
b2595,87,question,en,0.0,1.0,0.5,0.5
b625,181|184|34|35,question,en,0.0,1.0,0.5,0.5
b621,183|24|23|181|25,question,en,0.0,1.0,0.5,0.5
b620,184|36|37|182,question,en,0.0,1.0,0.5,0.5
b619,181|182|24|40,question,en,0.0,1.0,0.5,0.5
b617,183|31|32|30|181,question,en,0.0,1.0,0.5,0.5
b672,183|182|24|40,question,en,0.0,1.0,0.5,0.5
b689,39|183|184|38,question,en,0.0,1.0,0.5,0.5
b688,181|184|31|32,question,en,0.0,1.0,0.5,0.5
b683,181|39|184|38,question,en,0.0,1.0,0.5,0.5
b680,184|182|33|24,question,en,0.0,1.0,0.5,0.5
b679,28|29|181|183,question,en,0.0,1.0,0.5,0.5
b677,181|31|32|182,question,en,0.0,1.0,0.5,0.5
b675,183|182|24|25,question,en,0.0,1.0,0.5,0.5
b2405,74,question,en,0.0,1.0,0.5,0.5
b5374,147|179|148|146|165|178|156|153|149,question,en,0.0,1.0,0.5,0.5
b674,31|32|30|182|181,question,en,0.0,1.0,0.5,0.5
b673,183|32|30|182|36,question,en,0.0,1.0,0.5,0.5
b11241,-1,question,en,0.0,1.0,0.5,0.5
b2452,74,question,en,0.0,1.0,0.5,0.5
b5364,147|148|150|155|176|153|149,question,en,0.0,1.0,0.5,0.5
b5363,147|179|150|146|156|176|153|149,question,en,0.0,1.0,0.5,0.5
b671,183|35|30|34|182,question,en,0.0,1.0,0.5,0.5
b670,179|183|42|34|182,question,en,0.0,1.0,0.5,0.5
b5477,-1,question,en,0.0,1.0,0.5,0.5
b844,28|29|181|183,question,en,0.0,1.0,0.5,0.5
b841,181|39|184|38,question,en,0.0,1.0,0.5,0.5
b839,181|183|24|40,question,en,0.0,1.0,0.5,0.5
b5482,-1,question,en,0.0,1.0,0.5,0.5
b5481,-1,question,en,0.0,1.0,0.5,0.5
b5480,-1,question,en,0.0,1.0,0.5,0.5
b5479,-1,question,en,0.0,1.0,0.5,0.5
b5478,-1,question,en,0.0,1.0,0.5,0.5
b851,181|50|183|24,question,en,0.0,1.0,0.5,0.5
b2145,74,question,en,0.0,1.0,0.5,0.5
b2144,-1,question,en,0.0,1.0,0.5,0.5
b2143,74,question,en,0.0,1.0,0.5,0.5
b828,183|31|32|30|182,question,en,0.0,1.0,0.5,0.5
b822,28|29|181|183,question,en,0.0,1.0,0.5,0.5
b821,181|184|34|35,question,en,0.0,1.0,0.5,0.5
b819,179|183|185|36|37,question,en,0.0,1.0,0.5,0.5
b817,183|184|35|30|34,question,en,0.0,1.0,0.5,0.5
b813,181|184|31|32,question,en,0.0,1.0,0.5,0.5
b811,179|183|31|32|185,question,en,0.0,1.0,0.5,0.5
b810,181|44|45|184,question,en,0.0,1.0,0.5,0.5
b5476,-1,question,en,0.0,1.0,0.5,0.5
b5487,177|159|153|156,question,en,0.0,1.0,0.5,0.5
b871,42|30|34|185|181,question,en,0.0,1.0,0.5,0.5
b865,39|183|185|38,question,en,0.0,1.0,0.5,0.5
b2142,-1,question,en,0.0,1.0,0.5,0.5
b2141,74,question,en,0.0,1.0,0.5,0.5
b5488,-1,question,en,0.0,1.0,0.5,0.5
b2255,78,question,en,0.0,1.0,0.5,0.5
b5486,-1,question,en,0.0,1.0,0.5,0.5
b5485,-1,question,en,0.0,1.0,0.5,0.5
b5484,-1,question,en,0.0,1.0,0.5,0.5
b860,181|185|48|24,question,en,0.0,1.0,0.5,0.5
b859,28|29|181|183,question,en,0.0,1.0,0.5,0.5
b856,28|30|29|185|181,question,en,0.0,1.0,0.5,0.5
b852,184|185|24|40,question,en,0.0,1.0,0.5,0.5
b5452,-1,question,en,0.0,1.0,0.5,0.5
b5438,-1,question,en,0.0,1.0,0.5,0.5
b5436,177|167|149|168,question,en,0.0,1.0,0.5,0.5
b5439,-1,question,en,0.0,1.0,0.5,0.5
b5453,-1,question,en,0.0,1.0,0.5,0.5
b793,184|24|23|181|25,question,en,0.0,1.0,0.5,0.5
b795,181|50|184|24,question,en,0.0,1.0,0.5,0.5
b797,181|185|31|32,question,en,0.0,1.0,0.5,0.5
b798,181|184|24|43,question,en,0.0,1.0,0.5,0.5
b799,183|185|33|24,question,en,0.0,1.0,0.5,0.5
b778,181|44|45|183,question,en,0.0,1.0,0.5,0.5
b772,179|38|39|185|181,question,en,0.0,1.0,0.5,0.5
b773,50|183|185|24,question,en,0.0,1.0,0.5,0.5
b774,181|39|185|38,question,en,0.0,1.0,0.5,0.5
b771,181|185|24|40,question,en,0.0,1.0,0.5,0.5
b770,179|31|32|185|181,question,en,0.0,1.0,0.5,0.5
b769,183|24|23|185|25,question,en,0.0,1.0,0.5,0.5
b767,181|183|48|24,question,en,0.0,1.0,0.5,0.5
b775,181|183|34|35,question,en,0.0,1.0,0.5,0.5
b2179,74,question,en,0.0,1.0,0.5,0.5
b766,41|183|185|24,question,en,0.0,1.0,0.5,0.5
b779,28|29|185|183,question,en,0.0,1.0,0.5,0.5
b781,44|45|185|183,question,en,0.0,1.0,0.5,0.5
b788,181|42|31|183,question,en,0.0,1.0,0.5,0.5
b765,183|31|32|185,question,en,0.0,1.0,0.5,0.5
b764,183|24|23|181|25,question,en,0.0,1.0,0.5,0.5
b761,41|183|184|24|30,question,en,0.0,1.0,0.5,0.5
b760,24|23|182|181|33,question,en,0.0,1.0,0.5,0.5
b791,28|29|181|185,question,en,0.0,1.0,0.5,0.5
b758,183|42|30|34|182,question,en,0.0,1.0,0.5,0.5
b2241,78,question,en,0.0,1.0,0.5,0.5
b2171,74,question,en,0.0,1.0,0.5,0.5
b2166,74,question,en,0.0,1.0,0.5,0.5
b2164,74,question,en,0.0,1.0,0.5,0.5
b2251,78,question,en,0.0,1.0,0.5,0.5
b2160,74,question,en,0.0,1.0,0.5,0.5
b2258,78,question,en,0.0,1.0,0.5,0.5
b2237,78,question,en,0.0,1.0,0.5,0.5
b800,41|184|181|24,question,en,0.0,1.0,0.5,0.5
b2228,137,question,en,0.0,1.0,0.5,0.5
b804,181|184|34|35,question,en,0.0,1.0,0.5,0.5
b5671,71,question,en,0.0,1.0,0.5,0.5
b158,181|2|8,question,en,0.0,1.0,0.5,0.5
b159,9|185|2,question,en,0.0,1.0,0.5,0.5
b160,185|2|8,question,en,0.0,1.0,0.5,0.5
b161,181|2|5,question,en,0.0,1.0,0.5,0.5
b162,183|3|2,question,en,0.0,1.0,0.5,0.5
b163,7|185|6,question,en,0.0,1.0,0.5,0.5
b164,181|7|10,question,en,0.0,1.0,0.5,0.5
b165,20|185|21,question,en,0.0,1.0,0.5,0.5
b166,18|7|185,question,en,0.0,1.0,0.5,0.5
b167,181|2|5,question,en,0.0,1.0,0.5,0.5
b71,181|179|1|2,question,en,0.0,1.0,0.5,0.5
b72,179|14|2|182,question,en,0.0,1.0,0.5,0.5
b73,179|183|2|5,question,en,0.0,1.0,0.5,0.5
b74,179|184|2|5,question,en,0.0,1.0,0.5,0.5
b76,182|2|8,question,en,0.0,1.0,0.5,0.5
b77,183|7|11,question,en,0.0,1.0,0.5,0.5
b78,184|7|17,question,en,0.0,1.0,0.5,0.5
b79,4|2|183,question,en,0.0,1.0,0.5,0.5
b80,179|15|2|182,question,en,0.0,1.0,0.5,0.5
b5574,181|16|2,question,en,0.0,1.0,0.5,0.5
b5575,182|2|8,question,en,0.0,1.0,0.5,0.5
b5576,4|2|183,question,en,0.0,1.0,0.5,0.5
b5577,181|2|5,question,en,0.0,1.0,0.5,0.5
b5578,182|2|8,question,en,0.0,1.0,0.5,0.5
b5579,18|183|7,question,en,0.0,1.0,0.5,0.5
b100,181|22|2,question,en,0.0,1.0,0.5,0.5
b103,4|184|2,question,en,0.0,1.0,0.5,0.5
b104,181|7|6,question,en,0.0,1.0,0.5,0.5
b105,179|2|5|182,question,en,0.0,1.0,0.5,0.5
b106,4|184|2,question,en,0.0,1.0,0.5,0.5
b107,179|183|7|10,question,en,0.0,1.0,0.5,0.5
b108,7|182|10,question,en,0.0,1.0,0.5,0.5
b31,181|179|1|2,question,en,0.0,1.0,0.5,0.5
b32,179|3|2|182,question,en,0.0,1.0,0.5,0.5
b33,179|4|2|183,question,en,0.0,1.0,0.5,0.5
b34,181|179|2|5,question,en,0.0,1.0,0.5,0.5
b35,183|7|6,question,en,0.0,1.0,0.5,0.5
b36,182|2|8,question,en,0.0,1.0,0.5,0.5
b37,181|179|9|2,question,en,0.0,1.0,0.5,0.5
b38,3|2|182,question,en,0.0,1.0,0.5,0.5
b39,179|183|7|10,question,en,0.0,1.0,0.5,0.5
b40,181|7|11,question,en,0.0,1.0,0.5,0.5
b187,181|4|2,question,en,0.0,1.0,0.5,0.5
b188,185|2|19,question,en,0.0,1.0,0.5,0.5
b189,185|2|8,question,en,0.0,1.0,0.5,0.5
b190,181|7|6,question,en,0.0,1.0,0.5,0.5
b191,4|2|183,question,en,0.0,1.0,0.5,0.5
b192,3|185|2,question,en,0.0,1.0,0.5,0.5
b193,181|4|2,question,en,0.0,1.0,0.5,0.5
b194,7|185|10,question,en,0.0,1.0,0.5,0.5
b195,20|185|21,question,en,0.0,1.0,0.5,0.5
b196,181|7|17,question,en,0.0,1.0,0.5,0.5
b51,181|14|2,question,en,0.0,1.0,0.5,0.5
b52,22|2|182,question,en,0.0,1.0,0.5,0.5
b53,183|2|19,question,en,0.0,1.0,0.5,0.5
b54,179|9|184|2,question,en,0.0,1.0,0.5,0.5
b55,181|7|6,question,en,0.0,1.0,0.5,0.5
b56,179|15|2|182,question,en,0.0,1.0,0.5,0.5
b57,179|183|20|21,question,en,0.0,1.0,0.5,0.5
b58,179|184|2|5,question,en,0.0,1.0,0.5,0.5
b59,183|7|17,question,en,0.0,1.0,0.5,0.5
b60,179|14|2|182,question,en,0.0,1.0,0.5,0.5
b41,181|4|2,question,en,0.0,1.0,0.5,0.5
b42,179|2|5|182,question,en,0.0,1.0,0.5,0.5
b43,183|16|2,question,en,0.0,1.0,0.5,0.5
b44,179|184|2|13,question,en,0.0,1.0,0.5,0.5
b45,181|7|6,question,en,0.0,1.0,0.5,0.5
b46,179|7|17|182,question,en,0.0,1.0,0.5,0.5
b47,179|4|2|183,question,en,0.0,1.0,0.5,0.5
b48,184|7|6,question,en,0.0,1.0,0.5,0.5
b49,179|183|7|6,question,en,0.0,1.0,0.5,0.5
b5608,183|16|2,question,en,0.0,1.0,0.5,0.5
b5610,2|182|12,question,en,0.0,1.0,0.5,0.5
b5611,181|3|2,question,en,0.0,1.0,0.5,0.5
b5613,4|2|183,question,en,0.0,1.0,0.5,0.5
b5600,15|2|183,question,en,0.0,1.0,0.5,0.5
b5601,179|184|2|5,question,en,0.0,1.0,0.5,0.5
b5558,181|15|2,question,en,0.0,1.0,0.5,0.5
b5559,183|2|8,question,en,0.0,1.0,0.5,0.5
b5560,7|185|10,question,en,0.0,1.0,0.5,0.5
b5561,1|185|2,question,en,0.0,1.0,0.5,0.5
b5562,181|4|2,question,en,0.0,1.0,0.5,0.5
b5563,183|7|6,question,en,0.0,1.0,0.5,0.5
b5614,181|179|3|2,question,en,0.0,1.0,0.5,0.5
b5615,9|2|182,question,en,0.0,1.0,0.5,0.5
b5616,183|2|12,question,en,0.0,1.0,0.5,0.5
b5617,22|184|2,question,en,0.0,1.0,0.5,0.5
b5618,181|179|9|2,question,en,0.0,1.0,0.5,0.5
b5619,179|2|5|182,question,en,0.0,1.0,0.5,0.5
b5620,183|7|17,question,en,0.0,1.0,0.5,0.5
b5621,179|184|2|12,question,en,0.0,1.0,0.5,0.5
b5622,183|7|6,question,en,0.0,1.0,0.5,0.5
b5623,20|182|21,question,en,0.0,1.0,0.5,0.5
b168,181|179|16|2,question,en,0.0,1.0,0.5,0.5
b169,179|22|2|182,question,en,0.0,1.0,0.5,0.5
b170,9|2|183,question,en,0.0,1.0,0.5,0.5
b171,9|184|2,question,en,0.0,1.0,0.5,0.5
b172,181|2|5,question,en,0.0,1.0,0.5,0.5
b173,7|17|182,question,en,0.0,1.0,0.5,0.5
b174,183|7|10,question,en,0.0,1.0,0.5,0.5
b175,184|7|17,question,en,0.0,1.0,0.5,0.5
b176,183|7|6,question,en,0.0,1.0,0.5,0.5
b177,7|182|6,question,en,0.0,1.0,0.5,0.5
b11,181|15|2,question,en,0.0,1.0,0.5,0.5
b12,1|2|182,question,en,0.0,1.0,0.5,0.5
b13,1|2|183,question,en,0.0,1.0,0.5,0.5
b14,184|2|8,question,en,0.0,1.0,0.5,0.5
b15,181|14|2,question,en,0.0,1.0,0.5,0.5
b16,20|182|21,question,en,0.0,1.0,0.5,0.5
b18,179|184|2|5,question,en,0.0,1.0,0.5,0.5
b19,183|20|21,question,en,0.0,1.0,0.5,0.5
b20,179|7|182|10,question,en,0.0,1.0,0.5,0.5
b129,9|2|183,question,en,0.0,1.0,0.5,0.5
b130,7|182|6,question,en,0.0,1.0,0.5,0.5
b131,181|2|19,question,en,0.0,1.0,0.5,0.5
b132,179|2|182|12,question,en,0.0,1.0,0.5,0.5
b133,179|183|2|8,question,en,0.0,1.0,0.5,0.5
b134,181|2|5,question,en,0.0,1.0,0.5,0.5
b135,4|2|183,question,en,0.0,1.0,0.5,0.5
b136,179|3|2|182,question,en,0.0,1.0,0.5,0.5
b137,181|2|5,question,en,0.0,1.0,0.5,0.5
b178,9|2|182,question,en,0.0,1.0,0.5,0.5
b179,179|183|2|5,question,en,0.0,1.0,0.5,0.5
b180,15|184|2,question,en,0.0,1.0,0.5,0.5
b181,181|9|2,question,en,0.0,1.0,0.5,0.5
b182,4|2|182,question,en,0.0,1.0,0.5,0.5
b183,179|15|2|183,question,en,0.0,1.0,0.5,0.5
b184,179|184|20|21,question,en,0.0,1.0,0.5,0.5
b185,183|7|11,question,en,0.0,1.0,0.5,0.5
b186,2|182|12,question,en,0.0,1.0,0.5,0.5
b149,181|2|13,question,en,0.0,1.0,0.5,0.5
b150,2|5|182,question,en,0.0,1.0,0.5,0.5
b151,181|7|6,question,en,0.0,1.0,0.5,0.5
b152,179|183|2|5,question,en,0.0,1.0,0.5,0.5
b153,179|182|2|8,question,en,0.0,1.0,0.5,0.5
b154,181|18|7,question,en,0.0,1.0,0.5,0.5
b156,4|2|183,question,en,0.0,1.0,0.5,0.5
b157,181|179|14|2,question,en,0.0,1.0,0.5,0.5
b5548,183|14|2,question,en,0.0,1.0,0.5,0.5
b5549,9|2|183,question,en,0.0,1.0,0.5,0.5
b5550,181|16|2,question,en,0.0,1.0,0.5,0.5
b5551,1|185|2,question,en,0.0,1.0,0.5,0.5
b5552,18|7|185,question,en,0.0,1.0,0.5,0.5
b5553,181|22|2,question,en,0.0,1.0,0.5,0.5
b5554,183|2|12,question,en,0.0,1.0,0.5,0.5
b5555,183|7|6,question,en,0.0,1.0,0.5,0.5
b5556,181|7|10,question,en,0.0,1.0,0.5,0.5
b5557,9|2|183,question,en,0.0,1.0,0.5,0.5
b5520,181|2|13,question,en,0.0,1.0,0.5,0.5
b5521,179|182|2|8,question,en,0.0,1.0,0.5,0.5
b5522,179|183|2|8,question,en,0.0,1.0,0.5,0.5
b5523,179|184|20|21,question,en,0.0,1.0,0.5,0.5
b5524,181|7|6,question,en,0.0,1.0,0.5,0.5
b5525,179|7|182|6,question,en,0.0,1.0,0.5,0.5
b5526,183|2|8,question,en,0.0,1.0,0.5,0.5
b5527,184|2|5,question,en,0.0,1.0,0.5,0.5
b5528,183|2|8,question,en,0.0,1.0,0.5,0.5
b5529,4|2|182,question,en,0.0,1.0,0.5,0.5
b5530,181|179|2|8,question,en,0.0,1.0,0.5,0.5
b5531,179|9|2|182,question,en,0.0,1.0,0.5,0.5
b5532,183|2|180,question,en,0.0,1.0,0.5,0.5
b5533,9|184|2,question,en,0.0,1.0,0.5,0.5
b5534,181|7|17,question,en,0.0,1.0,0.5,0.5
b5535,179|2|182|12,question,en,0.0,1.0,0.5,0.5
b5536,22|2|183,question,en,0.0,1.0,0.5,0.5
b5538,179|183|2|13,question,en,0.0,1.0,0.5,0.5
b5539,1|2|182,question,en,0.0,1.0,0.5,0.5
b139,183|14|2,question,en,0.0,1.0,0.5,0.5
b140,181|179|16|2,question,en,0.0,1.0,0.5,0.5
b141,9|2|183,question,en,0.0,1.0,0.5,0.5
b142,2|182|12,question,en,0.0,1.0,0.5,0.5
b143,181|7|11,question,en,0.0,1.0,0.5,0.5
b144,4|2|182,question,en,0.0,1.0,0.5,0.5
b145,183|2|13,question,en,0.0,1.0,0.5,0.5
b146,181|179|7|6,question,en,0.0,1.0,0.5,0.5
b5624,183|7|6,question,en,0.0,1.0,0.5,0.5
b5625,9|2|183,question,en,0.0,1.0,0.5,0.5
b5626,181|15|2,question,en,0.0,1.0,0.5,0.5
b5627,7|185|6,question,en,0.0,1.0,0.5,0.5
b5631,1|2|183,question,en,0.0,1.0,0.5,0.5
b5632,181|2|5,question,en,0.0,1.0,0.5,0.5
b5633,20|185|21,question,en,0.0,1.0,0.5,0.5
b5564,181|179|2|13,question,en,0.0,1.0,0.5,0.5
b5565,179|4|2|182,question,en,0.0,1.0,0.5,0.5
b5566,179|183|20|21,question,en,0.0,1.0,0.5,0.5
b5567,184|2|19,question,en,0.0,1.0,0.5,0.5
b5568,181|7|11,question,en,0.0,1.0,0.5,0.5
b5569,2|5|182,question,en,0.0,1.0,0.5,0.5
b5570,183|16|2,question,en,0.0,1.0,0.5,0.5
b5571,184|14|2,question,en,0.0,1.0,0.5,0.5
b5572,183|7|11,question,en,0.0,1.0,0.5,0.5
b5573,7|17|182,question,en,0.0,1.0,0.5,0.5
b5599,181|2|12,question,en,0.0,1.0,0.5,0.5
b5602,181|18|7,question,en,0.0,1.0,0.5,0.5
b5603,7|182|6,question,en,0.0,1.0,0.5,0.5
b5604,183|7|11,question,en,0.0,1.0,0.5,0.5
b5605,179|184|7|17,question,en,0.0,1.0,0.5,0.5
b5606,179|4|2|183,question,en,0.0,1.0,0.5,0.5
b119,181|4|2,question,en,0.0,1.0,0.5,0.5
b120,1|185|2,question,en,0.0,1.0,0.5,0.5
b121,20|185|21,question,en,0.0,1.0,0.5,0.5
b122,181|2|8,question,en,0.0,1.0,0.5,0.5
b123,183|7|17,question,en,0.0,1.0,0.5,0.5
b124,20|185|21,question,en,0.0,1.0,0.5,0.5
b125,181|7|6,question,en,0.0,1.0,0.5,0.5
b126,15|185|2,question,en,0.0,1.0,0.5,0.5
b127,7|185|6,question,en,0.0,1.0,0.5,0.5
b128,181|2|13,question,en,0.0,1.0,0.5,0.5
b91,181|179|2|5,question,en,0.0,1.0,0.5,0.5
b92,4|2|182,question,en,0.0,1.0,0.5,0.5
b94,179|1|184|2,question,en,0.0,1.0,0.5,0.5
b95,181|179|2|8,question,en,0.0,1.0,0.5,0.5
b96,7|182|6,question,en,0.0,1.0,0.5,0.5
b97,183|7|6,question,en,0.0,1.0,0.5,0.5
b98,179|184|2|5,question,en,0.0,1.0,0.5,0.5
b99,179|18|7|182,question,en,0.0,1.0,0.5,0.5
b878,183|24|51|26|181,question,en,0.0,1.0,0.5,0.5
b879,183|184|27|24|25,question,en,0.0,1.0,0.5,0.5
b880,41|183|184|24,question,en,0.0,1.0,0.5,0.5
b881,179|44|27|45|182|181,question,en,0.0,1.0,0.5,0.5
b884,42|184|34|183,question,en,0.0,1.0,0.5,0.5
b885,24|23|182|181|25,question,en,0.0,1.0,0.5,0.5
b887,44|184|49|183,question,en,0.0,1.0,0.5,0.5
b888,181|182|34|35,question,en,0.0,1.0,0.5,0.5
b889,183|35|30|34|181,question,en,0.0,1.0,0.5,0.5
b890,24|23|182|181|33,question,en,0.0,1.0,0.5,0.5
b892,183|27|24|26|181,question,en,0.0,1.0,0.5,0.5
b894,50|183|182|24,question,en,0.0,1.0,0.5,0.5
b895,183|44|45|182,question,en,0.0,1.0,0.5,0.5
b896,183|31|32|182,question,en,0.0,1.0,0.5,0.5
b897,183|30|182|36|37,question,en,0.0,1.0,0.5,0.5
b898,184|31|32|30|181,question,en,0.0,1.0,0.5,0.5
b899,182|184|24|40,question,en,0.0,1.0,0.5,0.5
b900,184|182|24|43,question,en,0.0,1.0,0.5,0.5
b902,184|30|46|181|47,question,en,0.0,1.0,0.5,0.5
b961,183|184|36|37,question,en,0.0,1.0,0.5,0.5
b963,183|182|24|40,question,en,0.0,1.0,0.5,0.5
b965,183|182|33|24,question,en,0.0,1.0,0.5,0.5
b968,44|45|184|183,question,en,0.0,1.0,0.5,0.5
b970,27|38|182|181|37,question,en,0.0,1.0,0.5,0.5
b973,28|29|184|183,question,en,0.0,1.0,0.5,0.5
b974,183|184|24|40,question,en,0.0,1.0,0.5,0.5
b976,183|31|32|182,question,en,0.0,1.0,0.5,0.5
b979,181|182|24|40,question,en,0.0,1.0,0.5,0.5
b980,181|36|37|182,question,en,0.0,1.0,0.5,0.5
b981,183|184|36|37,question,en,0.0,1.0,0.5,0.5
b982,183|182|33|24,question,en,0.0,1.0,0.5,0.5
b903,181|183|24|25,question,en,0.0,1.0,0.5,0.5
b904,41|184|182|24,question,en,0.0,1.0,0.5,0.5
b905,41|183|182|24,question,en,0.0,1.0,0.5,0.5
b906,182|184|26|24,question,en,0.0,1.0,0.5,0.5
b910,182|184|24|40,question,en,0.0,1.0,0.5,0.5
b911,181|182|24|43,question,en,0.0,1.0,0.5,0.5
b912,181|184|24|43,question,en,0.0,1.0,0.5,0.5
b913,183|184|24|40,question,en,0.0,1.0,0.5,0.5
b914,184|24|30|181|33,question,en,0.0,1.0,0.5,0.5
b915,181|42|31|183,question,en,0.0,1.0,0.5,0.5
b916,181|184|31|32,question,en,0.0,1.0,0.5,0.5
b919,181|183|24|43,question,en,0.0,1.0,0.5,0.5
b921,181|39|184|38,question,en,0.0,1.0,0.5,0.5
b922,183|27|24|26|182,question,en,0.0,1.0,0.5,0.5
b923,181|31|32|182,question,en,0.0,1.0,0.5,0.5
b924,181|183|36|37,question,en,0.0,1.0,0.5,0.5
b926,181|182|24|40,question,en,0.0,1.0,0.5,0.5
b927,179|184|35|34|182,question,en,0.0,1.0,0.5,0.5
b929,184|182|24|43,question,en,0.0,1.0,0.5,0.5
b931,184|27|182|36|37,question,en,0.0,1.0,0.5,0.5
b681,183|182|26|24,question,en,0.0,1.0,0.5,0.5
b682,184|31|32|182,question,en,0.0,1.0,0.5,0.5
b684,50|183|182|24,question,en,0.0,1.0,0.5,0.5
b685,184|24|23|181|25,question,en,0.0,1.0,0.5,0.5
b686,179|184|38|39|30|182,question,en,0.0,1.0,0.5,0.5
b687,181|182|24|43,question,en,0.0,1.0,0.5,0.5
b691,181|50|183|24,question,en,0.0,1.0,0.5,0.5
b692,179|44|184|45|181,question,en,0.0,1.0,0.5,0.5
b695,28|183|30|29|181,question,en,0.0,1.0,0.5,0.5
b698,183|24|30|182|25,question,en,0.0,1.0,0.5,0.5
b703,39|184|182|38,question,en,0.0,1.0,0.5,0.5
b705,184|182|24|40,question,en,0.0,1.0,0.5,0.5
b706,183|182|26|24,question,en,0.0,1.0,0.5,0.5
b708,28|29|184|181,question,en,0.0,1.0,0.5,0.5
b739,24|30|182|181|25,question,en,0.0,1.0,0.5,0.5
b740,181|182|24|43,question,en,0.0,1.0,0.5,0.5
b741,183|27|38|39|182,question,en,0.0,1.0,0.5,0.5
b743,181|182|33|24,question,en,0.0,1.0,0.5,0.5
b744,183|31|32|182,question,en,0.0,1.0,0.5,0.5
b745,27|24|182|43|181,question,en,0.0,1.0,0.5,0.5
b747,181|182|26|24,question,en,0.0,1.0,0.5,0.5
b749,41|183|184|24,question,en,0.0,1.0,0.5,0.5
b750,183|31|32|182,question,en,0.0,1.0,0.5,0.5
b751,181|47|46|182,question,en,0.0,1.0,0.5,0.5
b752,181|36|37|182,question,en,0.0,1.0,0.5,0.5
b754,28|29|184|183,question,en,0.0,1.0,0.5,0.5
b755,181|44|45|182,question,en,0.0,1.0,0.5,0.5
b756,50|183|182|24,question,en,0.0,1.0,0.5,0.5
b757,181|182|24|40,question,en,0.0,1.0,0.5,0.5
b759,42|30|34|182|181,question,en,0.0,1.0,0.5,0.5
b762,183|44|30|45|182,question,en,0.0,1.0,0.5,0.5
b763,183|184|35|30|34,question,en,0.0,1.0,0.5,0.5
b1150,183|44|45|182,question,en,0.0,1.0,0.5,0.5
b794,179|44|183|45|185,question,en,0.0,1.0,0.5,0.5
b796,28|29|184|181,question,en,0.0,1.0,0.5,0.5
b801,183|184|26|24,question,en,0.0,1.0,0.5,0.5
b802,181|184|24|43,question,en,0.0,1.0,0.5,0.5
b803,179|185|46|181|47,question,en,0.0,1.0,0.5,0.5
b805,179|183|184|35|34,question,en,0.0,1.0,0.5,0.5
b806,184|38|39|30|181,question,en,0.0,1.0,0.5,0.5
b807,184|185|26|24,question,en,0.0,1.0,0.5,0.5
b808,28|184|32|181,question,en,0.0,1.0,0.5,0.5
b809,181|50|184|24,question,en,0.0,1.0,0.5,0.5
b812,181|184|24|43,question,en,0.0,1.0,0.5,0.5
b814,183|185|24|40,question,en,0.0,1.0,0.5,0.5
b815,179|184|38|39|181,question,en,0.0,1.0,0.5,0.5
b816,181|184|24|40,question,en,0.0,1.0,0.5,0.5
b818,181|184|47|46,question,en,0.0,1.0,0.5,0.5
b820,184|42|30|34|181,question,en,0.0,1.0,0.5,0.5
b1008,183|24|23|181|25,question,en,0.0,1.0,0.5,0.5
b1009,28|45|184|183,question,en,0.0,1.0,0.5,0.5
b1010,41|183|185|24,question,en,0.0,1.0,0.5,0.5
b1011,181|39|183|38,question,en,0.0,1.0,0.5,0.5
b1012,184|24|23|185|33,question,en,0.0,1.0,0.5,0.5
b1014,181|185|24|40,question,en,0.0,1.0,0.5,0.5
b1015,181|44|45|185,question,en,0.0,1.0,0.5,0.5
b1017,28|29|185|183,question,en,0.0,1.0,0.5,0.5
b1021,181|185|24|40,question,en,0.0,1.0,0.5,0.5
b1024,50|183|185|24,question,en,0.0,1.0,0.5,0.5
b1026,183|27|24|185|43,question,en,0.0,1.0,0.5,0.5
b1029,181|184|31|32,question,en,0.0,1.0,0.5,0.5
b1030,185|184|34|35,question,en,0.0,1.0,0.5,0.5
b1031,24|30|185|181|25,question,en,0.0,1.0,0.5,0.5
b1032,184|31|32|183,question,en,0.0,1.0,0.5,0.5
b1033,181|183|34|35,question,en,0.0,1.0,0.5,0.5
b1034,183|185|26|24,question,en,0.0,1.0,0.5,0.5
b1036,31|32|30|185|181,question,en,0.0,1.0,0.5,0.5
b1037,184|31|32|183,question,en,0.0,1.0,0.5,0.5
b229,183|185|33|24,question,en,0.0,1.0,0.5,0.5
b232,183|31|32|185,question,en,0.0,1.0,0.5,0.5
b233,28|29|181|185,question,en,0.0,1.0,0.5,0.5
b235,181|185|33|24,question,en,0.0,1.0,0.5,0.5
b236,44|45|185|183,question,en,0.0,1.0,0.5,0.5
b238,183|27|24|26|181,question,en,0.0,1.0,0.5,0.5
b240,181|185|34|35,question,en,0.0,1.0,0.5,0.5
b241,181|183|24|40,question,en,0.0,1.0,0.5,0.5
b242,41|183|185|24,question,en,0.0,1.0,0.5,0.5
b243,28|183|27|29|185,question,en,0.0,1.0,0.5,0.5
b245,183|185|24|25,question,en,0.0,1.0,0.5,0.5
b246,183|24|30|185|50,question,en,0.0,1.0,0.5,0.5
b247,181|185|31|32,question,en,0.0,1.0,0.5,0.5
b248,181|184|24|40,question,en,0.0,1.0,0.5,0.5
b249,184|27|38|39|185,question,en,0.0,1.0,0.5,0.5
b250,179|38|39|185|181,question,en,0.0,1.0,0.5,0.5
b251,183|184|36|37,question,en,0.0,1.0,0.5,0.5
b252,41|183|181|24,question,en,0.0,1.0,0.5,0.5
b253,185|31|32|183,question,en,0.0,1.0,0.5,0.5
b255,181|185|31|32,question,en,0.0,1.0,0.5,0.5
b1525,183|184|185|52|54,question,en,0.0,1.0,0.5,0.5
b1526,183|53|185|181|56|52,question,en,0.0,1.0,0.5,0.5
b1527,181|184|185|54,question,en,0.0,1.0,0.5,0.5
b1528,183|53|185|181|55|52,question,en,0.0,1.0,0.5,0.5
b1529,183|184|53|181|54|52,question,en,0.0,1.0,0.5,0.5
b1402,184|181|56|54|52,question,en,0.0,1.0,0.5,0.5
b1403,185|181|56|55|52,question,en,0.0,1.0,0.5,0.5
b1404,52|183|184|54,question,en,0.0,1.0,0.5,0.5
b1405,184|181|53|52|54,question,en,0.0,1.0,0.5,0.5
b1406,53|185|181|54|52,question,en,0.0,1.0,0.5,0.5
b1407,184|181|53|52|54,question,en,0.0,1.0,0.5,0.5
b1408,183|184|53|55|54,question,en,0.0,1.0,0.5,0.5
b1410,181|56|184|52,question,en,0.0,1.0,0.5,0.5
b1738,183|53|185|52|54,question,en,0.0,1.0,0.5,0.5
b1739,179|183|184|53|52|54,question,en,0.0,1.0,0.5,0.5
b1741,179|183|184|53|52|54,question,en,0.0,1.0,0.5,0.5
b1743,179|53|185|181|55|52,question,en,0.0,1.0,0.5,0.5
b1744,184|53|181|54|52,question,en,0.0,1.0,0.5,0.5
b1745,183|184|53|52|55,question,en,0.0,1.0,0.5,0.5
b1746,183|53|185|56|54,question,en,0.0,1.0,0.5,0.5
b1747,179|53|185|181|55|54,question,en,0.0,1.0,0.5,0.5
b1540,179|183|53|185|52|54,question,en,0.0,1.0,0.5,0.5
b1543,179|184|181|56|55|52,question,en,0.0,1.0,0.5,0.5
b1544,179|183|53|185|52|54,question,en,0.0,1.0,0.5,0.5
b1545,184|181|56|54|52,question,en,0.0,1.0,0.5,0.5
b1546,53|185|181|56|54,question,en,0.0,1.0,0.5,0.5
b1547,181|184|53|52,question,en,0.0,1.0,0.5,0.5
b1548,185|181|56|55|52,question,en,0.0,1.0,0.5,0.5
b1549,52|184|181|54,question,en,0.0,1.0,0.5,0.5
b1565,53|185|181|56|55,question,en,0.0,1.0,0.5,0.5
b1567,184|181|56|55|52,question,en,0.0,1.0,0.5,0.5
b1568,53|185|181|56|54,question,en,0.0,1.0,0.5,0.5
b1569,183|184|53|52|54,question,en,0.0,1.0,0.5,0.5
b1572,52|183|184|55,question,en,0.0,1.0,0.5,0.5
b1573,184|53|181|56|55,question,en,0.0,1.0,0.5,0.5
b1574,184|181|56|55|52,question,en,0.0,1.0,0.5,0.5
b1575,179|183|53|57|182|54,question,en,0.0,1.0,0.5,0.5
b1576,181|57|182|52|55,question,en,0.0,1.0,0.5,0.5
b1579,183|53|57|182|54,question,en,0.0,1.0,0.5,0.5
b1665,179|183|53|185|54|58,question,en,0.0,1.0,0.5,0.5
b1666,53|185|181|55|58,question,en,0.0,1.0,0.5,0.5
b1667,179|183|53|185|56|58,question,en,0.0,1.0,0.5,0.5
b1668,183|184|52|54|58,question,en,0.0,1.0,0.5,0.5
b1670,179|183|184|52|56|58,question,en,0.0,1.0,0.5,0.5
b1671,53|185|181|56|58,question,en,0.0,1.0,0.5,0.5
b1672,52|185|181|58,question,en,0.0,1.0,0.5,0.5
b1673,181|184|53|58,question,en,0.0,1.0,0.5,0.5
b1674,183|185|52|56|58,question,en,0.0,1.0,0.5,0.5
b1432,183|184|182|52|55,question,en,0.0,1.0,0.5,0.5
b1435,183|184|53|182|52|54,question,en,0.0,1.0,0.5,0.5
b1436,179|184|182|181|56|52,question,en,0.0,1.0,0.5,0.5
b1437,183|53|182|181|52,question,en,0.0,1.0,0.5,0.5
b1438,183|184|53|182|54,question,en,0.0,1.0,0.5,0.5
b1439,183|182|181|56|55|52,question,en,0.0,1.0,0.5,0.5
b1603,56|183|54|182,question,en,0.0,1.0,0.5,0.5
b1604,53|182|181|55|52,question,en,0.0,1.0,0.5,0.5
b1606,184|53|181|55|54,question,en,0.0,1.0,0.5,0.5
b1607,183|57|182|52|56,question,en,0.0,1.0,0.5,0.5
b1609,182|181|56|54|52,question,en,0.0,1.0,0.5,0.5
b1610,183|57|182|52|55,question,en,0.0,1.0,0.5,0.5
b1611,184|182|181|56|54|52,question,en,0.0,1.0,0.5,0.5
b1612,52|183|54|182,question,en,0.0,1.0,0.5,0.5
b1614,183|182|52|56|58,question,en,0.0,1.0,0.5,0.5
b1615,183|182|56|54|58,question,en,0.0,1.0,0.5,0.5
b1541,179|184|53|181|52,question,en,0.0,1.0,0.5,0.5
b1542,52|185|53|183,question,en,0.0,1.0,0.5,0.5
b1728,179|53|57|182|181|55,question,en,0.0,1.0,0.5,0.5
b1729,53|57|182|181|52,question,en,0.0,1.0,0.5,0.5
b1730,183|184|53|57|181|52,question,en,0.0,1.0,0.5,0.5
b1731,179|53|57|182|181|54,question,en,0.0,1.0,0.5,0.5
b1732,183|184|53|57|56,question,en,0.0,1.0,0.5,0.5
b1733,183|184|57|52|56,question,en,0.0,1.0,0.5,0.5
b1734,179|184|57|181|56|55,question,en,0.0,1.0,0.5,0.5
b1735,183|53|57|182|52,question,en,0.0,1.0,0.5,0.5
b1736,183|57|182|181|55|54,question,en,0.0,1.0,0.5,0.5
b1737,184|53|57|182|181|55,question,en,0.0,1.0,0.5,0.5
b1510,183|53|182|55|58,question,en,0.0,1.0,0.5,0.5
b1511,183|182|52|54|58,question,en,0.0,1.0,0.5,0.5
b1512,183|182|52|56|58,question,en,0.0,1.0,0.5,0.5
b1513,183|53|182|55|58,question,en,0.0,1.0,0.5,0.5
b1514,183|182|52|54|58,question,en,0.0,1.0,0.5,0.5
b1515,183|54|182|58,question,en,0.0,1.0,0.5,0.5
b1516,183|182|52|54|58,question,en,0.0,1.0,0.5,0.5
b1518,183|182|52|54|58,question,en,0.0,1.0,0.5,0.5
b1519,183|182|52|54|58,question,en,0.0,1.0,0.5,0.5
b1647,183|53|182|52|54,question,en,0.0,1.0,0.5,0.5
b1648,183|53|182|52|54,question,en,0.0,1.0,0.5,0.5
b1649,183|53|182|52|55,question,en,0.0,1.0,0.5,0.5
b1650,52|183|54|182,question,en,0.0,1.0,0.5,0.5
b1652,183|53|182|56|54,question,en,0.0,1.0,0.5,0.5
b1653,183|53|182|55|56,question,en,0.0,1.0,0.5,0.5
b1654,183|53|182|56|54,question,en,0.0,1.0,0.5,0.5
b1520,179|183|184|53|57|185|55,question,en,0.0,1.0,0.5,0.5
b1521,183|53|185|181|55|52,question,en,0.0,1.0,0.5,0.5
b1522,179|183|184|53|185|55,question,en,0.0,1.0,0.5,0.5
b1524,184|181|57|185|52,question,en,0.0,1.0,0.5,0.5
b1556,183|57|182|56|54,question,en,0.0,1.0,0.5,0.5
b1557,183|53|57|182|55,question,en,0.0,1.0,0.5,0.5
b1559,183|57|182|56|54,question,en,0.0,1.0,0.5,0.5
b1560,183|53|57|182|52,question,en,0.0,1.0,0.5,0.5
b1561,183|53|57|182|52,question,en,0.0,1.0,0.5,0.5
b1562,183|57|182|52|54,question,en,0.0,1.0,0.5,0.5
b1564,183|53|57|182|52,question,en,0.0,1.0,0.5,0.5
b1502,53|185|181|54|58,question,en,0.0,1.0,0.5,0.5
b1503,183|58|53|185,question,en,0.0,1.0,0.5,0.5
b1505,183|185|52|56|58,question,en,0.0,1.0,0.5,0.5
b1508,179|183|184|56|54|58,question,en,0.0,1.0,0.5,0.5
b1509,184|53|181|55|58,question,en,0.0,1.0,0.5,0.5
b1455,183|184|57|185|52|56,question,en,0.0,1.0,0.5,0.5
b1456,184|53|185|181|52,question,en,0.0,1.0,0.5,0.5
b1459,183|184|53|57|185|52,question,en,0.0,1.0,0.5,0.5
b1551,52|182|181|56|58,question,en,0.0,1.0,0.5,0.5
b1552,184|53|181|54|58,question,en,0.0,1.0,0.5,0.5
b1553,179|181|182|52|54|58,question,en,0.0,1.0,0.5,0.5
b1554,184|53|181|54|58,question,en,0.0,1.0,0.5,0.5
b1446,179|183|53|182|55,question,en,0.0,1.0,0.5,0.5
b1447,179|183|184|53|55|56,question,en,0.0,1.0,0.5,0.5
b1448,181|54|53|182,question,en,0.0,1.0,0.5,0.5
b1449,179|183|184|52|54,question,en,0.0,1.0,0.5,0.5
b1450,183|53|54|182,question,en,0.0,1.0,0.5,0.5
b1451,181|55|53|182,question,en,0.0,1.0,0.5,0.5
b1452,181|183|55|53,question,en,0.0,1.0,0.5,0.5
b1453,179|182|181|56|54|52,question,en,0.0,1.0,0.5,0.5
b1454,179|53|182|181|56|54,question,en,0.0,1.0,0.5,0.5
b1787,179|53|182|181|54|52,question,en,0.0,1.0,0.5,0.5
b1789,179|184|53|181|56|54,question,en,0.0,1.0,0.5,0.5
b1790,53|182|181|54|52,question,en,0.0,1.0,0.5,0.5
b1791,183|184|52|56|54,question,en,0.0,1.0,0.5,0.5
b1792,179|183|53|182|55|56,question,en,0.0,1.0,0.5,0.5
b1793,179|181|182|52|54,question,en,0.0,1.0,0.5,0.5
b1794,183|184|53|52|54,question,en,0.0,1.0,0.5,0.5
b1795,179|53|182|181|54|52,question,en,0.0,1.0,0.5,0.5
b1796,53|182|181|54|52,question,en,0.0,1.0,0.5,0.5
b1421,184|53|185|52|54,question,en,0.0,1.0,0.5,0.5
b1422,184|53|181|56|52,question,en,0.0,1.0,0.5,0.5
b1423,183|184|53|52|56,question,en,0.0,1.0,0.5,0.5
b1424,183|53|185|52|54,question,en,0.0,1.0,0.5,0.5
b1425,53|185|181|56|54,question,en,0.0,1.0,0.5,0.5
b1426,52|184|181|54,question,en,0.0,1.0,0.5,0.5
b1427,52|183|184|54,question,en,0.0,1.0,0.5,0.5
b1428,181|185|53|54,question,en,0.0,1.0,0.5,0.5
b1429,183|184|53|55|56,question,en,0.0,1.0,0.5,0.5
b1636,183|53|182|52|54,question,en,0.0,1.0,0.5,0.5
b1637,183|53|182|52|54,question,en,0.0,1.0,0.5,0.5
b1638,183|53|182|52|56,question,en,0.0,1.0,0.5,0.5
b1639,183|53|182|56|54,question,en,0.0,1.0,0.5,0.5
b1640,183|182|52|56|54,question,en,0.0,1.0,0.5,0.5
b1642,183|53|182|52|54,question,en,0.0,1.0,0.5,0.5
b1643,52|183|55|182,question,en,0.0,1.0,0.5,0.5
b1644,183|53|182|55|56,question,en,0.0,1.0,0.5,0.5
b1645,183|53|182|52|54,question,en,0.0,1.0,0.5,0.5
b1627,183|53|182|52|55,question,en,0.0,1.0,0.5,0.5
b1630,183|53|182|52|54,question,en,0.0,1.0,0.5,0.5
b1631,183|53|182|56|54,question,en,0.0,1.0,0.5,0.5
b1632,52|183|53|182,question,en,0.0,1.0,0.5,0.5
b1635,183|53|182|55|56,question,en,0.0,1.0,0.5,0.5
b1977,184|69|52|56|54,question,en,0.0,1.0,0.5,0.5
b1978,184|63|52|56|54,question,en,0.0,1.0,0.5,0.5
b1979,184|53|60|52|54,question,en,0.0,1.0,0.5,0.5
b1981,184|53|59|52|54,question,en,0.0,1.0,0.5,0.5
b1982,184|67|52|56|54,question,en,0.0,1.0,0.5,0.5
b1984,52|184|53|68,question,en,0.0,1.0,0.5,0.5
b1985,184|53|60|56|54,question,en,0.0,1.0,0.5,0.5
b1986,184|59|52|56|54,question,en,0.0,1.0,0.5,0.5
b1927,56|54|60|182,question,en,0.0,1.0,0.5,0.5
b1928,179|67|181|56|52,question,en,0.0,1.0,0.5,0.5
b1929,179|184|59|52|56|55,question,en,0.0,1.0,0.5,0.5
b1930,179|53|60|182|55|56,question,en,0.0,1.0,0.5,0.5
b1931,52|183|53|59,question,en,0.0,1.0,0.5,0.5
b1932,179|184|53|60|54,question,en,0.0,1.0,0.5,0.5
b1933,52|182|53|59,question,en,0.0,1.0,0.5,0.5
b1934,183|53|60|52|54,question,en,0.0,1.0,0.5,0.5
b1935,181|68|52|56|55,question,en,0.0,1.0,0.5,0.5
b1936,183|53|64|52|56,question,en,0.0,1.0,0.5,0.5
b2125,52|56|182|70,question,en,0.0,1.0,0.5,0.5
b1957,179|60|182|52|56|58,question,en,0.0,1.0,0.5,0.5
b1958,53|59|181|54|58,question,en,0.0,1.0,0.5,0.5
b1960,52|182|59|58,question,en,0.0,1.0,0.5,0.5
b1961,179|183|64|52|56|58,question,en,0.0,1.0,0.5,0.5
b1964,179|183|63|52|54|58,question,en,0.0,1.0,0.5,0.5
b1965,52|181|63|58,question,en,0.0,1.0,0.5,0.5
b1966,64|182|52|55|58,question,en,0.0,1.0,0.5,0.5
b2048,53|59|181|55|52,question,en,0.0,1.0,0.5,0.5
b2049,54|184|60|53,question,en,0.0,1.0,0.5,0.5
b2051,183|60|54|53,question,en,0.0,1.0,0.5,0.5
b2052,179|184|52|56|55|62,question,en,0.0,1.0,0.5,0.5
b2053,179|63|182|52|56|54,question,en,0.0,1.0,0.5,0.5
b2055,181|53|64|52,question,en,0.0,1.0,0.5,0.5
b2056,52|56|183|59,question,en,0.0,1.0,0.5,0.5
b1937,53|60|182|56|54,question,en,0.0,1.0,0.5,0.5
b1938,52|56|182|63,question,en,0.0,1.0,0.5,0.5
b1939,182|59|52|56|54,question,en,0.0,1.0,0.5,0.5
b1940,52|182|53|59,question,en,0.0,1.0,0.5,0.5
b1941,52|54|182|59,question,en,0.0,1.0,0.5,0.5
b1942,52|56|66|182,question,en,0.0,1.0,0.5,0.5
b1943,54|182|53|59,question,en,0.0,1.0,0.5,0.5
b1944,66|182|52|56|54,question,en,0.0,1.0,0.5,0.5
b1945,53|60|182|56|54,question,en,0.0,1.0,0.5,0.5
b1946,53|68|182|52|56,question,en,0.0,1.0,0.5,0.5
b1967,60|185|52|56|58,question,en,0.0,1.0,0.5,0.5
b1968,52|59|181|56|58,question,en,0.0,1.0,0.5,0.5
b1969,63|185|56|54|58,question,en,0.0,1.0,0.5,0.5
b1970,183|59|52|56|58,question,en,0.0,1.0,0.5,0.5
b1971,179|53|60|181|56|58,question,en,0.0,1.0,0.5,0.5
b1972,179|54|181|56|70|58,question,en,0.0,1.0,0.5,0.5
b1973,183|59|52|56|58,question,en,0.0,1.0,0.5,0.5
b1974,183|53|55|62|58,question,en,0.0,1.0,0.5,0.5
b1975,60|185|56|54|58,question,en,0.0,1.0,0.5,0.5
b1976,183|53|60|54|58,question,en,0.0,1.0,0.5,0.5
b1833,179|53|63|181|54|52,question,en,0.0,1.0,0.5,0.5
b1834,65|185|52|56|54,question,en,0.0,1.0,0.5,0.5
b1835,52|56|183|63,question,en,0.0,1.0,0.5,0.5
b1836,52|56|184|59,question,en,0.0,1.0,0.5,0.5
b1837,181|56|63|52,question,en,0.0,1.0,0.5,0.5
b1839,181|60|53|52,question,en,0.0,1.0,0.5,0.5
b1840,52|183|53|64,question,en,0.0,1.0,0.5,0.5
b1841,183|53|67|52|54,question,en,0.0,1.0,0.5,0.5
b1864,68|182|52|54|58,question,en,0.0,1.0,0.5,0.5
b1866,53|63|182|54|58,question,en,0.0,1.0,0.5,0.5
b1842,53|60|182|52|56,question,en,0.0,1.0,0.5,0.5
b1843,182|59|55|56|54,question,en,0.0,1.0,0.5,0.5
b1844,70|182|52|56|54,question,en,0.0,1.0,0.5,0.5
b1845,52|182|53|59,question,en,0.0,1.0,0.5,0.5
b1846,53|60|182|56|54,question,en,0.0,1.0,0.5,0.5
b1847,53|68|182|52|55,question,en,0.0,1.0,0.5,0.5
b1848,67|182|52|56|54,question,en,0.0,1.0,0.5,0.5
b1851,52|182|64|54,question,en,0.0,1.0,0.5,0.5
b1947,185|52|56|55|70,question,en,0.0,1.0,0.5,0.5
b1948,53|60|185|55|54,question,en,0.0,1.0,0.5,0.5
b1949,183|64|52|56|55,question,en,0.0,1.0,0.5,0.5
b1950,52|57|181|59,question,en,0.0,1.0,0.5,0.5
b1951,57|60|181|56|54,question,en,0.0,1.0,0.5,0.5
b1954,183|66|57|52|55,question,en,0.0,1.0,0.5,0.5
b1955,53|60|181|55|58,question,en,0.0,1.0,0.5,0.5
b1956,184|59|55|56|58,question,en,0.0,1.0,0.5,0.5
b8071,181|15|2,question,en,0.0,1.0,0.5,0.5
b8072,183|2|12,question,en,0.0,1.0,0.5,0.5
b8073,185|2|12,question,en,0.0,1.0,0.5,0.5
b8074,181|2|8,question,en,0.0,1.0,0.5,0.5
b8075,1|185|2,question,en,0.0,1.0,0.5,0.5
b8296,22|185|2,question,en,0.0,1.0,0.5,0.5
b8297,15|185|2,question,en,0.0,1.0,0.5,0.5
b8298,1|2|183,question,en,0.0,1.0,0.5,0.5
b8299,16|185|2,question,en,0.0,1.0,0.5,0.5
b8300,181|7|10,question,en,0.0,1.0,0.5,0.5
b8301,1|185|2,question,en,0.0,1.0,0.5,0.5
b8196,185|2|8,question,en,0.0,1.0,0.5,0.5
b8197,22|185|2,question,en,0.0,1.0,0.5,0.5
b8198,181|22|2,question,en,0.0,1.0,0.5,0.5
b8199,183|2|8,question,en,0.0,1.0,0.5,0.5
b8200,7|185|6,question,en,0.0,1.0,0.5,0.5
b8201,181|14|2,question,en,0.0,1.0,0.5,0.5
b8202,20|185|21,question,en,0.0,1.0,0.5,0.5
b8203,9|185|2,question,en,0.0,1.0,0.5,0.5
b8204,181|20|21,question,en,0.0,1.0,0.5,0.5
b8156,184|3|2,question,en,0.0,1.0,0.5,0.5
b8157,181|22|2,question,en,0.0,1.0,0.5,0.5
b8158,14|2|182,question,en,0.0,1.0,0.5,0.5
b8159,183|7|17,question,en,0.0,1.0,0.5,0.5
b8160,184|20|21,question,en,0.0,1.0,0.5,0.5
b8161,181|9|2,question,en,0.0,1.0,0.5,0.5
b8162,2|5|182,question,en,0.0,1.0,0.5,0.5
b8163,22|2|183,question,en,0.0,1.0,0.5,0.5
b8164,184|7|6,question,en,0.0,1.0,0.5,0.5
b8165,181|9|2,question,en,0.0,1.0,0.5,0.5
b8062,4|2|182,question,en,0.0,1.0,0.5,0.5
b8063,183|16|2,question,en,0.0,1.0,0.5,0.5
b8064,9|184|2,question,en,0.0,1.0,0.5,0.5
b8065,181|20|21,question,en,0.0,1.0,0.5,0.5
b8066,2|5|182,question,en,0.0,1.0,0.5,0.5
b8067,183|7|6,question,en,0.0,1.0,0.5,0.5
b8068,9|184|2,question,en,0.0,1.0,0.5,0.5
b8069,181|2|12,question,en,0.0,1.0,0.5,0.5
b8070,7|182|6,question,en,0.0,1.0,0.5,0.5
b8276,183|7|6,question,en,0.0,1.0,0.5,0.5
b8277,184|7|6,question,en,0.0,1.0,0.5,0.5
b8278,181|15|2,question,en,0.0,1.0,0.5,0.5
b8279,9|2|182,question,en,0.0,1.0,0.5,0.5
b8280,183|2|5,question,en,0.0,1.0,0.5,0.5
b8281,184|7|10,question,en,0.0,1.0,0.5,0.5
b8282,181|2|8,question,en,0.0,1.0,0.5,0.5
b8283,4|2|182,question,en,0.0,1.0,0.5,0.5
b8284,183|7|6,question,en,0.0,1.0,0.5,0.5
b8285,22|184|2,question,en,0.0,1.0,0.5,0.5
b8266,181|2|8,question,en,0.0,1.0,0.5,0.5
b8267,16|2|182,question,en,0.0,1.0,0.5,0.5
b8268,183|2|5,question,en,0.0,1.0,0.5,0.5
b8269,9|184|2,question,en,0.0,1.0,0.5,0.5
b8270,181|18|7,question,en,0.0,1.0,0.5,0.5
b8271,14|2|182,question,en,0.0,1.0,0.5,0.5
b8272,1|2|183,question,en,0.0,1.0,0.5,0.5
b8273,4|184|2,question,en,0.0,1.0,0.5,0.5
b8274,181|7|6,question,en,0.0,1.0,0.5,0.5
b8275,18|7|182,question,en,0.0,1.0,0.5,0.5
b8086,183|16|2,question,en,0.0,1.0,0.5,0.5
b8087,1|184|2,question,en,0.0,1.0,0.5,0.5
b8088,181|2|19,question,en,0.0,1.0,0.5,0.5
b8089,14|2|182,question,en,0.0,1.0,0.5,0.5
b8090,183|7|6,question,en,0.0,1.0,0.5,0.5
b8091,184|7|6,question,en,0.0,1.0,0.5,0.5
b8092,181|7|11,question,en,0.0,1.0,0.5,0.5
b8093,182|2|8,question,en,0.0,1.0,0.5,0.5
b8094,183|14|2,question,en,0.0,1.0,0.5,0.5
b8095,9|184|2,question,en,0.0,1.0,0.5,0.5
b8042,181|2|8,question,en,0.0,1.0,0.5,0.5
b8043,7|17|182,question,en,0.0,1.0,0.5,0.5
b8044,183|2|8,question,en,0.0,1.0,0.5,0.5
b8045,4|184|2,question,en,0.0,1.0,0.5,0.5
b8046,181|2|8,question,en,0.0,1.0,0.5,0.5
b8047,7|11|182,question,en,0.0,1.0,0.5,0.5
b8048,183|7|6,question,en,0.0,1.0,0.5,0.5
b8049,4|184|2,question,en,0.0,1.0,0.5,0.5
b8050,181|7|10,question,en,0.0,1.0,0.5,0.5
b8051,3|2|182,question,en,0.0,1.0,0.5,0.5
b8106,183|7|10,question,en,0.0,1.0,0.5,0.5
b8107,184|2|19,question,en,0.0,1.0,0.5,0.5
b8108,181|1|2,question,en,0.0,1.0,0.5,0.5
b8109,14|2|182,question,en,0.0,1.0,0.5,0.5
b8110,183|7|11,question,en,0.0,1.0,0.5,0.5
b8111,184|3|2,question,en,0.0,1.0,0.5,0.5
b8112,181|7|11,question,en,0.0,1.0,0.5,0.5
b8113,2|5|182,question,en,0.0,1.0,0.5,0.5
b8114,183|7|11,question,en,0.0,1.0,0.5,0.5
b8115,184|2|19,question,en,0.0,1.0,0.5,0.5
b8205,183|2|5,question,en,0.0,1.0,0.5,0.5
b8206,184|7|6,question,en,0.0,1.0,0.5,0.5
b8207,181|2|8,question,en,0.0,1.0,0.5,0.5
b8208,9|2|182,question,en,0.0,1.0,0.5,0.5
b8209,22|2|183,question,en,0.0,1.0,0.5,0.5
b8210,184|7|6,question,en,0.0,1.0,0.5,0.5
b8211,181|2|8,question,en,0.0,1.0,0.5,0.5
b8212,2|180|182,question,en,0.0,1.0,0.5,0.5
b8213,183|2|180,question,en,0.0,1.0,0.5,0.5
b8214,22|184|2,question,en,0.0,1.0,0.5,0.5
b8176,181|3|2,question,en,0.0,1.0,0.5,0.5
b8177,1|2|182,question,en,0.0,1.0,0.5,0.5
b8178,183|7|6,question,en,0.0,1.0,0.5,0.5
b8179,184|7|6,question,en,0.0,1.0,0.5,0.5
b8180,181|18|7,question,en,0.0,1.0,0.5,0.5
b8181,22|2|182,question,en,0.0,1.0,0.5,0.5
b8182,15|2|183,question,en,0.0,1.0,0.5,0.5
b8183,184|7|6,question,en,0.0,1.0,0.5,0.5
b8184,181|2|8,question,en,0.0,1.0,0.5,0.5
b8185,182|2|8,question,en,0.0,1.0,0.5,0.5
b8215,18|183|7,question,en,0.0,1.0,0.5,0.5
b8216,184|2|12,question,en,0.0,1.0,0.5,0.5
b8217,181|9|2,question,en,0.0,1.0,0.5,0.5
b8218,182|2|8,question,en,0.0,1.0,0.5,0.5
b8219,183|2|12,question,en,0.0,1.0,0.5,0.5
b8220,184|20|21,question,en,0.0,1.0,0.5,0.5
b8221,181|14|2,question,en,0.0,1.0,0.5,0.5
b8222,1|2|182,question,en,0.0,1.0,0.5,0.5
b8223,183|2|180,question,en,0.0,1.0,0.5,0.5
b8224,184|14|2,question,en,0.0,1.0,0.5,0.5
b8116,181|3|2,question,en,0.0,1.0,0.5,0.5
b8117,7|182|6,question,en,0.0,1.0,0.5,0.5
b8118,9|2|183,question,en,0.0,1.0,0.5,0.5
b8119,184|2|8,question,en,0.0,1.0,0.5,0.5
b8120,181|7|6,question,en,0.0,1.0,0.5,0.5
b8121,2|19|182,question,en,0.0,1.0,0.5,0.5
b8122,183|2|8,question,en,0.0,1.0,0.5,0.5
b8123,184|2|8,question,en,0.0,1.0,0.5,0.5
b8124,181|7|6,question,en,0.0,1.0,0.5,0.5
b8125,7|11|182,question,en,0.0,1.0,0.5,0.5
b8032,18|183|7,question,en,0.0,1.0,0.5,0.5
b8033,184|2|12,question,en,0.0,1.0,0.5,0.5
b8034,181|9|2,question,en,0.0,1.0,0.5,0.5
b8035,2|5|182,question,en,0.0,1.0,0.5,0.5
b8036,183|7|17,question,en,0.0,1.0,0.5,0.5
b8037,184|2|180,question,en,0.0,1.0,0.5,0.5
b8038,181|22|2,question,en,0.0,1.0,0.5,0.5
b8039,7|182|10,question,en,0.0,1.0,0.5,0.5
b8040,9|2|183,question,en,0.0,1.0,0.5,0.5
b8041,4|184|2,question,en,0.0,1.0,0.5,0.5
b8022,181|7|10,question,en,0.0,1.0,0.5,0.5
b8023,182|2|8,question,en,0.0,1.0,0.5,0.5
b8024,183|2|8,question,en,0.0,1.0,0.5,0.5
b8025,184|2|5,question,en,0.0,1.0,0.5,0.5
b8026,181|1|2,question,en,0.0,1.0,0.5,0.5
b8027,1|2|182,question,en,0.0,1.0,0.5,0.5
b8028,183|14|2,question,en,0.0,1.0,0.5,0.5
b8029,184|14|2,question,en,0.0,1.0,0.5,0.5
b8030,181|18|7,question,en,0.0,1.0,0.5,0.5
b8031,22|2|182,question,en,0.0,1.0,0.5,0.5
b8225,181|9|2,question,en,0.0,1.0,0.5,0.5
b8226,9|2|182,question,en,0.0,1.0,0.5,0.5
b8227,183|14|2,question,en,0.0,1.0,0.5,0.5
b8228,184|2|5,question,en,0.0,1.0,0.5,0.5
b8229,181|14|2,question,en,0.0,1.0,0.5,0.5
b8230,1|2|182,question,en,0.0,1.0,0.5,0.5
b8231,183|7|17,question,en,0.0,1.0,0.5,0.5
b8232,184|7|10,question,en,0.0,1.0,0.5,0.5
b8233,181|7|17,question,en,0.0,1.0,0.5,0.5
b8234,2|5|182,question,en,0.0,1.0,0.5,0.5
b8126,4|2|183,question,en,0.0,1.0,0.5,0.5
b8127,184|2|5,question,en,0.0,1.0,0.5,0.5
b8128,181|22|2,question,en,0.0,1.0,0.5,0.5
b8129,182|2|8,question,en,0.0,1.0,0.5,0.5
b8130,22|2|183,question,en,0.0,1.0,0.5,0.5
b8131,184|2|8,question,en,0.0,1.0,0.5,0.5
b8132,181|20|21,question,en,0.0,1.0,0.5,0.5
b8133,7|17|182,question,en,0.0,1.0,0.5,0.5
b8134,18|183|7,question,en,0.0,1.0,0.5,0.5
b8135,9|184|2,question,en,0.0,1.0,0.5,0.5
b8136,181|20|21,question,en,0.0,1.0,0.5,0.5
b8137,7|182|6,question,en,0.0,1.0,0.5,0.5
b8138,183|7|6,question,en,0.0,1.0,0.5,0.5
b8139,184|7|6,question,en,0.0,1.0,0.5,0.5
b8140,181|18|7,question,en,0.0,1.0,0.5,0.5
b8141,15|2|182,question,en,0.0,1.0,0.5,0.5
b8142,183|7|12,question,en,0.0,1.0,0.5,0.5
b8143,184|2|13,question,en,0.0,1.0,0.5,0.5
b8144,181|9|2,question,en,0.0,1.0,0.5,0.5
b8145,182|2|8,question,en,0.0,1.0,0.5,0.5
b8286,183|7|6,question,en,0.0,1.0,0.5,0.5
b8287,18|184|7,question,en,0.0,1.0,0.5,0.5
b8288,181|2|5,question,en,0.0,1.0,0.5,0.5
b8289,18|7|182,question,en,0.0,1.0,0.5,0.5
b8290,4|2|183,question,en,0.0,1.0,0.5,0.5
b8291,184|2|13,question,en,0.0,1.0,0.5,0.5
b8292,181|4|2,question,en,0.0,1.0,0.5,0.5
b8293,7|182|6,question,en,0.0,1.0,0.5,0.5
b8294,183|2|8,question,en,0.0,1.0,0.5,0.5
b8295,184|7|6,question,en,0.0,1.0,0.5,0.5
b8186,181|18|7,question,en,0.0,1.0,0.5,0.5
b8187,7|182|6,question,en,0.0,1.0,0.5,0.5
b8188,183|2|180,question,en,0.0,1.0,0.5,0.5
b8189,184|2|180,question,en,0.0,1.0,0.5,0.5
b8190,181|7|6,question,en,0.0,1.0,0.5,0.5
b8191,2|180|182,question,en,0.0,1.0,0.5,0.5
b8192,183|2|180,question,en,0.0,1.0,0.5,0.5
b8193,184|7|6,question,en,0.0,1.0,0.5,0.5
b8194,181|2|180,question,en,0.0,1.0,0.5,0.5
b8195,2|19|182,question,en,0.0,1.0,0.5,0.5
b8255,183|2|19,question,en,0.0,1.0,0.5,0.5
b8256,184|2|19,question,en,0.0,1.0,0.5,0.5
b8257,181|2|19,question,en,0.0,1.0,0.5,0.5
b8258,2|19|182,question,en,0.0,1.0,0.5,0.5
b8259,183|3|2,question,en,0.0,1.0,0.5,0.5
b8260,184|3|2,question,en,0.0,1.0,0.5,0.5
b8261,181|3|2,question,en,0.0,1.0,0.5,0.5
b8262,18|7|182,question,en,0.0,1.0,0.5,0.5
b8263,183|7|6,question,en,0.0,1.0,0.5,0.5
b8264,184|7|11,question,en,0.0,1.0,0.5,0.5
b8265,181|7|11,question,en,0.0,1.0,0.5,0.5
b8321,53|61|182|52|55,question,en,0.0,1.0,0.5,0.5
b8322,61|181|56|55|52,question,en,0.0,1.0,0.5,0.5
b8323,183|61|52|56|54,question,en,0.0,1.0,0.5,0.5
b8324,194|182|52|56|54,question,en,0.0,1.0,0.5,0.5
b8325,194|56|182|52,question,en,0.0,1.0,0.5,0.5
b8326,194|181|56|54|52,question,en,0.0,1.0,0.5,0.5
b8327,183|53|194|55|52,question,en,0.0,1.0,0.5,0.5
b8328,194|53|181|54,question,en,0.0,1.0,0.5,0.5
b8329,183|194|55|56|54,question,en,0.0,1.0,0.5,0.5
b8330,53|194|182|52|54,question,en,0.0,1.0,0.5,0.5
b2007,52|57|181|63,question,en,0.0,1.0,0.5,0.5
b2008,179|57|182|52|70,question,en,0.0,1.0,0.5,0.5
b2009,184|69|57|52|55,question,en,0.0,1.0,0.5,0.5
b2010,183|57|59|52|56,question,en,0.0,1.0,0.5,0.5
b2011,53|57|60|182|54,question,en,0.0,1.0,0.5,0.5
b2013,184|63|57|56|54,question,en,0.0,1.0,0.5,0.5
b2014,57|59|181|54|52,question,en,0.0,1.0,0.5,0.5
b2016,57|59|181|56|54,question,en,0.0,1.0,0.5,0.5
b6054,88,question,en,0.0,1.0,0.5,0.5
b6055,88,question,en,0.0,1.0,0.5,0.5
b6056,88,question,en,0.0,1.0,0.5,0.5
b6057,88,question,en,0.0,1.0,0.5,0.5
b6058,88,question,en,0.0,1.0,0.5,0.5
b6059,88,question,en,0.0,1.0,0.5,0.5
b6060,88,question,en,0.0,1.0,0.5,0.5
b6061,88,question,en,0.0,1.0,0.5,0.5
b6062,88,question,en,0.0,1.0,0.5,0.5
b6063,88,question,en,0.0,1.0,0.5,0.5
b6064,88,question,en,0.0,1.0,0.5,0.5
b6065,88,question,en,0.0,1.0,0.5,0.5
b6066,88,question,en,0.0,1.0,0.5,0.5
b6067,88,question,en,0.0,1.0,0.5,0.5
b6068,88,question,en,0.0,1.0,0.5,0.5
b6069,144,question,en,0.0,1.0,0.5,0.5
b6070,144,question,en,0.0,1.0,0.5,0.5
b6071,144,question,en,0.0,1.0,0.5,0.5
b6072,144,question,en,0.0,1.0,0.5,0.5
b6073,144,question,en,0.0,1.0,0.5,0.5
b6074,142,question,en,0.0,1.0,0.5,0.5
b6075,142,question,en,0.0,1.0,0.5,0.5
b6076,142,question,en,0.0,1.0,0.5,0.5
b6077,142,question,en,0.0,1.0,0.5,0.5
b6078,142,question,en,0.0,1.0,0.5,0.5
b6079,142,question,en,0.0,1.0,0.5,0.5
b6080,117,question,en,0.0,1.0,0.5,0.5
b6081,142,question,en,0.0,1.0,0.5,0.5
b6082,142,question,en,0.0,1.0,0.5,0.5
b6083,142,question,en,0.0,1.0,0.5,0.5
b6084,142,question,en,0.0,1.0,0.5,0.5
b6085,142,question,en,0.0,1.0,0.5,0.5
b6086,142,question,en,0.0,1.0,0.5,0.5
b6087,142,question,en,0.0,1.0,0.5,0.5
b6088,142,question,en,0.0,1.0,0.5,0.5
b6089,138,question,en,0.0,1.0,0.5,0.5
b6090,138,question,en,0.0,1.0,0.5,0.5
b6091,138,question,en,0.0,1.0,0.5,0.5
b6092,138,question,en,0.0,1.0,0.5,0.5
b6093,138,question,en,0.0,1.0,0.5,0.5
b6094,128,question,en,0.0,1.0,0.5,0.5
b6095,128,question,en,0.0,1.0,0.5,0.5
b6096,128,question,en,0.0,1.0,0.5,0.5
b6097,128,question,en,0.0,1.0,0.5,0.5
b6098,128,question,en,0.0,1.0,0.5,0.5
b6099,128,question,en,0.0,1.0,0.5,0.5
b6100,128,question,en,0.0,1.0,0.5,0.5
b6101,128,question,en,0.0,1.0,0.5,0.5
b6102,128,question,en,0.0,1.0,0.5,0.5
b6103,128,question,en,0.0,1.0,0.5,0.5
b4758,135,question,en,0.0,1.0,0.5,0.5
b4759,74,question,en,0.0,1.0,0.5,0.5
b4760,88,question,en,0.0,1.0,0.5,0.5
b4761,71,question,en,0.0,1.0,0.5,0.5
b4763,104,question,en,0.0,1.0,0.5,0.5
b4766,90,question,en,0.0,1.0,0.5,0.5
b4767,119,question,en,0.0,1.0,0.5,0.5
b4768,74,question,en,0.0,1.0,0.5,0.5
b4769,79,question,en,0.0,1.0,0.5,0.5
b4770,71,question,en,0.0,1.0,0.5,0.5
b4771,78,question,en,0.0,1.0,0.5,0.5
b4773,119,question,en,0.0,1.0,0.5,0.5
b4774,94,question,en,0.0,1.0,0.5,0.5
b4775,100,question,en,0.0,1.0,0.5,0.5
b4776,106,question,en,0.0,1.0,0.5,0.5
b4778,71,question,en,0.0,1.0,0.5,0.5
b4779,84,question,en,0.0,1.0,0.5,0.5
b4780,74,question,en,0.0,1.0,0.5,0.5
b4782,73,question,en,0.0,1.0,0.5,0.5
b4783,119,question,en,0.0,1.0,0.5,0.5
b4785,72,question,en,0.0,1.0,0.5,0.5
b4786,129,question,en,0.0,1.0,0.5,0.5
b4787,97,question,en,0.0,1.0,0.5,0.5
b4788,78,question,en,0.0,1.0,0.5,0.5
b4789,86,question,en,0.0,1.0,0.5,0.5
b4792,74,question,en,0.0,1.0,0.5,0.5
b4793,108,question,en,0.0,1.0,0.5,0.5
b4794,88,question,en,0.0,1.0,0.5,0.5
b4795,71,question,en,0.0,1.0,0.5,0.5
b2234,78,question,en,0.0,1.0,0.5,0.5
b2235,78,question,en,0.0,1.0,0.5,0.5
b2236,78,question,en,0.0,1.0,0.5,0.5
b2238,78,question,en,0.0,1.0,0.5,0.5
b2239,78,question,en,0.0,1.0,0.5,0.5
b2240,78,question,en,0.0,1.0,0.5,0.5
b2242,78,question,en,0.0,1.0,0.5,0.5
b2243,78,question,en,0.0,1.0,0.5,0.5
b2244,78,question,en,0.0,1.0,0.5,0.5
b2245,78,question,en,0.0,1.0,0.5,0.5
b2246,78,question,en,0.0,1.0,0.5,0.5
b2247,78,question,en,0.0,1.0,0.5,0.5
b2249,78,question,en,0.0,1.0,0.5,0.5
b2252,78,question,en,0.0,1.0,0.5,0.5
b2253,78,question,en,0.0,1.0,0.5,0.5
b2254,78,question,en,0.0,1.0,0.5,0.5
b2256,78,question,en,0.0,1.0,0.5,0.5
b2257,78,question,en,0.0,1.0,0.5,0.5
b2259,78,question,en,0.0,1.0,0.5,0.5
b2260,78,question,en,0.0,1.0,0.5,0.5
b2261,78,question,en,0.0,1.0,0.5,0.5
b2262,78,question,en,0.0,1.0,0.5,0.5
b2263,78,question,en,0.0,1.0,0.5,0.5
b2266,78,question,en,0.0,1.0,0.5,0.5
b2267,78,question,en,0.0,1.0,0.5,0.5
b2268,78,question,en,0.0,1.0,0.5,0.5
b2269,78,question,en,0.0,1.0,0.5,0.5
b2270,78,question,en,0.0,1.0,0.5,0.5
b2271,78,question,en,0.0,1.0,0.5,0.5
b2272,78,question,en,0.0,1.0,0.5,0.5
b2273,78,question,en,0.0,1.0,0.5,0.5
b2274,78,question,en,0.0,1.0,0.5,0.5
b2277,78,question,en,0.0,1.0,0.5,0.5
b2278,78,question,en,0.0,1.0,0.5,0.5
b2280,78,question,en,0.0,1.0,0.5,0.5
b2281,78,question,en,0.0,1.0,0.5,0.5
b6507,76,question,en,0.0,1.0,0.5,0.5
b6508,85,question,en,0.0,1.0,0.5,0.5
b6509,85,question,en,0.0,1.0,0.5,0.5
b6510,85,question,en,0.0,1.0,0.5,0.5
b6511,76,question,en,0.0,1.0,0.5,0.5
b6512,85,question,en,0.0,1.0,0.5,0.5
b6513,85,question,en,0.0,1.0,0.5,0.5
b6515,85,question,en,0.0,1.0,0.5,0.5
b6516,85,question,en,0.0,1.0,0.5,0.5
b6517,85,question,en,0.0,1.0,0.5,0.5
b6518,85,question,en,0.0,1.0,0.5,0.5
b6519,85,question,en,0.0,1.0,0.5,0.5
b6520,85,question,en,0.0,1.0,0.5,0.5
b6521,85,question,en,0.0,1.0,0.5,0.5
b6522,77,question,en,0.0,1.0,0.5,0.5
b6524,85,question,en,0.0,1.0,0.5,0.5
b6525,85,question,en,0.0,1.0,0.5,0.5
b6526,85,question,en,0.0,1.0,0.5,0.5
b6527,76,question,en,0.0,1.0,0.5,0.5
b6528,85,question,en,0.0,1.0,0.5,0.5
b6529,76,question,en,0.0,1.0,0.5,0.5
b6530,85,question,en,0.0,1.0,0.5,0.5
b6531,77,question,en,0.0,1.0,0.5,0.5
b6532,77,question,en,0.0,1.0,0.5,0.5
b6533,85,question,en,0.0,1.0,0.5,0.5
b6534,85,question,en,0.0,1.0,0.5,0.5
b6535,85,question,en,0.0,1.0,0.5,0.5
b6536,85,question,en,0.0,1.0,0.5,0.5
b6537,85,question,en,0.0,1.0,0.5,0.5
b6538,77,question,en,0.0,1.0,0.5,0.5
b6539,77,question,en,0.0,1.0,0.5,0.5
b6540,85,question,en,0.0,1.0,0.5,0.5
b6541,76,question,en,0.0,1.0,0.5,0.5
b6542,76,question,en,0.0,1.0,0.5,0.5
b6543,85,question,en,0.0,1.0,0.5,0.5
b6544,85,question,en,0.0,1.0,0.5,0.5
b6545,77,question,en,0.0,1.0,0.5,0.5
b6546,85,question,en,0.0,1.0,0.5,0.5
b6547,76,question,en,0.0,1.0,0.5,0.5
b6548,85,question,en,0.0,1.0,0.5,0.5
b6549,85,question,en,0.0,1.0,0.5,0.5
b6550,85,question,en,0.0,1.0,0.5,0.5
b6551,85,question,en,0.0,1.0,0.5,0.5
b6552,85,question,en,0.0,1.0,0.5,0.5
b6553,76,question,en,0.0,1.0,0.5,0.5
b6554,85,question,en,0.0,1.0,0.5,0.5
b6555,76,question,en,0.0,1.0,0.5,0.5
b6556,76,question,en,0.0,1.0,0.5,0.5
b4364,98,question,en,0.0,1.0,0.5,0.5
b4365,84,question,en,0.0,1.0,0.5,0.5
b4367,98,question,en,0.0,1.0,0.5,0.5
b4368,98,question,en,0.0,1.0,0.5,0.5
b4370,80,question,en,0.0,1.0,0.5,0.5
b4371,84,question,en,0.0,1.0,0.5,0.5
b4375,84,question,en,0.0,1.0,0.5,0.5
b4376,98,question,en,0.0,1.0,0.5,0.5
b4377,98,question,en,0.0,1.0,0.5,0.5
b4378,98,question,en,0.0,1.0,0.5,0.5
b4381,104,question,en,0.0,1.0,0.5,0.5
b4382,84,question,en,0.0,1.0,0.5,0.5
b4383,80,question,en,0.0,1.0,0.5,0.5
b4384,84,question,en,0.0,1.0,0.5,0.5
b4385,80,question,en,0.0,1.0,0.5,0.5
b4386,104,question,en,0.0,1.0,0.5,0.5
b4387,98,question,en,0.0,1.0,0.5,0.5
b4388,98,question,en,0.0,1.0,0.5,0.5
b4389,98,question,en,0.0,1.0,0.5,0.5
b4390,80,question,en,0.0,1.0,0.5,0.5
b4391,119,question,en,0.0,1.0,0.5,0.5
b4392,104,question,en,0.0,1.0,0.5,0.5
b4394,80,question,en,0.0,1.0,0.5,0.5
b4395,80,question,en,0.0,1.0,0.5,0.5
b4396,80,question,en,0.0,1.0,0.5,0.5
b4397,74,question,en,0.0,1.0,0.5,0.5
b4399,74,question,en,0.0,1.0,0.5,0.5
b4400,74,question,en,0.0,1.0,0.5,0.5
b4401,74,question,en,0.0,1.0,0.5,0.5
b4402,74,question,en,0.0,1.0,0.5,0.5
b4403,74,question,en,0.0,1.0,0.5,0.5
b4404,74,question,en,0.0,1.0,0.5,0.5
b4405,74,question,en,0.0,1.0,0.5,0.5
b4406,74,question,en,0.0,1.0,0.5,0.5
b4407,74,question,en,0.0,1.0,0.5,0.5
b4408,74,question,en,0.0,1.0,0.5,0.5
b4409,74,question,en,0.0,1.0,0.5,0.5
b4410,74,question,en,0.0,1.0,0.5,0.5
b4412,74,question,en,0.0,1.0,0.5,0.5
b4413,74,question,en,0.0,1.0,0.5,0.5
b4414,74,question,en,0.0,1.0,0.5,0.5
b4416,74,question,en,0.0,1.0,0.5,0.5
b4417,74,question,en,0.0,1.0,0.5,0.5
b4418,74,question,en,0.0,1.0,0.5,0.5
b4419,74,question,en,0.0,1.0,0.5,0.5
b4420,74,question,en,0.0,1.0,0.5,0.5
b4423,74,question,en,0.0,1.0,0.5,0.5
b4424,74,question,en,0.0,1.0,0.5,0.5
b4426,74,question,en,0.0,1.0,0.5,0.5
b4427,119,question,en,0.0,1.0,0.5,0.5
b4428,119,question,en,0.0,1.0,0.5,0.5
b4429,87,question,en,0.0,1.0,0.5,0.5
b4430,119,question,en,0.0,1.0,0.5,0.5
b4431,121,question,en,0.0,1.0,0.5,0.5
b4432,120,question,en,0.0,1.0,0.5,0.5
b4433,119,question,en,0.0,1.0,0.5,0.5
b4434,119,question,en,0.0,1.0,0.5,0.5
b2669,88,question,en,0.0,1.0,0.5,0.5
b2670,135,question,en,0.0,1.0,0.5,0.5
b2671,74,question,en,0.0,1.0,0.5,0.5
b2672,85,question,en,0.0,1.0,0.5,0.5
b2673,85,question,en,0.0,1.0,0.5,0.5
b2674,119,question,en,0.0,1.0,0.5,0.5
b2675,76,question,en,0.0,1.0,0.5,0.5
b2676,71,question,en,0.0,1.0,0.5,0.5
b2677,85,question,en,0.0,1.0,0.5,0.5
b2678,79,question,en,0.0,1.0,0.5,0.5
b2679,98,question,en,0.0,1.0,0.5,0.5
b2680,74,question,en,0.0,1.0,0.5,0.5
b2681,86,question,en,0.0,1.0,0.5,0.5
b2682,71,question,en,0.0,1.0,0.5,0.5
b2683,76,question,en,0.0,1.0,0.5,0.5
b2685,88,question,en,0.0,1.0,0.5,0.5
b2686,84,question,en,0.0,1.0,0.5,0.5
b2687,78,question,en,0.0,1.0,0.5,0.5
b2688,85,question,en,0.0,1.0,0.5,0.5
b2689,92,question,en,0.0,1.0,0.5,0.5
b2690,102,question,en,0.0,1.0,0.5,0.5
b2691,119,question,en,0.0,1.0,0.5,0.5
b2692,94,question,en,0.0,1.0,0.5,0.5
b2693,101,question,en,0.0,1.0,0.5,0.5
b2694,84,question,en,0.0,1.0,0.5,0.5
b2695,75,question,en,0.0,1.0,0.5,0.5
b2696,74,question,en,0.0,1.0,0.5,0.5
b2697,78,question,en,0.0,1.0,0.5,0.5
b2698,145,question,en,0.0,1.0,0.5,0.5
b2699,81,question,en,0.0,1.0,0.5,0.5
b2700,76,question,en,0.0,1.0,0.5,0.5
b2701,77,question,en,0.0,1.0,0.5,0.5
b2702,106,question,en,0.0,1.0,0.5,0.5
b2703,84,question,en,0.0,1.0,0.5,0.5
b2704,144,question,en,0.0,1.0,0.5,0.5
b2705,74,question,en,0.0,1.0,0.5,0.5
b2706,85,question,en,0.0,1.0,0.5,0.5
b2707,72,question,en,0.0,1.0,0.5,0.5
b4320,74,question,en,0.0,1.0,0.5,0.5
b4321,74,question,en,0.0,1.0,0.5,0.5
b4322,74,question,en,0.0,1.0,0.5,0.5
b4323,74,question,en,0.0,1.0,0.5,0.5
b4324,74,question,en,0.0,1.0,0.5,0.5
b4325,74,question,en,0.0,1.0,0.5,0.5
b4326,74,question,en,0.0,1.0,0.5,0.5
b4328,74,question,en,0.0,1.0,0.5,0.5
b4329,74,question,en,0.0,1.0,0.5,0.5
b4330,74,question,en,0.0,1.0,0.5,0.5
b4331,74,question,en,0.0,1.0,0.5,0.5
b4332,74,question,en,0.0,1.0,0.5,0.5
b4333,74,question,en,0.0,1.0,0.5,0.5
b4334,74,question,en,0.0,1.0,0.5,0.5
b4335,74,question,en,0.0,1.0,0.5,0.5
b4336,74,question,en,0.0,1.0,0.5,0.5
b4337,74,question,en,0.0,1.0,0.5,0.5
b4339,74,question,en,0.0,1.0,0.5,0.5
b4340,74,question,en,0.0,1.0,0.5,0.5
b4342,74,question,en,0.0,1.0,0.5,0.5
b4343,74,question,en,0.0,1.0,0.5,0.5
b4344,74,question,en,0.0,1.0,0.5,0.5
b4346,74,question,en,0.0,1.0,0.5,0.5
b4347,74,question,en,0.0,1.0,0.5,0.5
b4348,74,question,en,0.0,1.0,0.5,0.5
b4349,74,question,en,0.0,1.0,0.5,0.5
b4350,74,question,en,0.0,1.0,0.5,0.5
b4351,74,question,en,0.0,1.0,0.5,0.5
b4352,74,question,en,0.0,1.0,0.5,0.5
b4353,74,question,en,0.0,1.0,0.5,0.5
b4354,74,question,en,0.0,1.0,0.5,0.5
b4356,74,question,en,0.0,1.0,0.5,0.5
b4357,74,question,en,0.0,1.0,0.5,0.5
b4359,74,question,en,0.0,1.0,0.5,0.5
b4360,74,question,en,0.0,1.0,0.5,0.5
b4362,74,question,en,0.0,1.0,0.5,0.5
b6002,121,question,en,0.0,1.0,0.5,0.5
b6003,90,question,en,0.0,1.0,0.5,0.5
b6004,121,question,en,0.0,1.0,0.5,0.5
b6006,119,question,en,0.0,1.0,0.5,0.5
b6007,87,question,en,0.0,1.0,0.5,0.5
b6008,120,question,en,0.0,1.0,0.5,0.5
b6009,73,question,en,0.0,1.0,0.5,0.5
b6010,121,question,en,0.0,1.0,0.5,0.5
b6012,119,question,en,0.0,1.0,0.5,0.5
b6013,119,question,en,0.0,1.0,0.5,0.5
b6014,121,question,en,0.0,1.0,0.5,0.5
b6016,119,question,en,0.0,1.0,0.5,0.5
b6017,73,question,en,0.0,1.0,0.5,0.5
b6018,87,question,en,0.0,1.0,0.5,0.5
b6019,87,question,en,0.0,1.0,0.5,0.5
b6020,121,question,en,0.0,1.0,0.5,0.5
b6021,119,question,en,0.0,1.0,0.5,0.5
b6022,87,question,en,0.0,1.0,0.5,0.5
b6023,119,question,en,0.0,1.0,0.5,0.5
b6028,119,question,en,0.0,1.0,0.5,0.5
b6030,119,question,en,0.0,1.0,0.5,0.5
b6031,119,question,en,0.0,1.0,0.5,0.5
b6033,121,question,en,0.0,1.0,0.5,0.5
b6034,90,question,en,0.0,1.0,0.5,0.5
b6036,121,question,en,0.0,1.0,0.5,0.5
b6037,121,question,en,0.0,1.0,0.5,0.5
b6038,122,question,en,0.0,1.0,0.5,0.5
b6039,119,question,en,0.0,1.0,0.5,0.5
b6040,119,question,en,0.0,1.0,0.5,0.5
b6041,119,question,en,0.0,1.0,0.5,0.5
b6042,121,question,en,0.0,1.0,0.5,0.5
b6043,123,question,en,0.0,1.0,0.5,0.5
b6045,119,question,en,0.0,1.0,0.5,0.5
b6046,119,question,en,0.0,1.0,0.5,0.5
b6047,119,question,en,0.0,1.0,0.5,0.5
b6048,119,question,en,0.0,1.0,0.5,0.5
b6049,87,question,en,0.0,1.0,0.5,0.5
b6050,121,question,en,0.0,1.0,0.5,0.5
b6051,121,question,en,0.0,1.0,0.5,0.5
b6052,78,question,en,0.0,1.0,0.5,0.5
b7499,78,question,en,0.0,1.0,0.5,0.5
b7502,83,question,en,0.0,1.0,0.5,0.5
b7503,83,question,en,0.0,1.0,0.5,0.5
b6221,76,question,en,0.0,1.0,0.5,0.5
b6514,77,question,en,0.0,1.0,0.5,0.5
b6523,76,question,en,0.0,1.0,0.5,0.5
b7044,77,question,en,0.0,1.0,0.5,0.5
b7066,76,question,en,0.0,1.0,0.5,0.5
b7099,94,question,en,0.0,1.0,0.5,0.5
b7076,96,question,en,0.0,1.0,0.5,0.5
b8052,181|16|2,question,en,0.0,1.0,0.5,0.5
b8053,7|182|10,question,en,0.0,1.0,0.5,0.5
b8054,183|7|10,question,en,0.0,1.0,0.5,0.5
b8055,4|184|2,question,en,0.0,1.0,0.5,0.5
b8056,181|14|2,question,en,0.0,1.0,0.5,0.5
b8057,14|2|182,question,en,0.0,1.0,0.5,0.5
b8058,1|2|183,question,en,0.0,1.0,0.5,0.5
b8059,184|2|13,question,en,0.0,1.0,0.5,0.5
b8060,181|7|10,question,en,0.0,1.0,0.5,0.5
b8061,1|2|182,question,en,0.0,1.0,0.5,0.5
b6457,76,question,en,0.0,1.0,0.5,0.5
b6458,85,question,en,0.0,1.0,0.5,0.5
b6459,77,question,en,0.0,1.0,0.5,0.5
b6460,77,question,en,0.0,1.0,0.5,0.5
b6461,85,question,en,0.0,1.0,0.5,0.5
b6462,85,question,en,0.0,1.0,0.5,0.5
b6463,76,question,en,0.0,1.0,0.5,0.5
b6464,85,question,en,0.0,1.0,0.5,0.5
b6465,85,question,en,0.0,1.0,0.5,0.5
b6466,76,question,en,0.0,1.0,0.5,0.5
b6467,77,question,en,0.0,1.0,0.5,0.5
b6468,77,question,en,0.0,1.0,0.5,0.5
b6469,76,question,en,0.0,1.0,0.5,0.5
b6470,74,question,en,0.0,1.0,0.5,0.5
b6471,77,question,en,0.0,1.0,0.5,0.5
b6472,77,question,en,0.0,1.0,0.5,0.5
b6473,85,question,en,0.0,1.0,0.5,0.5
b6474,85,question,en,0.0,1.0,0.5,0.5
b6475,76,question,en,0.0,1.0,0.5,0.5
b6476,85,question,en,0.0,1.0,0.5,0.5
b6477,77,question,en,0.0,1.0,0.5,0.5
b6478,85,question,en,0.0,1.0,0.5,0.5
b6479,77,question,en,0.0,1.0,0.5,0.5
b6480,83,question,en,0.0,1.0,0.5,0.5
b6481,76,question,en,0.0,1.0,0.5,0.5
b6482,77,question,en,0.0,1.0,0.5,0.5
b6483,77,question,en,0.0,1.0,0.5,0.5
b6484,77,question,en,0.0,1.0,0.5,0.5
b6485,76,question,en,0.0,1.0,0.5,0.5
b6486,77,question,en,0.0,1.0,0.5,0.5
b6487,83,question,en,0.0,1.0,0.5,0.5
b6488,85,question,en,0.0,1.0,0.5,0.5
b6489,77,question,en,0.0,1.0,0.5,0.5
b6490,85,question,en,0.0,1.0,0.5,0.5
b6491,85,question,en,0.0,1.0,0.5,0.5
b6492,77,question,en,0.0,1.0,0.5,0.5
b6493,76,question,en,0.0,1.0,0.5,0.5
b6494,77,question,en,0.0,1.0,0.5,0.5
b6495,77,question,en,0.0,1.0,0.5,0.5
b6496,77,question,en,0.0,1.0,0.5,0.5
b6497,85,question,en,0.0,1.0,0.5,0.5
b6498,76,question,en,0.0,1.0,0.5,0.5
b6499,85,question,en,0.0,1.0,0.5,0.5
b6500,83,question,en,0.0,1.0,0.5,0.5
b6501,77,question,en,0.0,1.0,0.5,0.5
b6502,76,question,en,0.0,1.0,0.5,0.5
b6503,77,question,en,0.0,1.0,0.5,0.5
b6504,76,question,en,0.0,1.0,0.5,0.5
b6505,85,question,en,0.0,1.0,0.5,0.5
b6506,83,question,en,0.0,1.0,0.5,0.5
b6204,77,question,en,0.0,1.0,0.5,0.5
b1695,52|181|182|58,question,en,0.0,1.0,0.5,0.5
b1696,181|53|182|58,question,en,0.0,1.0,0.5,0.5
b1698,53|58|182|181|52,question,en,0.0,1.0,0.5,0.5
b1699,179|183|184|53|52|58,question,en,0.0,1.0,0.5,0.5
b1700,183|53|182|56|58,question,en,0.0,1.0,0.5,0.5
b1701,183|184|53|52|58,question,en,0.0,1.0,0.5,0.5
b1702,53|182|181|55|58,question,en,0.0,1.0,0.5,0.5
b1703,182|181|56|54|58,question,en,0.0,1.0,0.5,0.5
b7407,76,question,en,0.0,1.0,0.5,0.5
b7410,76,question,en,0.0,1.0,0.5,0.5
b7412,76,question,en,0.0,1.0,0.5,0.5
b7413,76,question,en,0.0,1.0,0.5,0.5
b7416,76,question,en,0.0,1.0,0.5,0.5
b7421,76,question,en,0.0,1.0,0.5,0.5
b7423,76,question,en,0.0,1.0,0.5,0.5
b7425,76,question,en,0.0,1.0,0.5,0.5
b7426,76,question,en,0.0,1.0,0.5,0.5
b7427,76,question,en,0.0,1.0,0.5,0.5
b7428,84,question,en,0.0,1.0,0.5,0.5
b7429,84,question,en,0.0,1.0,0.5,0.5
b7430,84,question,en,0.0,1.0,0.5,0.5
b7431,84,question,en,0.0,1.0,0.5,0.5
b7434,83,question,en,0.0,1.0,0.5,0.5
b7435,83,question,en,0.0,1.0,0.5,0.5
b7436,83,question,en,0.0,1.0,0.5,0.5
b7438,83,question,en,0.0,1.0,0.5,0.5
b7440,83,question,en,0.0,1.0,0.5,0.5
b7441,83,question,en,0.0,1.0,0.5,0.5
b7444,83,question,en,0.0,1.0,0.5,0.5
b7446,83,question,en,0.0,1.0,0.5,0.5
b7447,83,question,en,0.0,1.0,0.5,0.5
b7448,83,question,en,0.0,1.0,0.5,0.5
b7449,83,question,en,0.0,1.0,0.5,0.5
b7450,83,question,en,0.0,1.0,0.5,0.5
b7452,83,question,en,0.0,1.0,0.5,0.5
b7453,84,question,en,0.0,1.0,0.5,0.5
b7454,71,question,en,0.0,1.0,0.5,0.5
b7455,132,question,en,0.0,1.0,0.5,0.5
b7456,83,question,en,0.0,1.0,0.5,0.5
b7982,85|96|88|143,question,en,0.0,1.0,0.5,0.5
b7983,85|72|143,question,en,0.0,1.0,0.5,0.5
b7984,76|74|77|143,question,en,0.0,1.0,0.5,0.5
b7985,85|120|76|143,question,en,0.0,1.0,0.5,0.5
b7986,84|77|74|143,question,en,0.0,1.0,0.5,0.5
b5214,115|85|83|143,question,en,0.0,1.0,0.5,0.5
b7911,118|120|105|143,question,en,0.0,1.0,0.5,0.5
b7912,143|77|84|114,question,en,0.0,1.0,0.5,0.5
b7913,86|109|135|143,question,en,0.0,1.0,0.5,0.5
b7914,120|135|74|143,question,en,0.0,1.0,0.5,0.5
b7987,96|134|120|143,question,en,0.0,1.0,0.5,0.5
b7988,85|119|143|73,question,en,0.0,1.0,0.5,0.5
b7989,134|107|77|143,question,en,0.0,1.0,0.5,0.5
b7990,85|77|126|143,question,en,0.0,1.0,0.5,0.5
b7991,76|120|74|143,question,en,0.0,1.0,0.5,0.5
b7915,85|129|77|143,question,en,0.0,1.0,0.5,0.5
b7916,85|112|143,question,en,0.0,1.0,0.5,0.5
b7917,85|73|77|143,question,en,0.0,1.0,0.5,0.5
b7918,93|77|74|143,question,en,0.0,1.0,0.5,0.5
b7919,85|129|77|143,question,en,0.0,1.0,0.5,0.5
b7997,83|103|77|143,question,en,0.0,1.0,0.5,0.5
b7998,85|118|143,question,en,0.0,1.0,0.5,0.5
b7999,86|85|95|143,question,en,0.0,1.0,0.5,0.5
b8000,95|134|77|143,question,en,0.0,1.0,0.5,0.5
b7691,85|78|106|143,question,en,0.0,1.0,0.5,0.5
b7692,128|100|85|143,question,en,0.0,1.0,0.5,0.5
b7693,86|76|77|143,question,en,0.0,1.0,0.5,0.5
b7694,85|134|90|143,question,en,0.0,1.0,0.5,0.5
b7968,85|119|77|143,question,en,0.0,1.0,0.5,0.5
b7969,85|143|106|73,question,en,0.0,1.0,0.5,0.5
b7970,83|120|77|143,question,en,0.0,1.0,0.5,0.5
b7971,85|92|77|143,question,en,0.0,1.0,0.5,0.5
b7972,103|77|74|143,question,en,0.0,1.0,0.5,0.5
b7963,134|80|77|143,question,en,0.0,1.0,0.5,0.5
b7964,76|88|120|143,question,en,0.0,1.0,0.5,0.5
b7965,77|120|74|143,question,en,0.0,1.0,0.5,0.5
b7966,85|119|143|78,question,en,0.0,1.0,0.5,0.5
b7967,74|71|77|143,question,en,0.0,1.0,0.5,0.5
b5204,143|77|74|78,question,en,0.0,1.0,0.5,0.5
b5116,179|85|77|143|120,question,en,0.0,1.0,0.5,0.5
b5117,179|85|74|99|143,question,en,0.0,1.0,0.5,0.5
b5283,147|148|150|155|176|149|151,question,en,0.0,1.0,0.5,0.5
b5284,147|150|159|176|149,question,en,0.0,1.0,0.5,0.5
b5285,152|148|147|150|176|149,question,en,0.0,1.0,0.5,0.5
b5286,147|150|157|176|153|149|151,question,en,0.0,1.0,0.5,0.5
b5516,148|150|155|177|149,question,en,0.0,1.0,0.5,0.5
b5517,148|179|177|157|149,question,en,0.0,1.0,0.5,0.5
b5518,177|149|153|146,question,en,0.0,1.0,0.5,0.5
b5403,177|153|146,question,en,0.0,1.0,0.5,0.5
b5404,177|149|153|146,question,en,0.0,1.0,0.5,0.5
b5405,177|150|153|146,question,en,0.0,1.0,0.5,0.5
b5406,148|159|177|150,question,en,0.0,1.0,0.5,0.5
b5408,150|146|177|156|153,question,en,0.0,1.0,0.5,0.5
b5415,148|159|177|150,question,en,0.0,1.0,0.5,0.5
b5416,148|150|155|177|153,question,en,0.0,1.0,0.5,0.5
b5417,152|177|149|153,question,en,0.0,1.0,0.5,0.5
b5419,148|150|155|177|156,question,en,0.0,1.0,0.5,0.5
b5274,177|159|153|156,question,en,0.0,1.0,0.5,0.5
b5275,148|146|177|153|149,question,en,0.0,1.0,0.5,0.5
b5276,179|177|157|153|149,question,en,0.0,1.0,0.5,0.5
b5277,152|177|149|153,question,en,0.0,1.0,0.5,0.5
b5278,177|149|153|146,question,en,0.0,1.0,0.5,0.5
b5279,148|150|159|177|153,question,en,0.0,1.0,0.5,0.5
b5376,177|167|149|168,question,en,0.0,1.0,0.5,0.5
b5377,177|167|149|168,question,en,0.0,1.0,0.5,0.5
b5378,177|167|149|168,question,en,0.0,1.0,0.5,0.5
b5379,177|167|149|168,question,en,0.0,1.0,0.5,0.5
b5433,177|167|153|168,question,en,0.0,1.0,0.5,0.5
b5434,177|167|153|168,question,en,0.0,1.0,0.5,0.5
b5435,177|167|153|168,question,en,0.0,1.0,0.5,0.5
b5437,177|167|149|168,question,en,0.0,1.0,0.5,0.5
b5340,169|150|155|177|156|151,question,en,0.0,1.0,0.5,0.5
b5341,169|150|177|157|153|151,question,en,0.0,1.0,0.5,0.5
b5342,169|150|159|177|156|151,question,en,0.0,1.0,0.5,0.5
b5343,169|150|155|177|156|151,question,en,0.0,1.0,0.5,0.5
b5344,169|150|159|177|156|151,question,en,0.0,1.0,0.5,0.5
b5250,149|148|167|177,question,en,0.0,1.0,0.5,0.5
b5251,177|167|149|168,question,en,0.0,1.0,0.5,0.5
b5252,179|167|177|149|168,question,en,0.0,1.0,0.5,0.5
b5253,148|167|177|168,question,en,0.0,1.0,0.5,0.5
b5695,148|164|155|176|153|149,question,en,0.0,1.0,0.5,0.5
b5696,152|179|147|156|176|153|149|151,question,en,0.0,1.0,0.5,0.5
b5698,147|148|150|155|176|149|151,question,en,0.0,1.0,0.5,0.5
b5446,148|177|155|156,question,en,0.0,1.0,0.5,0.5
b5447,148|177|153|146,question,en,0.0,1.0,0.5,0.5
b5448,177|157|149|153,question,en,0.0,1.0,0.5,0.5
b5449,149|148|177|155,question,en,0.0,1.0,0.5,0.5
b5450,177|153|146,question,en,0.0,1.0,0.5,0.5
b5451,150|159|177|156|153,question,en,0.0,1.0,0.5,0.5
b5429,148|167|177|156|149|168,question,en,0.0,1.0,0.5,0.5
b5430,167|177|153|149|168,question,en,0.0,1.0,0.5,0.5
b5431,167|177|153|149|168,question,en,0.0,1.0,0.5,0.5
b5432,167|177|156|153|149|168,question,en,0.0,1.0,0.5,0.5
b5312,148|169|150|159|177,question,en,0.0,1.0,0.5,0.5
b5313,169|155|177|156|149,question,en,0.0,1.0,0.5,0.5
b5314,169|177|155|153,question,en,0.0,1.0,0.5,0.5
b5315,177|159|169|153,question,en,0.0,1.0,0.5,0.5
b5496,169|155|177|156|149,question,en,0.0,1.0,0.5,0.5
b5280,148|169|177|157|153|149,question,en,0.0,1.0,0.5,0.5
b5281,169|155|177|156|153,question,en,0.0,1.0,0.5,0.5
b5282,169|159|177|156|153|149,question,en,0.0,1.0,0.5,0.5
b5360,179|146|176|153|154|149,question,en,0.0,1.0,0.5,0.5
b5362,147|148|157|176|153|149|151,question,en,0.0,1.0,0.5,0.5
b5228,169|177|157|153|149,question,en,0.0,1.0,0.5,0.5
b5229,169|155|177|156|149,question,en,0.0,1.0,0.5,0.5
b5230,169|159|177|156|149,question,en,0.0,1.0,0.5,0.5
b5506,148|167|177|153|149|168,question,en,0.0,1.0,0.5,0.5
b5507,148|167|177|153|149|168,question,en,0.0,1.0,0.5,0.5
b5508,167|177|156|153|149|168,question,en,0.0,1.0,0.5,0.5
b5509,167|177|153|149|168,question,en,0.0,1.0,0.5,0.5
b5510,148|167|177|149|168,question,en,0.0,1.0,0.5,0.5
b5511,148|167|150|177|153|168,question,en,0.0,1.0,0.5,0.5
b5512,167|177|153|149|168,question,en,0.0,1.0,0.5,0.5
b5513,148|167|177|156|153|168,question,en,0.0,1.0,0.5,0.5
b5514,167|177|153|149|168,question,en,0.0,1.0,0.5,0.5
b5515,167|177|156|153|168,question,en,0.0,1.0,0.5,0.5
b5498,170|169|177|156|149,question,en,0.0,1.0,0.5,0.5
b5499,148|169|155|177|149,question,en,0.0,1.0,0.5,0.5
b5704,149|148|179|155|176|153|158,question,en,0.0,1.0,0.5,0.5
b5705,147|179|146|156|176|153|149,question,en,0.0,1.0,0.5,0.5
b5311,149|179|150|146|162|178|156|158,question,en,0.0,1.0,0.5,0.5
b5345,179|177|153|146,question,en,0.0,1.0,0.5,0.5
b5346,149|148|159|177,question,en,0.0,1.0,0.5,0.5
b5347,148|150|159|177|153,question,en,0.0,1.0,0.5,0.5
b5348,148|155|177|153|149,question,en,0.0,1.0,0.5,0.5
b5349,177|159|150|153,question,en,0.0,1.0,0.5,0.5
b5350,148|179|150|155|177|149,question,en,0.0,1.0,0.5,0.5
b5353,149|179|148|150|155|162|178|153|158,question,en,0.0,1.0,0.5,0.5
b5354,179|148|146|161|162|178|153|149|151,question,en,0.0,1.0,0.5,0.5
b5454,179|164|146|162|178|153|149,question,en,0.0,1.0,0.5,0.5
b5455,149|179|148|159|162|178|156|153|158,question,en,0.0,1.0,0.5,0.5
b5254,177|167|153|168,question,en,0.0,1.0,0.5,0.5
b5255,179|167|177|153|168,question,en,0.0,1.0,0.5,0.5
b5256,177|167|149|168,question,en,0.0,1.0,0.5,0.5
b5257,177|167|153|168,question,en,0.0,1.0,0.5,0.5
b5258,148|167|177|168,question,en,0.0,1.0,0.5,0.5
b5683,146|156|176|153|149|160|151,question,en,0.0,1.0,0.5,0.5
b5684,147|148|150|156|157|176|149,question,en,0.0,1.0,0.5,0.5
b5685,179|150|155|176|153|154|149,question,en,0.0,1.0,0.5,0.5
b5686,147|150|146|176|153|149|151,question,en,0.0,1.0,0.5,0.5
b5318,169|159|177|156|153|149,question,en,0.0,1.0,0.5,0.5
b5319,169|150|177|157|153|149,question,en,0.0,1.0,0.5,0.5
b5320,148|150|169|177|157|149,question,en,0.0,1.0,0.5,0.5
b5321,148|169|155|177|156|153,question,en,0.0,1.0,0.5,0.5
b5323,148|169|159|177|156|153,question,en,0.0,1.0,0.5,0.5
b5324,169|177|157|156|153|149,question,en,0.0,1.0,0.5,0.5
b5325,169|177|157|156|153|149,question,en,0.0,1.0,0.5,0.5
b5326,169|150|146|177|153|149,question,en,0.0,1.0,0.5,0.5
b5327,148|169|146|177|153,question,en,0.0,1.0,0.5,0.5
b5305,177|167|156|168,question,en,0.0,1.0,0.5,0.5
b5306,177|167|150|168,question,en,0.0,1.0,0.5,0.5
b5307,177|167|156|168,question,en,0.0,1.0,0.5,0.5
b5308,177|167|150|168,question,en,0.0,1.0,0.5,0.5
b5309,177|167|156|168,question,en,0.0,1.0,0.5,0.5
b5365,147|148|146|162|178|156|153|149|151,question,en,0.0,1.0,0.5,0.5
b5366,150|164|155|162|156|178|149|151,question,en,0.0,1.0,0.5,0.5
b5367,147|150|146|162|178|156|149|151,question,en,0.0,1.0,0.5,0.5
b5368,149|150|159|162|178|156|158|151,question,en,0.0,1.0,0.5,0.5
b5369,170|150|175|172|178|156|149|151,question,en,0.0,1.0,0.5,0.5
b5336,167|177|153|149|168,question,en,0.0,1.0,0.5,0.5
b5337,148|167|150|177|153|168,question,en,0.0,1.0,0.5,0.5
b5338,167|177|153|149|168,question,en,0.0,1.0,0.5,0.5
b5339,167|177|156|149|168,question,en,0.0,1.0,0.5,0.5
b5395,152|177|149|153,question,en,0.0,1.0,0.5,0.5
b5396,177|149|146,question,en,0.0,1.0,0.5,0.5
b5397,150|146|177|156|153,question,en,0.0,1.0,0.5,0.5
b5398,148|179|159|177|156,question,en,0.0,1.0,0.5,0.5
b5399,177|150|153|146,question,en,0.0,1.0,0.5,0.5
b5400,149|148|177|155,question,en,0.0,1.0,0.5,0.5
b5355,179|167|177|149|168,question,en,0.0,1.0,0.5,0.5
b5356,177|167|149|168,question,en,0.0,1.0,0.5,0.5
b5357,177|167|149|168,question,en,0.0,1.0,0.5,0.5
b5359,177|167|149|168,question,en,0.0,1.0,0.5,0.5
b5370,149|150|146|176|153|158,question,en,0.0,1.0,0.5,0.5
b5371,147|150|146|156|176|153|149,question,en,0.0,1.0,0.5,0.5
b5372,147|150|159|156|176|153|149,question,en,0.0,1.0,0.5,0.5
b5373,148|150|155|176|153|149|160|151,question,en,0.0,1.0,0.5,0.5
b5456,148|179|159|177|153,question,en,0.0,1.0,0.5,0.5
b5322,152|169|177|156|153|149,question,en,0.0,1.0,0.5,0.5
b5420,169|150|146|177|151,question,en,0.0,1.0,0.5,0.5
b5421,169|150|155|177|151,question,en,0.0,1.0,0.5,0.5
b5422,169|150|159|177|151,question,en,0.0,1.0,0.5,0.5
b5423,169|155|177|156|151,question,en,0.0,1.0,0.5,0.5
b5424,169|159|177|156|151,question,en,0.0,1.0,0.5,0.5
b5242,147|148|155|176|153|149|151,question,en,0.0,1.0,0.5,0.5
b5243,149|146|176|153|158|151,question,en,0.0,1.0,0.5,0.5
b5244,147|148|155|176|149|151,question,en,0.0,1.0,0.5,0.5
b5245,159|176|153|161,question,en,0.0,1.0,0.5,0.5
b7992,74|143|106|88,question,en,0.0,1.0,0.5,0.5
b7993,83|129|84|143,question,en,0.0,1.0,0.5,0.5
b7994,94|90|77|143,question,en,0.0,1.0,0.5,0.5
b7995,101|95|77|143,question,en,0.0,1.0,0.5,0.5
b7996,85|134|84|143,question,en,0.0,1.0,0.5,0.5
b5540,181|2|8,question,en,0.0,1.0,0.5,0.5
b5541,22|2|182,question,en,0.0,1.0,0.5,0.5
b5542,4|2|183,question,en,0.0,1.0,0.5,0.5
b5543,184|7|6,question,en,0.0,1.0,0.5,0.5
b5544,181|179|16|2,question,en,0.0,1.0,0.5,0.5
b5545,183|7|11,question,en,0.0,1.0,0.5,0.5
b5546,22|2|183,question,en,0.0,1.0,0.5,0.5
b5547,179|4|2|182,question,en,0.0,1.0,0.5,0.5
b8012,181|2|8,question,en,0.0,1.0,0.5,0.5
b8013,1|2|182,question,en,0.0,1.0,0.5,0.5
b8014,183|7|17,question,en,0.0,1.0,0.5,0.5
b8015,184|2|8,question,en,0.0,1.0,0.5,0.5
b8016,181|7|6,question,en,0.0,1.0,0.5,0.5
b8017,2|182|12,question,en,0.0,1.0,0.5,0.5
b8018,183|2|8,question,en,0.0,1.0,0.5,0.5
b8019,18|184|7,question,en,0.0,1.0,0.5,0.5
b8020,181|14|2,question,en,0.0,1.0,0.5,0.5
b8021,2|19|182,question,en,0.0,1.0,0.5,0.5
b5745,74,question,en,0.0,1.0,0.5,0.5
b5746,74,question,en,0.0,1.0,0.5,0.5
b5747,105,question,en,0.0,1.0,0.5,0.5
b5748,74,question,en,0.0,1.0,0.5,0.5
b5749,100,question,en,0.0,1.0,0.5,0.5
b5750,74,question,en,0.0,1.0,0.5,0.5
b5751,74,question,en,0.0,1.0,0.5,0.5
b5752,74,question,en,0.0,1.0,0.5,0.5
b5754,74,question,en,0.0,1.0,0.5,0.5
b5755,74,question,en,0.0,1.0,0.5,0.5
b5756,74,question,en,0.0,1.0,0.5,0.5
b5757,74,question,en,0.0,1.0,0.5,0.5
b5758,74,question,en,0.0,1.0,0.5,0.5
b5759,74,question,en,0.0,1.0,0.5,0.5
b5761,74,question,en,0.0,1.0,0.5,0.5
b5762,74,question,en,0.0,1.0,0.5,0.5
b5763,74,question,en,0.0,1.0,0.5,0.5
b5764,74,question,en,0.0,1.0,0.5,0.5
b5765,105,question,en,0.0,1.0,0.5,0.5
b5766,74,question,en,0.0,1.0,0.5,0.5
b5767,74,question,en,0.0,1.0,0.5,0.5
b5768,105,question,en,0.0,1.0,0.5,0.5
b5769,74,question,en,0.0,1.0,0.5,0.5
b5770,74,question,en,0.0,1.0,0.5,0.5
b5771,74,question,en,0.0,1.0,0.5,0.5
b5772,74,question,en,0.0,1.0,0.5,0.5
b5773,74,question,en,0.0,1.0,0.5,0.5
b5774,74,question,en,0.0,1.0,0.5,0.5
b5775,74,question,en,0.0,1.0,0.5,0.5
b5776,83,question,en,0.0,1.0,0.5,0.5
b5777,74,question,en,0.0,1.0,0.5,0.5
b5778,74,question,en,0.0,1.0,0.5,0.5
b5779,74,question,en,0.0,1.0,0.5,0.5
b5780,74,question,en,0.0,1.0,0.5,0.5
b5781,74,question,en,0.0,1.0,0.5,0.5
b5782,74,question,en,0.0,1.0,0.5,0.5
b5783,74,question,en,0.0,1.0,0.5,0.5
b5784,74,question,en,0.0,1.0,0.5,0.5
b5785,74,question,en,0.0,1.0,0.5,0.5
b5786,74,question,en,0.0,1.0,0.5,0.5
b5787,74,question,en,0.0,1.0,0.5,0.5
b5788,74,question,en,0.0,1.0,0.5,0.5
b5789,74,question,en,0.0,1.0,0.5,0.5
b5790,74,question,en,0.0,1.0,0.5,0.5
b5791,74,question,en,0.0,1.0,0.5,0.5
b5792,74,question,en,0.0,1.0,0.5,0.5
b5793,74,question,en,0.0,1.0,0.5,0.5
b5794,74,question,en,0.0,1.0,0.5,0.5
b5795,74,question,en,0.0,1.0,0.5,0.5
b5796,74,question,en,0.0,1.0,0.5,0.5
b5797,74,question,en,0.0,1.0,0.5,0.5
b5798,74,question,en,0.0,1.0,0.5,0.5
b5799,74,question,en,0.0,1.0,0.5,0.5
b5800,74,question,en,0.0,1.0,0.5,0.5
b5801,74,question,en,0.0,1.0,0.5,0.5
b5802,74,question,en,0.0,1.0,0.5,0.5
b5803,74,question,en,0.0,1.0,0.5,0.5
b5804,74,question,en,0.0,1.0,0.5,0.5
b5805,74,question,en,0.0,1.0,0.5,0.5
b5806,105,question,en,0.0,1.0,0.5,0.5
b5807,74,question,en,0.0,1.0,0.5,0.5
b5808,74,question,en,0.0,1.0,0.5,0.5
b5809,74,question,en,0.0,1.0,0.5,0.5
b5810,74,question,en,0.0,1.0,0.5,0.5
b5811,105,question,en,0.0,1.0,0.5,0.5
b5812,74,question,en,0.0,1.0,0.5,0.5
b5813,74,question,en,0.0,1.0,0.5,0.5
b5814,74,question,en,0.0,1.0,0.5,0.5
b5815,74,question,en,0.0,1.0,0.5,0.5
b5816,74,question,en,0.0,1.0,0.5,0.5
b5817,74,question,en,0.0,1.0,0.5,0.5
b5818,74,question,en,0.0,1.0,0.5,0.5
b5819,74,question,en,0.0,1.0,0.5,0.5
b5820,74,question,en,0.0,1.0,0.5,0.5
b5821,74,question,en,0.0,1.0,0.5,0.5
b5822,74,question,en,0.0,1.0,0.5,0.5
b5823,74,question,en,0.0,1.0,0.5,0.5
b5824,74,question,en,0.0,1.0,0.5,0.5
b5825,74,question,en,0.0,1.0,0.5,0.5
b5826,74,question,en,0.0,1.0,0.5,0.5
b5827,74,question,en,0.0,1.0,0.5,0.5
b5828,74,question,en,0.0,1.0,0.5,0.5
b5829,74,question,en,0.0,1.0,0.5,0.5
b5830,74,question,en,0.0,1.0,0.5,0.5
b5831,74,question,en,0.0,1.0,0.5,0.5
b5832,74,question,en,0.0,1.0,0.5,0.5
b5833,108,question,en,0.0,1.0,0.5,0.5
b5834,74,question,en,0.0,1.0,0.5,0.5
b5835,74,question,en,0.0,1.0,0.5,0.5
b5836,74,question,en,0.0,1.0,0.5,0.5
b5837,74,question,en,0.0,1.0,0.5,0.5
b5838,74,question,en,0.0,1.0,0.5,0.5
b5839,74,question,en,0.0,1.0,0.5,0.5
b5840,74,question,en,0.0,1.0,0.5,0.5
b5841,74,question,en,0.0,1.0,0.5,0.5
b1758,184|53|181|56|55,question,en,0.0,1.0,0.5,0.5
b1759,181|56|185|52,question,en,0.0,1.0,0.5,0.5
b1760,181|53|185|52|54,question,en,0.0,1.0,0.5,0.5
b1761,183|184|53|52|56,question,en,0.0,1.0,0.5,0.5
b1762,181|185|53|54,question,en,0.0,1.0,0.5,0.5
b1763,183|184|53|52|55,question,en,0.0,1.0,0.5,0.5
b1764,52|183|184,question,en,0.0,1.0,0.5,0.5
b1765,185|181|56|54|52,question,en,0.0,1.0,0.5,0.5
b1766,183|184|52|56|54,question,en,0.0,1.0,0.5,0.5
b2067,53|60|181|56|55,question,en,0.0,1.0,0.5,0.5
b2068,179|184|65|52|56|54,question,en,0.0,1.0,0.5,0.5
b2069,182|59|55|56|54,question,en,0.0,1.0,0.5,0.5
b2070,179|183|53|60|52|54,question,en,0.0,1.0,0.5,0.5
b2071,52|184|53|64,question,en,0.0,1.0,0.5,0.5
b2072,179|182|52|56|62,question,en,0.0,1.0,0.5,0.5
b2073,183|53|60|56|54,question,en,0.0,1.0,0.5,0.5
b2074,179|53|59|181|54,question,en,0.0,1.0,0.5,0.5
b2075,52|56|183|59,question,en,0.0,1.0,0.5,0.5
b342,179|183|46|181|47,question,en,0.0,1.0,0.5,0.5
b343,184|182|24|25,question,en,0.0,1.0,0.5,0.5
b344,183|182|24|43,question,en,0.0,1.0,0.5,0.5
b345,182|184|26|24,question,en,0.0,1.0,0.5,0.5
b349,182|184|24|40,question,en,0.0,1.0,0.5,0.5
b351,28|29|184|181,question,en,0.0,1.0,0.5,0.5
b353,181|44|45|184,question,en,0.0,1.0,0.5,0.5
b355,184|30|181|36|37,question,en,0.0,1.0,0.5,0.5
b356,183|42|30|34|181,question,en,0.0,1.0,0.5,0.5
b357,183|184|33|24,question,en,0.0,1.0,0.5,0.5
b359,28|184|30|182|37,question,en,0.0,1.0,0.5,0.5
b360,184|30|181|36|37,question,en,0.0,1.0,0.5,0.5
b362,28|30|29|182|181,question,en,0.0,1.0,0.5,0.5
b366,182|184|34|35,question,en,0.0,1.0,0.5,0.5
b5440,177|159|150|153,question,en,0.0,1.0,0.5,0.5
b5441,149|177|171|153,question,en,0.0,1.0,0.5,0.5
b5442,148|177|155|156,question,en,0.0,1.0,0.5,0.5
b5443,148|159|177|156|153,question,en,0.0,1.0,0.5,0.5
b5444,148|179|155|177|153|149,question,en,0.0,1.0,0.5,0.5
b5445,150|177|149|146,question,en,0.0,1.0,0.5,0.5
b1897,63|182|55|56|54,question,en,0.0,1.0,0.5,0.5
b1898,63|181|56|55|54,question,en,0.0,1.0,0.5,0.5
b1899,183|59|52|56|54,question,en,0.0,1.0,0.5,0.5
b1900,182|59|52|56|54,question,en,0.0,1.0,0.5,0.5
b1901,183|59|52|56|55,question,en,0.0,1.0,0.5,0.5
b1902,179|184|65|52|54,question,en,0.0,1.0,0.5,0.5
b1903,179|67|182|52|56|55,question,en,0.0,1.0,0.5,0.5
b1904,52|56|183|63,question,en,0.0,1.0,0.5,0.5
b1905,53|64|181|56|55,question,en,0.0,1.0,0.5,0.5
b1906,179|183|66|52|56|54,question,en,0.0,1.0,0.5,0.5
b1177,179|183|24|181|33,question,en,0.0,1.0,0.5,0.5
b1178,50|184|182|24,question,en,0.0,1.0,0.5,0.5
b1179,179|183|31|45|182,question,en,0.0,1.0,0.5,0.5
b1181,181|184|24|43,question,en,0.0,1.0,0.5,0.5
b1182,179|183|46|182|47,question,en,0.0,1.0,0.5,0.5
b1183,181|184|24|40,question,en,0.0,1.0,0.5,0.5
b1185,41|182|181|24,question,en,0.0,1.0,0.5,0.5
b1186,181|184|36|37,question,en,0.0,1.0,0.5,0.5
b1187,183|184|31|32|30,question,en,0.0,1.0,0.5,0.5
b1188,179|44|184|45|181,question,en,0.0,1.0,0.5,0.5
b1189,181|183|24|25,question,en,0.0,1.0,0.5,0.5
b1190,179|184|31|32|181,question,en,0.0,1.0,0.5,0.5
b1192,183|184|42|30|34,question,en,0.0,1.0,0.5,0.5
b1193,183|24|51|181|33,question,en,0.0,1.0,0.5,0.5
b1195,181|184|31|32,question,en,0.0,1.0,0.5,0.5
b1198,181|183|26|24,question,en,0.0,1.0,0.5,0.5
b1200,181|182|34|35,question,en,0.0,1.0,0.5,0.5
b1201,184|37|182|38,question,en,0.0,1.0,0.5,0.5
b7069,77,question,en,0.0,1.0,0.5,0.5
b7070,85,question,en,0.0,1.0,0.5,0.5
b7071,85,question,en,0.0,1.0,0.5,0.5
b7072,96,question,en,0.0,1.0,0.5,0.5
b7073,77,question,en,0.0,1.0,0.5,0.5
b7074,77,question,en,0.0,1.0,0.5,0.5
b7075,85,question,en,0.0,1.0,0.5,0.5
b7077,77,question,en,0.0,1.0,0.5,0.5
b7078,85,question,en,0.0,1.0,0.5,0.5
b7079,85,question,en,0.0,1.0,0.5,0.5
b7080,77,question,en,0.0,1.0,0.5,0.5
b7081,77,question,en,0.0,1.0,0.5,0.5
b7082,83,question,en,0.0,1.0,0.5,0.5
b7083,76,question,en,0.0,1.0,0.5,0.5
b7084,77,question,en,0.0,1.0,0.5,0.5
b7085,83,question,en,0.0,1.0,0.5,0.5
b7086,83,question,en,0.0,1.0,0.5,0.5
b7087,85,question,en,0.0,1.0,0.5,0.5
b7088,85,question,en,0.0,1.0,0.5,0.5
b7089,85,question,en,0.0,1.0,0.5,0.5
b7090,85,question,en,0.0,1.0,0.5,0.5
b7091,76,question,en,0.0,1.0,0.5,0.5
b7092,83,question,en,0.0,1.0,0.5,0.5
b7093,85,question,en,0.0,1.0,0.5,0.5
b7094,76,question,en,0.0,1.0,0.5,0.5
b7095,77,question,en,0.0,1.0,0.5,0.5
b7096,77,question,en,0.0,1.0,0.5,0.5
b7097,76,question,en,0.0,1.0,0.5,0.5
b7098,77,question,en,0.0,1.0,0.5,0.5
b7100,76,question,en,0.0,1.0,0.5,0.5
b7101,77,question,en,0.0,1.0,0.5,0.5
b7102,76,question,en,0.0,1.0,0.5,0.5
b7103,77,question,en,0.0,1.0,0.5,0.5
b7104,85,question,en,0.0,1.0,0.5,0.5
b7105,77,question,en,0.0,1.0,0.5,0.5
b7106,74,question,en,0.0,1.0,0.5,0.5
b7107,76,question,en,0.0,1.0,0.5,0.5
b7108,85,question,en,0.0,1.0,0.5,0.5
b7109,77,question,en,0.0,1.0,0.5,0.5
b7110,76,question,en,0.0,1.0,0.5,0.5
b7111,85,question,en,0.0,1.0,0.5,0.5
b7112,76,question,en,0.0,1.0,0.5,0.5
b7113,76,question,en,0.0,1.0,0.5,0.5
b7114,85,question,en,0.0,1.0,0.5,0.5
b7115,76,question,en,0.0,1.0,0.5,0.5
b7116,77,question,en,0.0,1.0,0.5,0.5
b7117,76,question,en,0.0,1.0,0.5,0.5
b7118,85,question,en,0.0,1.0,0.5,0.5
b2430,123,question,en,0.0,1.0,0.5,0.5
b2431,80,question,en,0.0,1.0,0.5,0.5
b2432,80,question,en,0.0,1.0,0.5,0.5
b2435,88,question,en,0.0,1.0,0.5,0.5
b2436,71,question,en,0.0,1.0,0.5,0.5
b2438,84,question,en,0.0,1.0,0.5,0.5
b2439,78,question,en,0.0,1.0,0.5,0.5
b2440,103,question,en,0.0,1.0,0.5,0.5
b2441,124,question,en,0.0,1.0,0.5,0.5
b2442,118,question,en,0.0,1.0,0.5,0.5
b2443,115,question,en,0.0,1.0,0.5,0.5
b2444,118,question,en,0.0,1.0,0.5,0.5
b2445,74,question,en,0.0,1.0,0.5,0.5
b2446,126,question,en,0.0,1.0,0.5,0.5
b2447,130,question,en,0.0,1.0,0.5,0.5
b2448,101,question,en,0.0,1.0,0.5,0.5
b2449,81,question,en,0.0,1.0,0.5,0.5
b2451,114,question,en,0.0,1.0,0.5,0.5
b2453,132,question,en,0.0,1.0,0.5,0.5
b2454,78,question,en,0.0,1.0,0.5,0.5
b2455,93,question,en,0.0,1.0,0.5,0.5
b2456,85,question,en,0.0,1.0,0.5,0.5
b2457,93,question,en,0.0,1.0,0.5,0.5
b2458,135,question,en,0.0,1.0,0.5,0.5
b2460,141,question,en,0.0,1.0,0.5,0.5
b2461,94,question,en,0.0,1.0,0.5,0.5
b2462,75,question,en,0.0,1.0,0.5,0.5
b2463,107,question,en,0.0,1.0,0.5,0.5
b2464,84,question,en,0.0,1.0,0.5,0.5
b2465,84,question,en,0.0,1.0,0.5,0.5
b2466,78,question,en,0.0,1.0,0.5,0.5
b2467,142,question,en,0.0,1.0,0.5,0.5
b2468,78,question,en,0.0,1.0,0.5,0.5
b2469,103,question,en,0.0,1.0,0.5,0.5
b7231,75,question,en,0.0,1.0,0.5,0.5
b7232,74,question,en,0.0,1.0,0.5,0.5
b7233,76,question,en,0.0,1.0,0.5,0.5
b7234,94,question,en,0.0,1.0,0.5,0.5
b7235,86,question,en,0.0,1.0,0.5,0.5
b7236,85,question,en,0.0,1.0,0.5,0.5
b7237,77,question,en,0.0,1.0,0.5,0.5
b7238,76,question,en,0.0,1.0,0.5,0.5
b7239,71,question,en,0.0,1.0,0.5,0.5
b7240,119,question,en,0.0,1.0,0.5,0.5
b7241,77,question,en,0.0,1.0,0.5,0.5
b7242,83,question,en,0.0,1.0,0.5,0.5
b7243,74,question,en,0.0,1.0,0.5,0.5
b7244,85,question,en,0.0,1.0,0.5,0.5
b7245,106,question,en,0.0,1.0,0.5,0.5
b7246,74,question,en,0.0,1.0,0.5,0.5
b7247,71,question,en,0.0,1.0,0.5,0.5
b7248,77,question,en,0.0,1.0,0.5,0.5
b7249,103,question,en,0.0,1.0,0.5,0.5
b7250,83,question,en,0.0,1.0,0.5,0.5
b7251,105,question,en,0.0,1.0,0.5,0.5
b7252,74,question,en,0.0,1.0,0.5,0.5
b7253,83,question,en,0.0,1.0,0.5,0.5
b7254,119,question,en,0.0,1.0,0.5,0.5
b7255,77,question,en,0.0,1.0,0.5,0.5
b7256,144,question,en,0.0,1.0,0.5,0.5
b7257,120,question,en,0.0,1.0,0.5,0.5
b7258,74,question,en,0.0,1.0,0.5,0.5
b7259,92,question,en,0.0,1.0,0.5,0.5
b7260,76,question,en,0.0,1.0,0.5,0.5
b7019,76,question,en,0.0,1.0,0.5,0.5
b7020,85,question,en,0.0,1.0,0.5,0.5
b7021,83,question,en,0.0,1.0,0.5,0.5
b7022,85,question,en,0.0,1.0,0.5,0.5
b7023,83,question,en,0.0,1.0,0.5,0.5
b7024,77,question,en,0.0,1.0,0.5,0.5
b7025,85,question,en,0.0,1.0,0.5,0.5
b7026,83,question,en,0.0,1.0,0.5,0.5
b7027,77,question,en,0.0,1.0,0.5,0.5
b7028,85,question,en,0.0,1.0,0.5,0.5
b7029,85,question,en,0.0,1.0,0.5,0.5
b7030,85,question,en,0.0,1.0,0.5,0.5
b7031,85,question,en,0.0,1.0,0.5,0.5
b7032,83,question,en,0.0,1.0,0.5,0.5
b7033,85,question,en,0.0,1.0,0.5,0.5
b7034,85,question,en,0.0,1.0,0.5,0.5
b7035,76,question,en,0.0,1.0,0.5,0.5
b7036,76,question,en,0.0,1.0,0.5,0.5
b7037,77,question,en,0.0,1.0,0.5,0.5
b7038,85,question,en,0.0,1.0,0.5,0.5
b7039,76,question,en,0.0,1.0,0.5,0.5
b7040,85,question,en,0.0,1.0,0.5,0.5
b7041,77,question,en,0.0,1.0,0.5,0.5
b7042,77,question,en,0.0,1.0,0.5,0.5
b7043,76,question,en,0.0,1.0,0.5,0.5
b7045,85,question,en,0.0,1.0,0.5,0.5
b7046,85,question,en,0.0,1.0,0.5,0.5
b7047,77,question,en,0.0,1.0,0.5,0.5
b7048,83,question,en,0.0,1.0,0.5,0.5
b7049,77,question,en,0.0,1.0,0.5,0.5
b7050,85,question,en,0.0,1.0,0.5,0.5
b7051,77,question,en,0.0,1.0,0.5,0.5
b7052,76,question,en,0.0,1.0,0.5,0.5
b7053,83,question,en,0.0,1.0,0.5,0.5
b7054,76,question,en,0.0,1.0,0.5,0.5
b7055,85,question,en,0.0,1.0,0.5,0.5
b7056,85,question,en,0.0,1.0,0.5,0.5
b7057,77,question,en,0.0,1.0,0.5,0.5
b7058,85,question,en,0.0,1.0,0.5,0.5
b7059,77,question,en,0.0,1.0,0.5,0.5
b7060,74,question,en,0.0,1.0,0.5,0.5
b7061,77,question,en,0.0,1.0,0.5,0.5
b7062,83,question,en,0.0,1.0,0.5,0.5
b7063,85,question,en,0.0,1.0,0.5,0.5
b7064,85,question,en,0.0,1.0,0.5,0.5
b7065,85,question,en,0.0,1.0,0.5,0.5
b7067,76,question,en,0.0,1.0,0.5,0.5
b7068,76,question,en,0.0,1.0,0.5,0.5
b6378,83,question,en,0.0,1.0,0.5,0.5
b6379,85,question,en,0.0,1.0,0.5,0.5
b6380,85,question,en,0.0,1.0,0.5,0.5
b6381,77,question,en,0.0,1.0,0.5,0.5
b6382,85,question,en,0.0,1.0,0.5,0.5
b6383,77,question,en,0.0,1.0,0.5,0.5
b6384,85,question,en,0.0,1.0,0.5,0.5
b6385,77,question,en,0.0,1.0,0.5,0.5
b6386,77,question,en,0.0,1.0,0.5,0.5
b6387,77,question,en,0.0,1.0,0.5,0.5
b6388,76,question,en,0.0,1.0,0.5,0.5
b6389,85,question,en,0.0,1.0,0.5,0.5
b6390,85,question,en,0.0,1.0,0.5,0.5
b6391,77,question,en,0.0,1.0,0.5,0.5
b6392,77,question,en,0.0,1.0,0.5,0.5
b6393,85,question,en,0.0,1.0,0.5,0.5
b6394,77,question,en,0.0,1.0,0.5,0.5
b6395,85,question,en,0.0,1.0,0.5,0.5
b6396,76,question,en,0.0,1.0,0.5,0.5
b6397,83,question,en,0.0,1.0,0.5,0.5
b6398,83,question,en,0.0,1.0,0.5,0.5
b6399,76,question,en,0.0,1.0,0.5,0.5
b6400,83,question,en,0.0,1.0,0.5,0.5
b6401,83,question,en,0.0,1.0,0.5,0.5
b6402,76,question,en,0.0,1.0,0.5,0.5
b6403,83,question,en,0.0,1.0,0.5,0.5
b6404,77,question,en,0.0,1.0,0.5,0.5
b6405,85,question,en,0.0,1.0,0.5,0.5
b6406,77,question,en,0.0,1.0,0.5,0.5
b6407,76,question,en,0.0,1.0,0.5,0.5
b6408,85,question,en,0.0,1.0,0.5,0.5
b6409,76,question,en,0.0,1.0,0.5,0.5
b6410,76,question,en,0.0,1.0,0.5,0.5
b6411,77,question,en,0.0,1.0,0.5,0.5
b6412,77,question,en,0.0,1.0,0.5,0.5
b6413,85,question,en,0.0,1.0,0.5,0.5
b6414,77,question,en,0.0,1.0,0.5,0.5
b6415,76,question,en,0.0,1.0,0.5,0.5
b6416,83,question,en,0.0,1.0,0.5,0.5
b6417,77,question,en,0.0,1.0,0.5,0.5
b6418,85,question,en,0.0,1.0,0.5,0.5
b6419,76,question,en,0.0,1.0,0.5,0.5
b6420,77,question,en,0.0,1.0,0.5,0.5
b6421,85,question,en,0.0,1.0,0.5,0.5
b6422,85,question,en,0.0,1.0,0.5,0.5
b6423,85,question,en,0.0,1.0,0.5,0.5
b6424,77,question,en,0.0,1.0,0.5,0.5
b6425,76,question,en,0.0,1.0,0.5,0.5
b6426,83,question,en,0.0,1.0,0.5,0.5
b6427,88,question,en,0.0,1.0,0.5,0.5
b6428,71,question,en,0.0,1.0,0.5,0.5
b6429,86,question,en,0.0,1.0,0.5,0.5
b6430,74,question,en,0.0,1.0,0.5,0.5
b6431,86,question,en,0.0,1.0,0.5,0.5
b6432,85,question,en,0.0,1.0,0.5,0.5
b6433,94,question,en,0.0,1.0,0.5,0.5
b6434,94,question,en,0.0,1.0,0.5,0.5
b6435,107,question,en,0.0,1.0,0.5,0.5
b6436,83,question,en,0.0,1.0,0.5,0.5
b6437,78,question,en,0.0,1.0,0.5,0.5
b6438,86,question,en,0.0,1.0,0.5,0.5
b6439,71,question,en,0.0,1.0,0.5,0.5
b6440,98,question,en,0.0,1.0,0.5,0.5
b6441,74,question,en,0.0,1.0,0.5,0.5
b6442,78,question,en,0.0,1.0,0.5,0.5
b6443,77,question,en,0.0,1.0,0.5,0.5
b6444,80,question,en,0.0,1.0,0.5,0.5
b6445,138,question,en,0.0,1.0,0.5,0.5
b6446,76,question,en,0.0,1.0,0.5,0.5
b6447,74,question,en,0.0,1.0,0.5,0.5
b6448,71,question,en,0.0,1.0,0.5,0.5
b6449,86,question,en,0.0,1.0,0.5,0.5
b6450,85,question,en,0.0,1.0,0.5,0.5
b6451,80,question,en,0.0,1.0,0.5,0.5
b6452,74,question,en,0.0,1.0,0.5,0.5
b6453,83,question,en,0.0,1.0,0.5,0.5
b6454,119,question,en,0.0,1.0,0.5,0.5
b6455,76,question,en,0.0,1.0,0.5,0.5
b6456,114,question,en,0.0,1.0,0.5,0.5
b8001,183|14|2,question,en,0.0,1.0,0.5,0.5
b8002,184|7|10,question,en,0.0,1.0,0.5,0.5
b8003,181|7|10,question,en,0.0,1.0,0.5,0.5
b8004,2|19|182,question,en,0.0,1.0,0.5,0.5
b8005,183|7|11,question,en,0.0,1.0,0.5,0.5
b8006,22|184|2,question,en,0.0,1.0,0.5,0.5
b8007,181|2|13,question,en,0.0,1.0,0.5,0.5
b8008,7|17|182,question,en,0.0,1.0,0.5,0.5
b8009,183|2|19,question,en,0.0,1.0,0.5,0.5
b8010,184|7|6,question,en,0.0,1.0,0.5,0.5
b7119,128,question,en,0.0,1.0,0.5,0.5
b7120,77,question,en,0.0,1.0,0.5,0.5
b7121,71,question,en,0.0,1.0,0.5,0.5
b7122,78,question,en,0.0,1.0,0.5,0.5
b7123,106,question,en,0.0,1.0,0.5,0.5
b7124,78,question,en,0.0,1.0,0.5,0.5
b7125,87,question,en,0.0,1.0,0.5,0.5
b7126,113,question,en,0.0,1.0,0.5,0.5
b7127,83,question,en,0.0,1.0,0.5,0.5
b7128,86,question,en,0.0,1.0,0.5,0.5
b7129,83,question,en,0.0,1.0,0.5,0.5
b7130,76,question,en,0.0,1.0,0.5,0.5
b7131,144,question,en,0.0,1.0,0.5,0.5
b7132,99,question,en,0.0,1.0,0.5,0.5
b7133,85,question,en,0.0,1.0,0.5,0.5
b7134,75,question,en,0.0,1.0,0.5,0.5
b7135,74,question,en,0.0,1.0,0.5,0.5
b7136,71,question,en,0.0,1.0,0.5,0.5
b7137,71,question,en,0.0,1.0,0.5,0.5
b7138,87,question,en,0.0,1.0,0.5,0.5
b7139,121,question,en,0.0,1.0,0.5,0.5
b7140,83,question,en,0.0,1.0,0.5,0.5
b7141,77,question,en,0.0,1.0,0.5,0.5
b7142,86,question,en,0.0,1.0,0.5,0.5
b7143,77,question,en,0.0,1.0,0.5,0.5
b7144,98,question,en,0.0,1.0,0.5,0.5
b7145,74,question,en,0.0,1.0,0.5,0.5
b7146,98,question,en,0.0,1.0,0.5,0.5
b7147,76,question,en,0.0,1.0,0.5,0.5
b7148,74,question,en,0.0,1.0,0.5,0.5
b81,181|7|6,question,en,0.0,1.0,0.5,0.5
b82,185|2|8,question,en,0.0,1.0,0.5,0.5
b84,181|20|21,question,en,0.0,1.0,0.5,0.5
b85,15|2|183,question,en,0.0,1.0,0.5,0.5
b86,185|2|13,question,en,0.0,1.0,0.5,0.5
b87,181|7|10,question,en,0.0,1.0,0.5,0.5
b88,185|2|12,question,en,0.0,1.0,0.5,0.5
b89,185|14|2,question,en,0.0,1.0,0.5,0.5
b90,181|15|2,question,en,0.0,1.0,0.5,0.5
b5351,149|179|150|159|162|178|158|151,question,en,0.0,1.0,0.5,0.5
b5352,149|146|162|178|158|151,question,en,0.0,1.0,0.5,0.5
b3071,145,question,en,0.0,1.0,0.5,0.5
b5634,181|179|16|2,question,en,0.0,1.0,0.5,0.5
b5635,179|2|5|182,question,en,0.0,1.0,0.5,0.5
b5636,183|2|13,question,en,0.0,1.0,0.5,0.5
b5637,184|7|17,question,en,0.0,1.0,0.5,0.5
b5638,181|179|9|2,question,en,0.0,1.0,0.5,0.5
b5639,179|7|182|6,question,en,0.0,1.0,0.5,0.5
b5640,183|2|5,question,en,0.0,1.0,0.5,0.5
b5641,184|7|10,question,en,0.0,1.0,0.5,0.5
b5642,179|183|16|2,question,en,0.0,1.0,0.5,0.5
b5643,20|182|21,question,en,0.0,1.0,0.5,0.5
b2381,74,question,en,0.0,1.0,0.5,0.5
b2382,74,question,en,0.0,1.0,0.5,0.5
b2383,74,question,en,0.0,1.0,0.5,0.5
b2384,74,question,en,0.0,1.0,0.5,0.5
b2385,74,question,en,0.0,1.0,0.5,0.5
b2386,74,question,en,0.0,1.0,0.5,0.5
b2387,74,question,en,0.0,1.0,0.5,0.5
b2388,74,question,en,0.0,1.0,0.5,0.5
b2389,74,question,en,0.0,1.0,0.5,0.5
b2390,74,question,en,0.0,1.0,0.5,0.5
b2391,74,question,en,0.0,1.0,0.5,0.5
b2392,74,question,en,0.0,1.0,0.5,0.5
b2393,74,question,en,0.0,1.0,0.5,0.5
b2394,74,question,en,0.0,1.0,0.5,0.5
b2395,74,question,en,0.0,1.0,0.5,0.5
b2396,74,question,en,0.0,1.0,0.5,0.5
b2397,74,question,en,0.0,1.0,0.5,0.5
b2398,74,question,en,0.0,1.0,0.5,0.5
b2399,74,question,en,0.0,1.0,0.5,0.5
b2400,74,question,en,0.0,1.0,0.5,0.5
b2401,74,question,en,0.0,1.0,0.5,0.5
b2402,74,question,en,0.0,1.0,0.5,0.5
b2403,74,question,en,0.0,1.0,0.5,0.5
b2404,74,question,en,0.0,1.0,0.5,0.5
b2406,74,question,en,0.0,1.0,0.5,0.5
b2407,74,question,en,0.0,1.0,0.5,0.5
b2408,74,question,en,0.0,1.0,0.5,0.5
b2409,74,question,en,0.0,1.0,0.5,0.5
b2410,74,question,en,0.0,1.0,0.5,0.5
b2411,74,question,en,0.0,1.0,0.5,0.5
b2412,74,question,en,0.0,1.0,0.5,0.5
b2413,74,question,en,0.0,1.0,0.5,0.5
b2414,74,question,en,0.0,1.0,0.5,0.5
b2415,74,question,en,0.0,1.0,0.5,0.5
b2416,74,question,en,0.0,1.0,0.5,0.5
b2417,74,question,en,0.0,1.0,0.5,0.5
b2418,74,question,en,0.0,1.0,0.5,0.5
b2419,74,question,en,0.0,1.0,0.5,0.5
b2420,74,question,en,0.0,1.0,0.5,0.5
b2421,74,question,en,0.0,1.0,0.5,0.5
b2422,74,question,en,0.0,1.0,0.5,0.5
b2423,74,question,en,0.0,1.0,0.5,0.5
b2424,74,question,en,0.0,1.0,0.5,0.5
b2425,74,question,en,0.0,1.0,0.5,0.5
b2426,74,question,en,0.0,1.0,0.5,0.5
b2427,74,question,en,0.0,1.0,0.5,0.5
b2428,74,question,en,0.0,1.0,0.5,0.5
b2429,74,question,en,0.0,1.0,0.5,0.5
b5298,147|179|146|162|178|156|153|149,question,en,0.0,1.0,0.5,0.5
b5299,149|179|150|146|178|153|158|163,question,en,0.0,1.0,0.5,0.5
b5300,149|179|166|146|178|153|158,question,en,0.0,1.0,0.5,0.5
b5301,148|158|162|178|157|149|151,question,en,0.0,1.0,0.5,0.5
b5654,88,question,en,0.0,1.0,0.5,0.5
b5655,86,question,en,0.0,1.0,0.5,0.5
b5656,74,question,en,0.0,1.0,0.5,0.5
b5657,71,question,en,0.0,1.0,0.5,0.5
b5658,83,question,en,0.0,1.0,0.5,0.5
b5659,119,question,en,0.0,1.0,0.5,0.5
b5660,74,question,en,0.0,1.0,0.5,0.5
b5661,77,question,en,0.0,1.0,0.5,0.5
b5662,76,question,en,0.0,1.0,0.5,0.5
b5663,86,question,en,0.0,1.0,0.5,0.5
b5664,130,question,en,0.0,1.0,0.5,0.5
b5665,98,question,en,0.0,1.0,0.5,0.5
b5666,81,question,en,0.0,1.0,0.5,0.5
b5667,83,question,en,0.0,1.0,0.5,0.5
b5668,85,question,en,0.0,1.0,0.5,0.5
b5669,88,question,en,0.0,1.0,0.5,0.5
b5670,74,question,en,0.0,1.0,0.5,0.5
b5672,78,question,en,0.0,1.0,0.5,0.5
b5673,76,question,en,0.0,1.0,0.5,0.5
b5674,78,question,en,0.0,1.0,0.5,0.5
b5713,144,question,en,0.0,1.0,0.5,0.5
b5675,77,question,en,0.0,1.0,0.5,0.5
b5676,104,question,en,0.0,1.0,0.5,0.5
b5677,77,question,en,0.0,1.0,0.5,0.5
b5678,85,question,en,0.0,1.0,0.5,0.5
b5679,133,question,en,0.0,1.0,0.5,0.5
b5680,113,question,en,0.0,1.0,0.5,0.5
b5681,85,question,en,0.0,1.0,0.5,0.5
b5682,119,question,en,0.0,1.0,0.5,0.5
b1748,179|182|181|56|52,question,en,0.0,1.0,0.5,0.5
b1750,179|183|184|53|55|54,question,en,0.0,1.0,0.5,0.5
b1751,182|181|56|54|52,question,en,0.0,1.0,0.5,0.5
b1752,183|184|53|55|54,question,en,0.0,1.0,0.5,0.5
b1753,53|182|181|55|52,question,en,0.0,1.0,0.5,0.5
b1755,184|53|181|56|54,question,en,0.0,1.0,0.5,0.5
b1756,179|181|182|52|55,question,en,0.0,1.0,0.5,0.5
b8146,181|2|19,question,en,0.0,1.0,0.5,0.5
b8147,9|2|182,question,en,0.0,1.0,0.5,0.5
b8148,9|2|183,question,en,0.0,1.0,0.5,0.5
b8149,184|7|6,question,en,0.0,1.0,0.5,0.5
b8150,181|7|17,question,en,0.0,1.0,0.5,0.5
b8151,1|2|182,question,en,0.0,1.0,0.5,0.5
b8152,183|7|11,question,en,0.0,1.0,0.5,0.5
b8153,184|16|2,question,en,0.0,1.0,0.5,0.5
b8154,181|2|19,question,en,0.0,1.0,0.5,0.5
b8155,7|11|182,question,en,0.0,1.0,0.5,0.5
b8484,76|96|119|143,question,en,0.0,1.0,0.5,0.5
b8485,103|78|77|143,question,en,0.0,1.0,0.5,0.5
b8486,85|118|132|143,question,en,0.0,1.0,0.5,0.5
b8487,71|73|77|143,question,en,0.0,1.0,0.5,0.5
b8488,98|76|108|143,question,en,0.0,1.0,0.5,0.5
b8489,128|135|77|143,question,en,0.0,1.0,0.5,0.5
b8490,76|71|74|143,question,en,0.0,1.0,0.5,0.5
b8491,85|83|129|143,question,en,0.0,1.0,0.5,0.5
b8492,83|75|107|143,question,en,0.0,1.0,0.5,0.5
b8493,98|85|95|143,question,en,0.0,1.0,0.5,0.5
b8464,98|83|77|143,question,en,0.0,1.0,0.5,0.5
b8465,85|71|77|143,question,en,0.0,1.0,0.5,0.5
b8466,76|120|77|143,question,en,0.0,1.0,0.5,0.5
b8467,71|129|77|143,question,en,0.0,1.0,0.5,0.5
b8468,85|71|72|143,question,en,0.0,1.0,0.5,0.5
b8469,129|77|108|143,question,en,0.0,1.0,0.5,0.5
b8470,86|76|134|143,question,en,0.0,1.0,0.5,0.5
b8471,98|134|74|143,question,en,0.0,1.0,0.5,0.5
b8472,85|88|120|143,question,en,0.0,1.0,0.5,0.5
b8473,74|138|77|143,question,en,0.0,1.0,0.5,0.5
b2027,179|64|182|52|56|54,question,en,0.0,1.0,0.5,0.5
b2028,60|182|52|56|54,question,en,0.0,1.0,0.5,0.5
b2029,59|181|56|55|52,question,en,0.0,1.0,0.5,0.5
b2030,179|184|53|69|52|54,question,en,0.0,1.0,0.5,0.5
b2031,59|181|56|55|52,question,en,0.0,1.0,0.5,0.5
b2032,179|184|65|52|55,question,en,0.0,1.0,0.5,0.5
b2033,53|60|181|56|54,question,en,0.0,1.0,0.5,0.5
b2034,183|53|59|52|54,question,en,0.0,1.0,0.5,0.5
b2035,52|54|181|59,question,en,0.0,1.0,0.5,0.5
b2036,179|183|53|54|56|70,question,en,0.0,1.0,0.5,0.5
b6205,76,question,en,0.0,1.0,0.5,0.5
b6206,83,question,en,0.0,1.0,0.5,0.5
b6207,76,question,en,0.0,1.0,0.5,0.5
b6208,77,question,en,0.0,1.0,0.5,0.5
b6209,85,question,en,0.0,1.0,0.5,0.5
b6210,85,question,en,0.0,1.0,0.5,0.5
b6211,85,question,en,0.0,1.0,0.5,0.5
b6212,76,question,en,0.0,1.0,0.5,0.5
b6213,85,question,en,0.0,1.0,0.5,0.5
b6214,85,question,en,0.0,1.0,0.5,0.5
b6215,76,question,en,0.0,1.0,0.5,0.5
b6216,77,question,en,0.0,1.0,0.5,0.5
b6217,85,question,en,0.0,1.0,0.5,0.5
b6218,85,question,en,0.0,1.0,0.5,0.5
b6219,76,question,en,0.0,1.0,0.5,0.5
b6220,77,question,en,0.0,1.0,0.5,0.5
b6222,85,question,en,0.0,1.0,0.5,0.5
b6223,77,question,en,0.0,1.0,0.5,0.5
b6224,77,question,en,0.0,1.0,0.5,0.5
b6225,77,question,en,0.0,1.0,0.5,0.5
b6226,77,question,en,0.0,1.0,0.5,0.5
b6227,85,question,en,0.0,1.0,0.5,0.5
b6228,77,question,en,0.0,1.0,0.5,0.5
b6229,83,question,en,0.0,1.0,0.5,0.5
b6230,85,question,en,0.0,1.0,0.5,0.5
b6231,77,question,en,0.0,1.0,0.5,0.5
b6232,76,question,en,0.0,1.0,0.5,0.5
b6233,77,question,en,0.0,1.0,0.5,0.5
b6234,76,question,en,0.0,1.0,0.5,0.5
b6235,85,question,en,0.0,1.0,0.5,0.5
b6236,77,question,en,0.0,1.0,0.5,0.5
b6237,83,question,en,0.0,1.0,0.5,0.5
b6238,76,question,en,0.0,1.0,0.5,0.5
b6239,77,question,en,0.0,1.0,0.5,0.5
b6240,76,question,en,0.0,1.0,0.5,0.5
b6241,85,question,en,0.0,1.0,0.5,0.5
b6242,77,question,en,0.0,1.0,0.5,0.5
b6243,76,question,en,0.0,1.0,0.5,0.5
b6244,77,question,en,0.0,1.0,0.5,0.5
b6245,76,question,en,0.0,1.0,0.5,0.5
b6246,85,question,en,0.0,1.0,0.5,0.5
b6247,76,question,en,0.0,1.0,0.5,0.5
b6248,85,question,en,0.0,1.0,0.5,0.5
b6249,77,question,en,0.0,1.0,0.5,0.5
b6250,85,question,en,0.0,1.0,0.5,0.5
b6251,85,question,en,0.0,1.0,0.5,0.5
b6252,85,question,en,0.0,1.0,0.5,0.5
b6253,77,question,en,0.0,1.0,0.5,0.5
b7507,85,question,en,0.0,1.0,0.5,0.5
b7508,85,question,en,0.0,1.0,0.5,0.5
b7510,85,question,en,0.0,1.0,0.5,0.5
b7515,85,question,en,0.0,1.0,0.5,0.5
b7516,85,question,en,0.0,1.0,0.5,0.5
b7518,85,question,en,0.0,1.0,0.5,0.5
b7519,85,question,en,0.0,1.0,0.5,0.5
b7521,85,question,en,0.0,1.0,0.5,0.5
b7522,85,question,en,0.0,1.0,0.5,0.5
b7523,85,question,en,0.0,1.0,0.5,0.5
b7524,85,question,en,0.0,1.0,0.5,0.5
b7526,85,question,en,0.0,1.0,0.5,0.5
b7527,85,question,en,0.0,1.0,0.5,0.5
b7528,85,question,en,0.0,1.0,0.5,0.5
b7530,85,question,en,0.0,1.0,0.5,0.5
b7531,85,question,en,0.0,1.0,0.5,0.5
b7532,77,question,en,0.0,1.0,0.5,0.5
b7533,77,question,en,0.0,1.0,0.5,0.5
b7534,77,question,en,0.0,1.0,0.5,0.5
b7535,77,question,en,0.0,1.0,0.5,0.5
b7538,77,question,en,0.0,1.0,0.5,0.5
b7539,77,question,en,0.0,1.0,0.5,0.5
b7540,77,question,en,0.0,1.0,0.5,0.5
b7541,77,question,en,0.0,1.0,0.5,0.5
b7542,77,question,en,0.0,1.0,0.5,0.5
b7543,77,question,en,0.0,1.0,0.5,0.5
b7544,77,question,en,0.0,1.0,0.5,0.5
b7545,77,question,en,0.0,1.0,0.5,0.5
b7547,77,question,en,0.0,1.0,0.5,0.5
b7548,77,question,en,0.0,1.0,0.5,0.5
b7549,77,question,en,0.0,1.0,0.5,0.5
b7551,77,question,en,0.0,1.0,0.5,0.5
b7557,76,question,en,0.0,1.0,0.5,0.5
b7559,76,question,en,0.0,1.0,0.5,0.5
b7561,76,question,en,0.0,1.0,0.5,0.5
b7563,76,question,en,0.0,1.0,0.5,0.5
b7566,76,question,en,0.0,1.0,0.5,0.5
b7568,76,question,en,0.0,1.0,0.5,0.5
b7569,76,question,en,0.0,1.0,0.5,0.5
b7570,76,question,en,0.0,1.0,0.5,0.5
b7571,76,question,en,0.0,1.0,0.5,0.5
b7573,76,question,en,0.0,1.0,0.5,0.5
b7575,76,question,en,0.0,1.0,0.5,0.5
b7576,76,question,en,0.0,1.0,0.5,0.5
b7577,76,question,en,0.0,1.0,0.5,0.5
b7587,83,question,en,0.0,1.0,0.5,0.5
b7589,83,question,en,0.0,1.0,0.5,0.5
b7598,83,question,en,0.0,1.0,0.5,0.5
b7599,83,question,en,0.0,1.0,0.5,0.5
b7600,83,question,en,0.0,1.0,0.5,0.5
b7602,83,question,en,0.0,1.0,0.5,0.5
b2472,76,question,en,0.0,1.0,0.5,0.5
b2474,76,question,en,0.0,1.0,0.5,0.5
b2486,76,question,en,0.0,1.0,0.5,0.5
b2489,76,question,en,0.0,1.0,0.5,0.5
b2490,84,question,en,0.0,1.0,0.5,0.5
b2491,84,question,en,0.0,1.0,0.5,0.5
b2492,84,question,en,0.0,1.0,0.5,0.5
b2493,80,question,en,0.0,1.0,0.5,0.5
b2494,84,question,en,0.0,1.0,0.5,0.5
b2503,83,question,en,0.0,1.0,0.5,0.5
b2505,83,question,en,0.0,1.0,0.5,0.5
b2506,83,question,en,0.0,1.0,0.5,0.5
b2509,83,question,en,0.0,1.0,0.5,0.5
b2511,83,question,en,0.0,1.0,0.5,0.5
b2515,132,question,en,0.0,1.0,0.5,0.5
b2516,71,question,en,0.0,1.0,0.5,0.5
b2517,132,question,en,0.0,1.0,0.5,0.5
b2518,71,question,en,0.0,1.0,0.5,0.5
b2519,71,question,en,0.0,1.0,0.5,0.5
b5333,149|155|162|178|153|158,question,en,0.0,1.0,0.5,0.5
b5334,150|164|159|162|178|156|153|149|151,question,en,0.0,1.0,0.5,0.5
b5335,147|170|150|162|178|153|149|151,question,en,0.0,1.0,0.5,0.5
b8524,76|95|143,question,en,0.0,1.0,0.5,0.5
b8525,85|88|138|143,question,en,0.0,1.0,0.5,0.5
b8526,134|92|77|143,question,en,0.0,1.0,0.5,0.5
b8527,86|119|107|143,question,en,0.0,1.0,0.5,0.5
b8528,122|134|77|143,question,en,0.0,1.0,0.5,0.5
b8529,77|87|143,question,en,0.0,1.0,0.5,0.5
b8530,143|134|77|88,question,en,0.0,1.0,0.5,0.5
b8532,143|94|74|73,question,en,0.0,1.0,0.5,0.5
b8533,76|134|107|143,question,en,0.0,1.0,0.5,0.5
b8504,74|134|77|143,question,en,0.0,1.0,0.5,0.5
b8505,138|133|77|143,question,en,0.0,1.0,0.5,0.5
b8506,98|85|129|143,question,en,0.0,1.0,0.5,0.5
b8507,83|134|77|143,question,en,0.0,1.0,0.5,0.5
b8508,98|85|87|143,question,en,0.0,1.0,0.5,0.5
b8509,83|134|107|143,question,en,0.0,1.0,0.5,0.5
b8510,86|72|77|143,question,en,0.0,1.0,0.5,0.5
b8511,86|76|74|143,question,en,0.0,1.0,0.5,0.5
b8512,86|76|120|143,question,en,0.0,1.0,0.5,0.5
b8513,107|105|77|143,question,en,0.0,1.0,0.5,0.5
b8514,86|85|74|143,question,en,0.0,1.0,0.5,0.5
b8515,83|119|77|143,question,en,0.0,1.0,0.5,0.5
b8516,85|119|143|88,question,en,0.0,1.0,0.5,0.5
b8517,74|92|77|143,question,en,0.0,1.0,0.5,0.5
b8518,76|134|108|143,question,en,0.0,1.0,0.5,0.5
b8519,134|71|77|143,question,en,0.0,1.0,0.5,0.5
b8520,98|87|77|143,question,en,0.0,1.0,0.5,0.5
b8521,73|94|77|143,question,en,0.0,1.0,0.5,0.5
b8522,134|77|73|143,question,en,0.0,1.0,0.5,0.5
b8523,85|118|77|143,question,en,0.0,1.0,0.5,0.5
b8555,133|107|77|143,question,en,0.0,1.0,0.5,0.5
b8556,76|121|113|143,question,en,0.0,1.0,0.5,0.5
b8557,98|74|77|143,question,en,0.0,1.0,0.5,0.5
b8558,134|71|77|143,question,en,0.0,1.0,0.5,0.5
b8559,85|71|133|143,question,en,0.0,1.0,0.5,0.5
b8560,86|85|133|143,question,en,0.0,1.0,0.5,0.5
b8561,85|100|143,question,en,0.0,1.0,0.5,0.5
b8562,86|76|77|143,question,en,0.0,1.0,0.5,0.5
b8563,85|134|119|143,question,en,0.0,1.0,0.5,0.5
b8544,86|109|77|143,question,en,0.0,1.0,0.5,0.5
b8545,85|83|74|143,question,en,0.0,1.0,0.5,0.5
b8546,98|134|77|143,question,en,0.0,1.0,0.5,0.5
b8547,129|119|77|143,question,en,0.0,1.0,0.5,0.5
b8548,98|85|72|143,question,en,0.0,1.0,0.5,0.5
b8549,85|122|76|143,question,en,0.0,1.0,0.5,0.5
b8550,71|73|77|143,question,en,0.0,1.0,0.5,0.5
b8551,76|83|107|143,question,en,0.0,1.0,0.5,0.5
b8553,85|83|143|93,question,en,0.0,1.0,0.5,0.5
b983,179|183|31|32|181,question,en,0.0,1.0,0.5,0.5
b985,184|47|46|183,question,en,0.0,1.0,0.5,0.5
b986,181|182|26|24,question,en,0.0,1.0,0.5,0.5
b987,183|27|24|40|181,question,en,0.0,1.0,0.5,0.5
b988,184|31|32|182,question,en,0.0,1.0,0.5,0.5
b989,183|184|26|24,question,en,0.0,1.0,0.5,0.5
b990,181|182|24|25,question,en,0.0,1.0,0.5,0.5
b991,181|184|24|40,question,en,0.0,1.0,0.5,0.5
b992,179|183|184|24|48,question,en,0.0,1.0,0.5,0.5
b994,41|183|181|24,question,en,0.0,1.0,0.5,0.5
b995,28|30|29|182|181,question,en,0.0,1.0,0.5,0.5
b996,41|27|24|182|181,question,en,0.0,1.0,0.5,0.5
b997,179|44|183|181|49,question,en,0.0,1.0,0.5,0.5
b998,183|184|24|43,question,en,0.0,1.0,0.5,0.5
b1002,183|31|32|182,question,en,0.0,1.0,0.5,0.5
b1003,181|44|45|182,question,en,0.0,1.0,0.5,0.5
b1004,184|35|30|34|182,question,en,0.0,1.0,0.5,0.5
b1005,184|38|39|30|182,question,en,0.0,1.0,0.5,0.5
b5942,134,question,en,0.0,1.0,0.5,0.5
b5943,145,question,en,0.0,1.0,0.5,0.5
b5944,145,question,en,0.0,1.0,0.5,0.5
b5945,97,question,en,0.0,1.0,0.5,0.5
b5946,97,question,en,0.0,1.0,0.5,0.5
b5947,97,question,en,0.0,1.0,0.5,0.5
b5948,97,question,en,0.0,1.0,0.5,0.5
b5949,131,question,en,0.0,1.0,0.5,0.5
b5950,131,question,en,0.0,1.0,0.5,0.5
b5951,131,question,en,0.0,1.0,0.5,0.5
b6104,77,question,en,0.0,1.0,0.5,0.5
b6105,77,question,en,0.0,1.0,0.5,0.5
b6106,83,question,en,0.0,1.0,0.5,0.5
b6107,83,question,en,0.0,1.0,0.5,0.5
b6108,83,question,en,0.0,1.0,0.5,0.5
b6109,85,question,en,0.0,1.0,0.5,0.5
b6110,83,question,en,0.0,1.0,0.5,0.5
b6111,85,question,en,0.0,1.0,0.5,0.5
b6112,76,question,en,0.0,1.0,0.5,0.5
b6113,77,question,en,0.0,1.0,0.5,0.5
b6114,77,question,en,0.0,1.0,0.5,0.5
b6115,77,question,en,0.0,1.0,0.5,0.5
b6116,85,question,en,0.0,1.0,0.5,0.5
b6117,85,question,en,0.0,1.0,0.5,0.5
b6118,85,question,en,0.0,1.0,0.5,0.5
b6119,85,question,en,0.0,1.0,0.5,0.5
b6120,85,question,en,0.0,1.0,0.5,0.5
b6121,85,question,en,0.0,1.0,0.5,0.5
b6122,85,question,en,0.0,1.0,0.5,0.5
b6123,74,question,en,0.0,1.0,0.5,0.5
b6124,76,question,en,0.0,1.0,0.5,0.5
b6125,85,question,en,0.0,1.0,0.5,0.5
b6126,76,question,en,0.0,1.0,0.5,0.5
b6127,85,question,en,0.0,1.0,0.5,0.5
b6128,85,question,en,0.0,1.0,0.5,0.5
b6129,77,question,en,0.0,1.0,0.5,0.5
b6130,85,question,en,0.0,1.0,0.5,0.5
b6131,77,question,en,0.0,1.0,0.5,0.5
b6132,77,question,en,0.0,1.0,0.5,0.5
b6133,85,question,en,0.0,1.0,0.5,0.5
b6134,85,question,en,0.0,1.0,0.5,0.5
b6135,77,question,en,0.0,1.0,0.5,0.5
b6136,77,question,en,0.0,1.0,0.5,0.5
b6137,77,question,en,0.0,1.0,0.5,0.5
b6138,77,question,en,0.0,1.0,0.5,0.5
b6139,83,question,en,0.0,1.0,0.5,0.5
b6140,76,question,en,0.0,1.0,0.5,0.5
b6141,85,question,en,0.0,1.0,0.5,0.5
b6142,85,question,en,0.0,1.0,0.5,0.5
b6143,85,question,en,0.0,1.0,0.5,0.5
b6144,76,question,en,0.0,1.0,0.5,0.5
b6145,77,question,en,0.0,1.0,0.5,0.5
b6146,76,question,en,0.0,1.0,0.5,0.5
b6147,85,question,en,0.0,1.0,0.5,0.5
b6148,77,question,en,0.0,1.0,0.5,0.5
b6149,77,question,en,0.0,1.0,0.5,0.5
b6150,85,question,en,0.0,1.0,0.5,0.5
b6151,85,question,en,0.0,1.0,0.5,0.5
b6152,76,question,en,0.0,1.0,0.5,0.5
b6153,76,question,en,0.0,1.0,0.5,0.5
b5218,179|74|143|71|81,question,en,0.0,1.0,0.5,0.5
b5219,179|85|77|143|75,question,en,0.0,1.0,0.5,0.5
b5220,179|77|87|143|126,question,en,0.0,1.0,0.5,0.5
b5221,83|134|82|143,question,en,0.0,1.0,0.5,0.5
b5222,76|112|80|143,question,en,0.0,1.0,0.5,0.5
b5223,83|129|119|143,question,en,0.0,1.0,0.5,0.5
b5224,179|76|130|143|78,question,en,0.0,1.0,0.5,0.5
b5225,179|90|74|143|71,question,en,0.0,1.0,0.5,0.5
b5226,179|119|77|80|143,question,en,0.0,1.0,0.5,0.5
b7924,71|90|77|143,question,en,0.0,1.0,0.5,0.5
b7925,130|77|74|143,question,en,0.0,1.0,0.5,0.5
b7926,98|76|78|143,question,en,0.0,1.0,0.5,0.5
b7927,85|83|77|143,question,en,0.0,1.0,0.5,0.5
b7928,85|130|92|143,question,en,0.0,1.0,0.5,0.5
b5106,179|77|80|143|83,question,en,0.0,1.0,0.5,0.5
b5107,85|71|74|143,question,en,0.0,1.0,0.5,0.5
b5108,179|86|143|134|120,question,en,0.0,1.0,0.5,0.5
b5109,76|83|107|143,question,en,0.0,1.0,0.5,0.5
b3611,72,question,en,0.0,1.0,0.5,0.5
b3612,86,question,en,0.0,1.0,0.5,0.5
b3613,80,question,en,0.0,1.0,0.5,0.5
b3614,88,question,en,0.0,1.0,0.5,0.5
b3615,85,question,en,0.0,1.0,0.5,0.5
b3616,106,question,en,0.0,1.0,0.5,0.5
b3617,71,question,en,0.0,1.0,0.5,0.5
b3618,86,question,en,0.0,1.0,0.5,0.5
b3619,71,question,en,0.0,1.0,0.5,0.5
b3620,74,question,en,0.0,1.0,0.5,0.5
b3621,85,question,en,0.0,1.0,0.5,0.5
b3622,74,question,en,0.0,1.0,0.5,0.5
b3623,129,question,en,0.0,1.0,0.5,0.5
b3624,77,question,en,0.0,1.0,0.5,0.5
b3625,80,question,en,0.0,1.0,0.5,0.5
b3626,138,question,en,0.0,1.0,0.5,0.5
b3627,109,question,en,0.0,1.0,0.5,0.5
b3628,130,question,en,0.0,1.0,0.5,0.5
b3629,94,question,en,0.0,1.0,0.5,0.5
b3630,83,question,en,0.0,1.0,0.5,0.5
b3631,119,question,en,0.0,1.0,0.5,0.5
b3632,74,question,en,0.0,1.0,0.5,0.5
b3634,77,question,en,0.0,1.0,0.5,0.5
b3635,100,question,en,0.0,1.0,0.5,0.5
b3636,103,question,en,0.0,1.0,0.5,0.5
b3637,85,question,en,0.0,1.0,0.5,0.5
b3640,76,question,en,0.0,1.0,0.5,0.5
b3641,85,question,en,0.0,1.0,0.5,0.5
b3642,90,question,en,0.0,1.0,0.5,0.5
b3643,76,question,en,0.0,1.0,0.5,0.5
b3644,82,question,en,0.0,1.0,0.5,0.5
b3645,77,question,en,0.0,1.0,0.5,0.5
b3646,80,question,en,0.0,1.0,0.5,0.5
b3647,74,question,en,0.0,1.0,0.5,0.5
b3648,78,question,en,0.0,1.0,0.5,0.5
b3649,77,question,en,0.0,1.0,0.5,0.5
b5236,164|159|162|178|156|153|149|151,question,en,0.0,1.0,0.5,0.5
b5237,150|172|146|162|178|153|149|151,question,en,0.0,1.0,0.5,0.5
b5238,149|150|155|162|178|153|158|151,question,en,0.0,1.0,0.5,0.5
b5239,149|146|162|178|153|158|151,question,en,0.0,1.0,0.5,0.5
b5240,172|146|162|178|153|149|151,question,en,0.0,1.0,0.5,0.5
b5241,150|155|162|178|153|154|149|151,question,en,0.0,1.0,0.5,0.5
b5167,179|119|86|143|134,question,en,0.0,1.0,0.5,0.5
b5168,179|77|143|134|120,question,en,0.0,1.0,0.5,0.5
b5169,134|120|77|143,question,en,0.0,1.0,0.5,0.5
b8235,183|7|10,question,en,0.0,1.0,0.5,0.5
b8236,184|2|8,question,en,0.0,1.0,0.5,0.5
b8237,181|3|2,question,en,0.0,1.0,0.5,0.5
b8238,15|2|182,question,en,0.0,1.0,0.5,0.5
b8239,1|2|183,question,en,0.0,1.0,0.5,0.5
b8240,1|184|2,question,en,0.0,1.0,0.5,0.5
b8241,181|2|13,question,en,0.0,1.0,0.5,0.5
b8242,7|17|182,question,en,0.0,1.0,0.5,0.5
b8243,183|7|17,question,en,0.0,1.0,0.5,0.5
b8244,184|16|2,question,en,0.0,1.0,0.5,0.5
b1441,181|185|52|55|58,question,en,0.0,1.0,0.5,0.5
b1443,53|185|181|54|58,question,en,0.0,1.0,0.5,0.5
b1444,183|185|52|54|58,question,en,0.0,1.0,0.5,0.5
b1445,58|185|181|56|52,question,en,0.0,1.0,0.5,0.5
b1616,179|53|185|181|52,question,en,0.0,1.0,0.5,0.5
b1617,179|53|185|181|55|52,question,en,0.0,1.0,0.5,0.5
b1618,183|53|185|52|56,question,en,0.0,1.0,0.5,0.5
b1619,53|185|181|55|52,question,en,0.0,1.0,0.5,0.5
b1620,52|183|185,question,en,0.0,1.0,0.5,0.5
b1621,183|184|53|52|55,question,en,0.0,1.0,0.5,0.5
b1622,53|185|181|54|52,question,en,0.0,1.0,0.5,0.5
b1623,179|183|184|52|55,question,en,0.0,1.0,0.5,0.5
b1624,179|181|185|52|54,question,en,0.0,1.0,0.5,0.5
b1625,179|53|185|181|56|54,question,en,0.0,1.0,0.5,0.5
b5260,148|167|177|168,question,en,0.0,1.0,0.5,0.5
b5261,177|167|149|168,question,en,0.0,1.0,0.5,0.5
b5262,177|167|149|168,question,en,0.0,1.0,0.5,0.5
b5263,179|167|177|153|168,question,en,0.0,1.0,0.5,0.5
b1460,53|58|182|181|52,question,en,0.0,1.0,0.5,0.5
b1461,182|181|56|54|58,question,en,0.0,1.0,0.5,0.5
b1462,183|184|55|56|58,question,en,0.0,1.0,0.5,0.5
b1463,179|181|182|52|54|58,question,en,0.0,1.0,0.5,0.5
b1464,183|53|182|54|58,question,en,0.0,1.0,0.5,0.5
b1465,179|183|182|52|54|58,question,en,0.0,1.0,0.5,0.5
b1466,53|182|181|54|58,question,en,0.0,1.0,0.5,0.5
b1467,183|184|52|54|58,question,en,0.0,1.0,0.5,0.5
b1468,52|181|182|58,question,en,0.0,1.0,0.5,0.5
b1469,179|182|181|55|54|58,question,en,0.0,1.0,0.5,0.5
b654,183|24|23|181|25,question,en,0.0,1.0,0.5,0.5
b655,183|24|26|30|182,question,en,0.0,1.0,0.5,0.5
b656,183|184|24|23|25,question,en,0.0,1.0,0.5,0.5
b657,28|179|27|45|182|181,question,en,0.0,1.0,0.5,0.5
b658,179|183|31|32|30|181,question,en,0.0,1.0,0.5,0.5
b659,184|24|23|182|33,question,en,0.0,1.0,0.5,0.5
b660,179|183|35|30|34|182,question,en,0.0,1.0,0.5,0.5
b661,28|30|182|181|49,question,en,0.0,1.0,0.5,0.5
b662,183|24|23|181|33,question,en,0.0,1.0,0.5,0.5
b663,183|36|37|182,question,en,0.0,1.0,0.5,0.5
b664,181|39|182|38,question,en,0.0,1.0,0.5,0.5
b665,181|183|26|24,question,en,0.0,1.0,0.5,0.5
b667,181|37|182|38,question,en,0.0,1.0,0.5,0.5
b668,183|24|40|30|181,question,en,0.0,1.0,0.5,0.5
b676,183|31|32|182,question,en,0.0,1.0,0.5,0.5
b678,183|37|182|38,question,en,0.0,1.0,0.5,0.5
b1852,68|182|55|56|54,question,en,0.0,1.0,0.5,0.5
b1853,53|182|59|55|54,question,en,0.0,1.0,0.5,0.5
b1854,54|182|60|53,question,en,0.0,1.0,0.5,0.5
b1855,54|182|53|69,question,en,0.0,1.0,0.5,0.5
b1856,54|182|60|53,question,en,0.0,1.0,0.5,0.5
b1858,63|182|52|56|54,question,en,0.0,1.0,0.5,0.5
b1859,53|60|182|52|54,question,en,0.0,1.0,0.5,0.5
b1860,53|182|59|52|54,question,en,0.0,1.0,0.5,0.5
b1861,52|56|182|59,question,en,0.0,1.0,0.5,0.5
b2017,183|60|53|58,question,en,0.0,1.0,0.5,0.5
b2018,179|67|181|56|55|58,question,en,0.0,1.0,0.5,0.5
b2019,53|60|181|56|58,question,en,0.0,1.0,0.5,0.5
b2020,53|182|59|54|58,question,en,0.0,1.0,0.5,0.5
b2021,183|53|60|56|58,question,en,0.0,1.0,0.5,0.5
b2023,67|182|56|54|58,question,en,0.0,1.0,0.5,0.5
b2024,183|53|60|52|58,question,en,0.0,1.0,0.5,0.5
b2025,184|53|59|52|58,question,en,0.0,1.0,0.5,0.5
b2026,183|53|68|52|58,question,en,0.0,1.0,0.5,0.5
b5714,88,question,en,0.0,1.0,0.5,0.5
b5715,135,question,en,0.0,1.0,0.5,0.5
b5716,85,question,en,0.0,1.0,0.5,0.5
b5717,74,question,en,0.0,1.0,0.5,0.5
b5718,74,question,en,0.0,1.0,0.5,0.5
b5719,82,question,en,0.0,1.0,0.5,0.5
b5720,106,question,en,0.0,1.0,0.5,0.5
b5721,85,question,en,0.0,1.0,0.5,0.5
b5722,88,question,en,0.0,1.0,0.5,0.5
b5723,94,question,en,0.0,1.0,0.5,0.5
b5724,93,question,en,0.0,1.0,0.5,0.5
b5725,77,question,en,0.0,1.0,0.5,0.5
b5726,76,question,en,0.0,1.0,0.5,0.5
b5727,83,question,en,0.0,1.0,0.5,0.5
b5728,74,question,en,0.0,1.0,0.5,0.5
b5729,77,question,en,0.0,1.0,0.5,0.5
b5730,74,question,en,0.0,1.0,0.5,0.5
b5731,81,question,en,0.0,1.0,0.5,0.5
b5732,84,question,en,0.0,1.0,0.5,0.5
b5733,132,question,en,0.0,1.0,0.5,0.5
b5734,80,question,en,0.0,1.0,0.5,0.5
b5735,85,question,en,0.0,1.0,0.5,0.5
b5736,121,question,en,0.0,1.0,0.5,0.5
b5737,77,question,en,0.0,1.0,0.5,0.5
b5738,78,question,en,0.0,1.0,0.5,0.5
b5739,83,question,en,0.0,1.0,0.5,0.5
b5740,76,question,en,0.0,1.0,0.5,0.5
b5741,71,question,en,0.0,1.0,0.5,0.5
b5742,74,question,en,0.0,1.0,0.5,0.5
b5743,76,question,en,0.0,1.0,0.5,0.5
b1580,179|182|181|56|54|52,question,en,0.0,1.0,0.5,0.5
b1581,179|53|182|181|55|54,question,en,0.0,1.0,0.5,0.5
b1582,179|183|184|53|52|54,question,en,0.0,1.0,0.5,0.5
b1583,53|182|181|56|55,question,en,0.0,1.0,0.5,0.5
b1585,179|183|53|182|56|54,question,en,0.0,1.0,0.5,0.5
b1586,181|56|54|182,question,en,0.0,1.0,0.5,0.5
b1588,53|182|181|54|52,question,en,0.0,1.0,0.5,0.5
b1589,53|182|181|56|55,question,en,0.0,1.0,0.5,0.5
b5952,85,question,en,0.0,1.0,0.5,0.5
b5953,76,question,en,0.0,1.0,0.5,0.5
b5954,77,question,en,0.0,1.0,0.5,0.5
b5955,85,question,en,0.0,1.0,0.5,0.5
b5956,77,question,en,0.0,1.0,0.5,0.5
b5957,77,question,en,0.0,1.0,0.5,0.5
b5958,85,question,en,0.0,1.0,0.5,0.5
b5959,77,question,en,0.0,1.0,0.5,0.5
b5960,76,question,en,0.0,1.0,0.5,0.5
b5961,77,question,en,0.0,1.0,0.5,0.5
b5962,77,question,en,0.0,1.0,0.5,0.5
b5963,76,question,en,0.0,1.0,0.5,0.5
b5964,77,question,en,0.0,1.0,0.5,0.5
b5965,77,question,en,0.0,1.0,0.5,0.5
b5966,85,question,en,0.0,1.0,0.5,0.5
b5967,85,question,en,0.0,1.0,0.5,0.5
b5968,77,question,en,0.0,1.0,0.5,0.5
b5969,85,question,en,0.0,1.0,0.5,0.5
b5970,77,question,en,0.0,1.0,0.5,0.5
b5971,83,question,en,0.0,1.0,0.5,0.5
b5972,85,question,en,0.0,1.0,0.5,0.5
b5973,85,question,en,0.0,1.0,0.5,0.5
b5974,85,question,en,0.0,1.0,0.5,0.5
b5975,76,question,en,0.0,1.0,0.5,0.5
b5976,85,question,en,0.0,1.0,0.5,0.5
b5977,85,question,en,0.0,1.0,0.5,0.5
b5978,77,question,en,0.0,1.0,0.5,0.5
b5979,83,question,en,0.0,1.0,0.5,0.5
b5980,77,question,en,0.0,1.0,0.5,0.5
b5981,77,question,en,0.0,1.0,0.5,0.5
b5982,77,question,en,0.0,1.0,0.5,0.5
b5983,76,question,en,0.0,1.0,0.5,0.5
b5984,76,question,en,0.0,1.0,0.5,0.5
b5985,77,question,en,0.0,1.0,0.5,0.5
b5986,85,question,en,0.0,1.0,0.5,0.5
b5987,83,question,en,0.0,1.0,0.5,0.5
b5988,85,question,en,0.0,1.0,0.5,0.5
b5989,77,question,en,0.0,1.0,0.5,0.5
b5990,85,question,en,0.0,1.0,0.5,0.5
b5991,85,question,en,0.0,1.0,0.5,0.5
b5992,85,question,en,0.0,1.0,0.5,0.5
b5993,76,question,en,0.0,1.0,0.5,0.5
b5994,85,question,en,0.0,1.0,0.5,0.5
b5995,77,question,en,0.0,1.0,0.5,0.5
b5996,76,question,en,0.0,1.0,0.5,0.5
b5997,83,question,en,0.0,1.0,0.5,0.5
b5998,77,question,en,0.0,1.0,0.5,0.5
b5999,85,question,en,0.0,1.0,0.5,0.5
b6000,77,question,en,0.0,1.0,0.5,0.5
b6001,77,question,en,0.0,1.0,0.5,0.5
b5375,149|179|150|148|159|162|178|158|151,question,en,0.0,1.0,0.5,0.5
b5127,106,question,en,0.0,1.0,0.5,0.5
b5129,88,question,en,0.0,1.0,0.5,0.5
b5131,129,question,en,0.0,1.0,0.5,0.5
b5132,74,question,en,0.0,1.0,0.5,0.5
b5133,80,question,en,0.0,1.0,0.5,0.5
b5134,85,question,en,0.0,1.0,0.5,0.5
b5135,74,question,en,0.0,1.0,0.5,0.5
b5138,130,question,en,0.0,1.0,0.5,0.5
b5139,137,question,en,0.0,1.0,0.5,0.5
b5140,74,question,en,0.0,1.0,0.5,0.5
b5141,129,question,en,0.0,1.0,0.5,0.5
b5142,71,question,en,0.0,1.0,0.5,0.5
b5143,80,question,en,0.0,1.0,0.5,0.5
b5144,86,question,en,0.0,1.0,0.5,0.5
b5145,85,question,en,0.0,1.0,0.5,0.5
b5146,102,question,en,0.0,1.0,0.5,0.5
b5147,132,question,en,0.0,1.0,0.5,0.5
b5148,104,question,en,0.0,1.0,0.5,0.5
b5150,86,question,en,0.0,1.0,0.5,0.5
b5151,101,question,en,0.0,1.0,0.5,0.5
b5152,104,question,en,0.0,1.0,0.5,0.5
b5153,82,question,en,0.0,1.0,0.5,0.5
b5154,78,question,en,0.0,1.0,0.5,0.5
b5156,119,question,en,0.0,1.0,0.5,0.5
b5157,76,question,en,0.0,1.0,0.5,0.5
b5158,77,question,en,0.0,1.0,0.5,0.5
b5159,85,question,en,0.0,1.0,0.5,0.5
b5160,92,question,en,0.0,1.0,0.5,0.5
b5162,83,question,en,0.0,1.0,0.5,0.5
b5163,74,question,en,0.0,1.0,0.5,0.5
b5164,80,question,en,0.0,1.0,0.5,0.5
b313,183|185|33|24,question,en,0.0,1.0,0.5,0.5
b314,183|185|24|43,question,en,0.0,1.0,0.5,0.5
b315,181|183|26|24,question,en,0.0,1.0,0.5,0.5
b316,184|31|32|185,question,en,0.0,1.0,0.5,0.5
b317,179|183|24|23|185|25,question,en,0.0,1.0,0.5,0.5
b318,41|185|181|24,question,en,0.0,1.0,0.5,0.5
b319,181|185|24|40,question,en,0.0,1.0,0.5,0.5
b321,183|24|23|185|33,question,en,0.0,1.0,0.5,0.5
b322,31|32|30|185|181,question,en,0.0,1.0,0.5,0.5
b323,28|29|181|183,question,en,0.0,1.0,0.5,0.5
b324,181|185|26|24,question,en,0.0,1.0,0.5,0.5
b325,181|39|185|38,question,en,0.0,1.0,0.5,0.5
b327,183|32|30|185|36,question,en,0.0,1.0,0.5,0.5
b329,179|183|38|39|30|185,question,en,0.0,1.0,0.5,0.5
b332,181|185|24|40,question,en,0.0,1.0,0.5,0.5
b333,184|30|181|36|37,question,en,0.0,1.0,0.5,0.5
b334,50|184|185|24,question,en,0.0,1.0,0.5,0.5
b335,181|44|45|185,question,en,0.0,1.0,0.5,0.5
b336,28|179|183|184|29,question,en,0.0,1.0,0.5,0.5
b339,39|183|185|38,question,en,0.0,1.0,0.5,0.5
b7689,85|143|106|73,question,en,0.0,1.0,0.5,0.5
b7690,124|83|77|143,question,en,0.0,1.0,0.5,0.5
b5114,179|85|77|143|120,question,en,0.0,1.0,0.5,0.5
b5115,179|85|74|86|143,question,en,0.0,1.0,0.5,0.5
b11548,98,question,en,0.0,1.0,0.5,0.5
b11549,88,question,en,0.0,1.0,0.5,0.5
b11550,85,question,en,0.0,1.0,0.5,0.5
b11551,71,question,en,0.0,1.0,0.5,0.5
b11552,85,question,en,0.0,1.0,0.5,0.5
b11553,86,question,en,0.0,1.0,0.5,0.5
b11554,133,question,en,0.0,1.0,0.5,0.5
b11555,98,question,en,0.0,1.0,0.5,0.5
b11556,76,question,en,0.0,1.0,0.5,0.5
b11557,86,question,en,0.0,1.0,0.5,0.5
b11558,74,question,en,0.0,1.0,0.5,0.5
b11559,71,question,en,0.0,1.0,0.5,0.5
b11560,133,question,en,0.0,1.0,0.5,0.5
b11561,80,question,en,0.0,1.0,0.5,0.5
b11562,83,question,en,0.0,1.0,0.5,0.5
b11563,94,question,en,0.0,1.0,0.5,0.5
b11564,77,question,en,0.0,1.0,0.5,0.5
b11565,119,question,en,0.0,1.0,0.5,0.5
b11566,74,question,en,0.0,1.0,0.5,0.5
b11567,71,question,en,0.0,1.0,0.5,0.5
b11568,77,question,en,0.0,1.0,0.5,0.5
b11569,119,question,en,0.0,1.0,0.5,0.5
b11570,83,question,en,0.0,1.0,0.5,0.5
b11571,76,question,en,0.0,1.0,0.5,0.5
b11572,93,question,en,0.0,1.0,0.5,0.5
b11573,71,question,en,0.0,1.0,0.5,0.5
b11575,98,question,en,0.0,1.0,0.5,0.5
b11576,74,question,en,0.0,1.0,0.5,0.5
b11577,95,question,en,0.0,1.0,0.5,0.5
b11608,98,question,en,0.0,1.0,0.5,0.5
b11609,85,question,en,0.0,1.0,0.5,0.5
b11610,86,question,en,0.0,1.0,0.5,0.5
b11611,71,question,en,0.0,1.0,0.5,0.5
b11612,129,question,en,0.0,1.0,0.5,0.5
b11614,98,question,en,0.0,1.0,0.5,0.5
b11615,76,question,en,0.0,1.0,0.5,0.5
b11616,105,question,en,0.0,1.0,0.5,0.5
b11617,71,question,en,0.0,1.0,0.5,0.5
b11618,77,question,en,0.0,1.0,0.5,0.5
b11619,107,question,en,0.0,1.0,0.5,0.5
b11620,133,question,en,0.0,1.0,0.5,0.5
b11621,86,question,en,0.0,1.0,0.5,0.5
b11622,83,question,en,0.0,1.0,0.5,0.5
b11623,77,question,en,0.0,1.0,0.5,0.5
b11624,92,question,en,0.0,1.0,0.5,0.5
b11625,74,question,en,0.0,1.0,0.5,0.5
b11626,80,question,en,0.0,1.0,0.5,0.5
b11627,135,question,en,0.0,1.0,0.5,0.5
b11628,133,question,en,0.0,1.0,0.5,0.5
b11629,77,question,en,0.0,1.0,0.5,0.5
b11630,133,question,en,0.0,1.0,0.5,0.5
b11631,85,question,en,0.0,1.0,0.5,0.5
b11632,88,question,en,0.0,1.0,0.5,0.5
b11633,85,question,en,0.0,1.0,0.5,0.5
b11634,74,question,en,0.0,1.0,0.5,0.5
b11635,90,question,en,0.0,1.0,0.5,0.5
b11636,83,question,en,0.0,1.0,0.5,0.5
b11637,99,question,en,0.0,1.0,0.5,0.5
b11339,88,question,en,0.0,1.0,0.5,0.5
b11340,83,question,en,0.0,1.0,0.5,0.5
b11341,86,question,en,0.0,1.0,0.5,0.5
b11342,133,question,en,0.0,1.0,0.5,0.5
b11343,98,question,en,0.0,1.0,0.5,0.5
b11344,74,question,en,0.0,1.0,0.5,0.5
b11345,107,question,en,0.0,1.0,0.5,0.5
b11346,76,question,en,0.0,1.0,0.5,0.5
b11347,77,question,en,0.0,1.0,0.5,0.5
b11348,71,question,en,0.0,1.0,0.5,0.5
b11349,74,question,en,0.0,1.0,0.5,0.5
b11350,131,question,en,0.0,1.0,0.5,0.5
b11351,85,question,en,0.0,1.0,0.5,0.5
b11352,81,question,en,0.0,1.0,0.5,0.5
b11353,74,question,en,0.0,1.0,0.5,0.5
b11354,86,question,en,0.0,1.0,0.5,0.5
b11355,76,question,en,0.0,1.0,0.5,0.5
b11356,100,question,en,0.0,1.0,0.5,0.5
b11357,85,question,en,0.0,1.0,0.5,0.5
b11358,98,question,en,0.0,1.0,0.5,0.5
b11359,83,question,en,0.0,1.0,0.5,0.5
b11360,98,question,en,0.0,1.0,0.5,0.5
b11361,74,question,en,0.0,1.0,0.5,0.5
b11362,121,question,en,0.0,1.0,0.5,0.5
b11363,133,question,en,0.0,1.0,0.5,0.5
b11364,78,question,en,0.0,1.0,0.5,0.5
b11365,83,question,en,0.0,1.0,0.5,0.5
b11366,95,question,en,0.0,1.0,0.5,0.5
b11367,77,question,en,0.0,1.0,0.5,0.5
b11428,71,question,en,0.0,1.0,0.5,0.5
b11429,88,question,en,0.0,1.0,0.5,0.5
b11430,85,question,en,0.0,1.0,0.5,0.5
b11431,98,question,en,0.0,1.0,0.5,0.5
b11432,74,question,en,0.0,1.0,0.5,0.5
b11433,144,question,en,0.0,1.0,0.5,0.5
b11434,77,question,en,0.0,1.0,0.5,0.5
b11435,86,question,en,0.0,1.0,0.5,0.5
b11436,83,question,en,0.0,1.0,0.5,0.5
b11437,71,question,en,0.0,1.0,0.5,0.5
b11438,76,question,en,0.0,1.0,0.5,0.5
b11439,98,question,en,0.0,1.0,0.5,0.5
b11440,105,question,en,0.0,1.0,0.5,0.5
b11441,77,question,en,0.0,1.0,0.5,0.5
b11442,76,question,en,0.0,1.0,0.5,0.5
b11443,85,question,en,0.0,1.0,0.5,0.5
b11444,107,question,en,0.0,1.0,0.5,0.5
b11445,133,question,en,0.0,1.0,0.5,0.5
b11446,113,question,en,0.0,1.0,0.5,0.5
b11447,72,question,en,0.0,1.0,0.5,0.5
b11448,78,question,en,0.0,1.0,0.5,0.5
b11449,83,question,en,0.0,1.0,0.5,0.5
b11450,71,question,en,0.0,1.0,0.5,0.5
b11451,74,question,en,0.0,1.0,0.5,0.5
b11453,83,question,en,0.0,1.0,0.5,0.5
b11454,80,question,en,0.0,1.0,0.5,0.5
b11455,85,question,en,0.0,1.0,0.5,0.5
b11456,76,question,en,0.0,1.0,0.5,0.5
b11457,86,question,en,0.0,1.0,0.5,0.5
b11458,74,question,en,0.0,1.0,0.5,0.5
b11459,88,question,en,0.0,1.0,0.5,0.5
b11460,86,question,en,0.0,1.0,0.5,0.5
b11461,85,question,en,0.0,1.0,0.5,0.5
b11462,98,question,en,0.0,1.0,0.5,0.5
b11463,120,question,en,0.0,1.0,0.5,0.5
b11464,83,question,en,0.0,1.0,0.5,0.5
b11465,98,question,en,0.0,1.0,0.5,0.5
b11466,107,question,en,0.0,1.0,0.5,0.5
b11467,76,question,en,0.0,1.0,0.5,0.5
b11468,71,question,en,0.0,1.0,0.5,0.5
b11469,78,question,en,0.0,1.0,0.5,0.5
b11470,72,question,en,0.0,1.0,0.5,0.5
b11471,83,question,en,0.0,1.0,0.5,0.5
b11472,119,question,en,0.0,1.0,0.5,0.5
b11473,86,question,en,0.0,1.0,0.5,0.5
b11474,77,question,en,0.0,1.0,0.5,0.5
b11475,71,question,en,0.0,1.0,0.5,0.5
b11476,74,question,en,0.0,1.0,0.5,0.5
b11477,76,question,en,0.0,1.0,0.5,0.5
b11478,71,question,en,0.0,1.0,0.5,0.5
b11479,85,question,en,0.0,1.0,0.5,0.5
b11480,96,question,en,0.0,1.0,0.5,0.5
b11481,94,question,en,0.0,1.0,0.5,0.5
b11482,135,question,en,0.0,1.0,0.5,0.5
b11483,78,question,en,0.0,1.0,0.5,0.5
b11484,85,question,en,0.0,1.0,0.5,0.5
b11485,133,question,en,0.0,1.0,0.5,0.5
b11486,74,question,en,0.0,1.0,0.5,0.5
b11487,116,question,en,0.0,1.0,0.5,0.5
b11518,138,question,en,0.0,1.0,0.5,0.5
b11519,74,question,en,0.0,1.0,0.5,0.5
b11520,96,question,en,0.0,1.0,0.5,0.5
b11521,71,question,en,0.0,1.0,0.5,0.5
b11522,122,question,en,0.0,1.0,0.5,0.5
b11523,88,question,en,0.0,1.0,0.5,0.5
b11524,133,question,en,0.0,1.0,0.5,0.5
b11525,74,question,en,0.0,1.0,0.5,0.5
b11526,98,question,en,0.0,1.0,0.5,0.5
b11527,101,question,en,0.0,1.0,0.5,0.5
b11528,119,question,en,0.0,1.0,0.5,0.5
b11529,105,question,en,0.0,1.0,0.5,0.5
b11530,86,question,en,0.0,1.0,0.5,0.5
b11531,138,question,en,0.0,1.0,0.5,0.5
b11532,71,question,en,0.0,1.0,0.5,0.5
b11533,77,question,en,0.0,1.0,0.5,0.5
b11534,98,question,en,0.0,1.0,0.5,0.5
b11535,83,question,en,0.0,1.0,0.5,0.5
b11536,83,question,en,0.0,1.0,0.5,0.5
b11537,98,question,en,0.0,1.0,0.5,0.5
b11538,85,question,en,0.0,1.0,0.5,0.5
b11539,105,question,en,0.0,1.0,0.5,0.5
b11540,94,question,en,0.0,1.0,0.5,0.5
b11541,76,question,en,0.0,1.0,0.5,0.5
b11542,76,question,en,0.0,1.0,0.5,0.5
b11543,77,question,en,0.0,1.0,0.5,0.5
b11544,76,question,en,0.0,1.0,0.5,0.5
b11545,133,question,en,0.0,1.0,0.5,0.5
b11546,133,question,en,0.0,1.0,0.5,0.5
b11547,74,question,en,0.0,1.0,0.5,0.5
b11309,98,question,en,0.0,1.0,0.5,0.5
b11310,129,question,en,0.0,1.0,0.5,0.5
b11311,77,question,en,0.0,1.0,0.5,0.5
b11312,71,question,en,0.0,1.0,0.5,0.5
b11313,74,question,en,0.0,1.0,0.5,0.5
b11314,86,question,en,0.0,1.0,0.5,0.5
b11315,85,question,en,0.0,1.0,0.5,0.5
b11316,88,question,en,0.0,1.0,0.5,0.5
b11317,83,question,en,0.0,1.0,0.5,0.5
b11318,119,question,en,0.0,1.0,0.5,0.5
b11319,83,question,en,0.0,1.0,0.5,0.5
b11320,107,question,en,0.0,1.0,0.5,0.5
b11321,75,question,en,0.0,1.0,0.5,0.5
b11322,85,question,en,0.0,1.0,0.5,0.5
b11323,133,question,en,0.0,1.0,0.5,0.5
b11324,72,question,en,0.0,1.0,0.5,0.5
b11325,86,question,en,0.0,1.0,0.5,0.5
b11326,76,question,en,0.0,1.0,0.5,0.5
b11327,74,question,en,0.0,1.0,0.5,0.5
b11328,80,question,en,0.0,1.0,0.5,0.5
b11329,92,question,en,0.0,1.0,0.5,0.5
b11330,77,question,en,0.0,1.0,0.5,0.5
b11331,74,question,en,0.0,1.0,0.5,0.5
b11332,83,question,en,0.0,1.0,0.5,0.5
b11333,98,question,en,0.0,1.0,0.5,0.5
b11334,71,question,en,0.0,1.0,0.5,0.5
b11335,71,question,en,0.0,1.0,0.5,0.5
b11336,76,question,en,0.0,1.0,0.5,0.5
b11337,81,question,en,0.0,1.0,0.5,0.5
b11338,85,question,en,0.0,1.0,0.5,0.5
b11488,71,question,en,0.0,1.0,0.5,0.5
b11489,85,question,en,0.0,1.0,0.5,0.5
b11491,88,question,en,0.0,1.0,0.5,0.5
b11492,74,question,en,0.0,1.0,0.5,0.5
b11494,83,question,en,0.0,1.0,0.5,0.5
b11495,98,question,en,0.0,1.0,0.5,0.5
b11496,76,question,en,0.0,1.0,0.5,0.5
b11497,86,question,en,0.0,1.0,0.5,0.5
b11499,71,question,en,0.0,1.0,0.5,0.5
b11500,83,question,en,0.0,1.0,0.5,0.5
b11501,101,question,en,0.0,1.0,0.5,0.5
b11502,77,question,en,0.0,1.0,0.5,0.5
b11503,85,question,en,0.0,1.0,0.5,0.5
b11504,86,question,en,0.0,1.0,0.5,0.5
b11506,105,question,en,0.0,1.0,0.5,0.5
b11507,129,question,en,0.0,1.0,0.5,0.5
b11508,133,question,en,0.0,1.0,0.5,0.5
b11509,77,question,en,0.0,1.0,0.5,0.5
b11510,133,question,en,0.0,1.0,0.5,0.5
b11511,85,question,en,0.0,1.0,0.5,0.5
b11512,77,question,en,0.0,1.0,0.5,0.5
b11513,119,question,en,0.0,1.0,0.5,0.5
b11514,76,question,en,0.0,1.0,0.5,0.5
b11515,116,question,en,0.0,1.0,0.5,0.5
b11516,144,question,en,0.0,1.0,0.5,0.5
b11517,89,question,en,0.0,1.0,0.5,0.5
b4714,72,question,en,0.0,1.0,0.5,0.5
b4715,140,question,en,0.0,1.0,0.5,0.5
b4716,128,question,en,0.0,1.0,0.5,0.5
b4717,145,question,en,0.0,1.0,0.5,0.5
b4718,140,question,en,0.0,1.0,0.5,0.5
b4719,140,question,en,0.0,1.0,0.5,0.5
b4720,128,question,en,0.0,1.0,0.5,0.5
b4721,97,question,en,0.0,1.0,0.5,0.5
b4722,72,question,en,0.0,1.0,0.5,0.5
b4723,121,question,en,0.0,1.0,0.5,0.5
b4724,87,question,en,0.0,1.0,0.5,0.5
b4725,95,question,en,0.0,1.0,0.5,0.5
b4726,123,question,en,0.0,1.0,0.5,0.5
b4728,120,question,en,0.0,1.0,0.5,0.5
b4729,87,question,en,0.0,1.0,0.5,0.5
b4730,90,question,en,0.0,1.0,0.5,0.5
b4731,121,question,en,0.0,1.0,0.5,0.5
b4732,95,question,en,0.0,1.0,0.5,0.5
b4733,119,question,en,0.0,1.0,0.5,0.5
b4734,95,question,en,0.0,1.0,0.5,0.5
b4735,82,question,en,0.0,1.0,0.5,0.5
b4737,82,question,en,0.0,1.0,0.5,0.5
b4738,90,question,en,0.0,1.0,0.5,0.5
b4739,119,question,en,0.0,1.0,0.5,0.5
b4740,120,question,en,0.0,1.0,0.5,0.5
b4741,119,question,en,0.0,1.0,0.5,0.5
b4742,121,question,en,0.0,1.0,0.5,0.5
b4743,88,question,en,0.0,1.0,0.5,0.5
b4744,88,question,en,0.0,1.0,0.5,0.5
b4745,88,question,en,0.0,1.0,0.5,0.5
b4747,88,question,en,0.0,1.0,0.5,0.5
b4748,88,question,en,0.0,1.0,0.5,0.5
b4749,88,question,en,0.0,1.0,0.5,0.5
b4751,88,question,en,0.0,1.0,0.5,0.5
b4752,88,question,en,0.0,1.0,0.5,0.5
b4753,99,question,en,0.0,1.0,0.5,0.5
b4754,99,question,en,0.0,1.0,0.5,0.5
b4756,99,question,en,0.0,1.0,0.5,0.5
b4757,99,question,en,0.0,1.0,0.5,0.5
b6776,85,question,en,0.0,1.0,0.5,0.5
b6784,85,question,en,0.0,1.0,0.5,0.5
b6785,85,question,en,0.0,1.0,0.5,0.5
b6786,85,question,en,0.0,1.0,0.5,0.5
b6789,85,question,en,0.0,1.0,0.5,0.5
b6790,85,question,en,0.0,1.0,0.5,0.5
b6791,85,question,en,0.0,1.0,0.5,0.5
b6792,85,question,en,0.0,1.0,0.5,0.5
b6793,85,question,en,0.0,1.0,0.5,0.5
b6797,85,question,en,0.0,1.0,0.5,0.5
b6798,123,question,en,0.0,1.0,0.5,0.5
b6800,85,question,en,0.0,1.0,0.5,0.5
b6801,77,question,en,0.0,1.0,0.5,0.5
b6808,77,question,en,0.0,1.0,0.5,0.5
b6809,77,question,en,0.0,1.0,0.5,0.5
b6811,77,question,en,0.0,1.0,0.5,0.5
b6814,77,question,en,0.0,1.0,0.5,0.5
b6815,77,question,en,0.0,1.0,0.5,0.5
b6816,77,question,en,0.0,1.0,0.5,0.5
b6826,76,question,en,0.0,1.0,0.5,0.5
b6827,76,question,en,0.0,1.0,0.5,0.5
b6831,76,question,en,0.0,1.0,0.5,0.5
b6833,76,question,en,0.0,1.0,0.5,0.5
b6834,76,question,en,0.0,1.0,0.5,0.5
b6835,76,question,en,0.0,1.0,0.5,0.5
b6840,76,question,en,0.0,1.0,0.5,0.5
b6841,76,question,en,0.0,1.0,0.5,0.5
b6842,76,question,en,0.0,1.0,0.5,0.5
b6854,83,question,en,0.0,1.0,0.5,0.5
b6858,83,question,en,0.0,1.0,0.5,0.5
b6859,83,question,en,0.0,1.0,0.5,0.5
b6862,83,question,en,0.0,1.0,0.5,0.5
b6863,83,question,en,0.0,1.0,0.5,0.5
b6865,83,question,en,0.0,1.0,0.5,0.5
b6867,83,question,en,0.0,1.0,0.5,0.5
b6870,83,question,en,0.0,1.0,0.5,0.5
b6871,83,question,en,0.0,1.0,0.5,0.5
b5316,147|179|148|150|146|176|149|151,question,en,0.0,1.0,0.5,0.5
b1411,184|53|181|54|52,question,en,0.0,1.0,0.5,0.5
b1412,184|181|53|52|55,question,en,0.0,1.0,0.5,0.5
b1413,183|184|53|52|56,question,en,0.0,1.0,0.5,0.5
b1414,179|53|185|181|56|54,question,en,0.0,1.0,0.5,0.5
b1415,179|183|184|52|56|54,question,en,0.0,1.0,0.5,0.5
b1416,181|184|53|52,question,en,0.0,1.0,0.5,0.5
b1417,183|53|185|52|54,question,en,0.0,1.0,0.5,0.5
b1418,184|53|181|54|52,question,en,0.0,1.0,0.5,0.5
b1419,52|179|185|181,question,en,0.0,1.0,0.5,0.5
b1420,179|183|184|52|54,question,en,0.0,1.0,0.5,0.5
b1,181|179|1|2,question,en,0.0,1.0,0.5,0.5
b2,15|2|182,question,en,0.0,1.0,0.5,0.5
b3,179|183|14|2,question,en,0.0,1.0,0.5,0.5
b4,179|9|184|2,question,en,0.0,1.0,0.5,0.5
b5,181|179|2|8,question,en,0.0,1.0,0.5,0.5
b6,179|9|2|182,question,en,0.0,1.0,0.5,0.5
b7,179|183|7|11,question,en,0.0,1.0,0.5,0.5
b8,179|184|20|21,question,en,0.0,1.0,0.5,0.5
b9,179|183|2|13,question,en,0.0,1.0,0.5,0.5
b10,7|17|182,question,en,0.0,1.0,0.5,0.5
b4850,129,question,en,0.0,1.0,0.5,0.5
b4851,129,question,en,0.0,1.0,0.5,0.5
b4852,94,question,en,0.0,1.0,0.5,0.5
b4853,129,question,en,0.0,1.0,0.5,0.5
b4854,129,question,en,0.0,1.0,0.5,0.5
b4855,129,question,en,0.0,1.0,0.5,0.5
b4856,129,question,en,0.0,1.0,0.5,0.5
b4857,129,question,en,0.0,1.0,0.5,0.5
b4858,129,question,en,0.0,1.0,0.5,0.5
b4859,94,question,en,0.0,1.0,0.5,0.5
b4860,94,question,en,0.0,1.0,0.5,0.5
b4861,94,question,en,0.0,1.0,0.5,0.5
b4862,94,question,en,0.0,1.0,0.5,0.5
b4863,94,question,en,0.0,1.0,0.5,0.5
b4864,94,question,en,0.0,1.0,0.5,0.5
b4865,117,question,en,0.0,1.0,0.5,0.5
b4866,75,question,en,0.0,1.0,0.5,0.5
b4867,79,question,en,0.0,1.0,0.5,0.5
b4868,117,question,en,0.0,1.0,0.5,0.5
b4869,79,question,en,0.0,1.0,0.5,0.5
b4870,88,question,en,0.0,1.0,0.5,0.5
b4871,85,question,en,0.0,1.0,0.5,0.5
b4872,117,question,en,0.0,1.0,0.5,0.5
b4873,74,question,en,0.0,1.0,0.5,0.5
b4874,74,question,en,0.0,1.0,0.5,0.5
b4875,74,question,en,0.0,1.0,0.5,0.5
b4876,74,question,en,0.0,1.0,0.5,0.5
b4877,75,question,en,0.0,1.0,0.5,0.5
b4878,84,question,en,0.0,1.0,0.5,0.5
b4879,80,question,en,0.0,1.0,0.5,0.5
b4880,80,question,en,0.0,1.0,0.5,0.5
b4881,84,question,en,0.0,1.0,0.5,0.5
b4882,80,question,en,0.0,1.0,0.5,0.5
b4883,130,question,en,0.0,1.0,0.5,0.5
b4884,130,question,en,0.0,1.0,0.5,0.5
b4885,130,question,en,0.0,1.0,0.5,0.5
b4886,84,question,en,0.0,1.0,0.5,0.5
b4887,130,question,en,0.0,1.0,0.5,0.5
b4888,80,question,en,0.0,1.0,0.5,0.5
b4889,98,question,en,0.0,1.0,0.5,0.5
b4890,130,question,en,0.0,1.0,0.5,0.5
b4891,84,question,en,0.0,1.0,0.5,0.5
b4892,80,question,en,0.0,1.0,0.5,0.5
b4894,80,question,en,0.0,1.0,0.5,0.5
b4895,130,question,en,0.0,1.0,0.5,0.5
b4896,93,question,en,0.0,1.0,0.5,0.5
b4897,80,question,en,0.0,1.0,0.5,0.5
b1675,179|183|184|52|56,question,en,0.0,1.0,0.5,0.5
b1676,179|183|182|52|55|54,question,en,0.0,1.0,0.5,0.5
b1677,183|182|52|56|54,question,en,0.0,1.0,0.5,0.5
b1678,53|182|181|54|52,question,en,0.0,1.0,0.5,0.5
b1679,183|184|53|52|54,question,en,0.0,1.0,0.5,0.5
b1680,52|183|53|182,question,en,0.0,1.0,0.5,0.5
b1681,179|183|182|52|56,question,en,0.0,1.0,0.5,0.5
b1682,179|184|182|52|56|54,question,en,0.0,1.0,0.5,0.5
b1684,179|53|182|181|54|52,question,en,0.0,1.0,0.5,0.5
b5205,76|72|126|143,question,en,0.0,1.0,0.5,0.5
b5206,179|85|77|143|78,question,en,0.0,1.0,0.5,0.5
b5207,76|71|143|73,question,en,0.0,1.0,0.5,0.5
b5208,130|143|76|78,question,en,0.0,1.0,0.5,0.5
b5580,181|16|2,question,en,0.0,1.0,0.5,0.5
b5581,3|2|182,question,en,0.0,1.0,0.5,0.5
b5582,179|183|7|10,question,en,0.0,1.0,0.5,0.5
b5583,179|1|184|2,question,en,0.0,1.0,0.5,0.5
b5584,181|7|11,question,en,0.0,1.0,0.5,0.5
b5585,179|14|2|182,question,en,0.0,1.0,0.5,0.5
b5586,179|183|7|6,question,en,0.0,1.0,0.5,0.5
b5587,1|184|2,question,en,0.0,1.0,0.5,0.5
b5589,7|182|6,question,en,0.0,1.0,0.5,0.5
b2115,57|60|181|56|54,question,en,0.0,1.0,0.5,0.5
b2116,179|57|182|59|52|56,question,en,0.0,1.0,0.5,0.5
b2117,53|57|182|59|56,question,en,0.0,1.0,0.5,0.5
b2119,184|57|59|52|56,question,en,0.0,1.0,0.5,0.5
b2120,53|57|60|181|52,question,en,0.0,1.0,0.5,0.5
b2123,183|53|57|64|54,question,en,0.0,1.0,0.5,0.5
b5090,74|119|77|143,question,en,0.0,1.0,0.5,0.5
b5091,86|85|120|143,question,en,0.0,1.0,0.5,0.5
b5092,76|128|77|143,question,en,0.0,1.0,0.5,0.5
b5093,86|88|77|143,question,en,0.0,1.0,0.5,0.5
b5094,83|122|143,question,en,0.0,1.0,0.5,0.5
b5095,76|112|77|143,question,en,0.0,1.0,0.5,0.5
b5096,85|92|143,question,en,0.0,1.0,0.5,0.5
b5097,84|85|74|143,question,en,0.0,1.0,0.5,0.5
b5098,76|118|134|143,question,en,0.0,1.0,0.5,0.5
b5099,85|78|74|143,question,en,0.0,1.0,0.5,0.5
b5100,77|105|87|143,question,en,0.0,1.0,0.5,0.5
b5101,76|83|143|88,question,en,0.0,1.0,0.5,0.5
b5102,143|134|76|88,question,en,0.0,1.0,0.5,0.5
b5103,85|134|119|143,question,en,0.0,1.0,0.5,0.5
b5104,74|119|77|143,question,en,0.0,1.0,0.5,0.5
b8245,181|16|2,question,en,0.0,1.0,0.5,0.5
b8246,1|2|182,question,en,0.0,1.0,0.5,0.5
b8247,22|2|183,question,en,0.0,1.0,0.5,0.5
b8248,184|2|8,question,en,0.0,1.0,0.5,0.5
b8249,181|7|11,question,en,0.0,1.0,0.5,0.5
b8250,4|2|182,question,en,0.0,1.0,0.5,0.5
b8251,183|16|2,question,en,0.0,1.0,0.5,0.5
b8252,184|7|11,question,en,0.0,1.0,0.5,0.5
b8253,181|7|10,question,en,0.0,1.0,0.5,0.5
b8254,7|182|6,question,en,0.0,1.0,0.5,0.5
b7361,78,question,en,0.0,1.0,0.5,0.5
b7362,78,question,en,0.0,1.0,0.5,0.5
b7363,78,question,en,0.0,1.0,0.5,0.5
b7364,78,question,en,0.0,1.0,0.5,0.5
b7365,78,question,en,0.0,1.0,0.5,0.5
b7367,78,question,en,0.0,1.0,0.5,0.5
b7368,78,question,en,0.0,1.0,0.5,0.5
b7369,78,question,en,0.0,1.0,0.5,0.5
b7371,78,question,en,0.0,1.0,0.5,0.5
b7373,78,question,en,0.0,1.0,0.5,0.5
b7375,78,question,en,0.0,1.0,0.5,0.5
b7376,78,question,en,0.0,1.0,0.5,0.5
b7377,78,question,en,0.0,1.0,0.5,0.5
b7378,78,question,en,0.0,1.0,0.5,0.5
b7379,78,question,en,0.0,1.0,0.5,0.5
b7380,78,question,en,0.0,1.0,0.5,0.5
b7381,78,question,en,0.0,1.0,0.5,0.5
b7382,78,question,en,0.0,1.0,0.5,0.5
b7383,78,question,en,0.0,1.0,0.5,0.5
b7384,78,question,en,0.0,1.0,0.5,0.5
b7385,78,question,en,0.0,1.0,0.5,0.5
b7387,78,question,en,0.0,1.0,0.5,0.5
b7389,78,question,en,0.0,1.0,0.5,0.5
b7390,78,question,en,0.0,1.0,0.5,0.5
b7393,78,question,en,0.0,1.0,0.5,0.5
b7394,78,question,en,0.0,1.0,0.5,0.5
b7395,78,question,en,0.0,1.0,0.5,0.5
b7396,78,question,en,0.0,1.0,0.5,0.5
b7397,78,question,en,0.0,1.0,0.5,0.5
b7398,78,question,en,0.0,1.0,0.5,0.5
b7399,78,question,en,0.0,1.0,0.5,0.5
b7400,78,question,en,0.0,1.0,0.5,0.5
b7401,78,question,en,0.0,1.0,0.5,0.5
b7402,78,question,en,0.0,1.0,0.5,0.5
b7403,78,question,en,0.0,1.0,0.5,0.5
b7405,78,question,en,0.0,1.0,0.5,0.5
b7406,78,question,en,0.0,1.0,0.5,0.5
b3364,119,question,en,0.0,1.0,0.5,0.5
b3365,95,question,en,0.0,1.0,0.5,0.5
b3366,90,question,en,0.0,1.0,0.5,0.5
b3367,121,question,en,0.0,1.0,0.5,0.5
b3368,95,question,en,0.0,1.0,0.5,0.5
b3369,90,question,en,0.0,1.0,0.5,0.5
b3370,122,question,en,0.0,1.0,0.5,0.5
b3371,119,question,en,0.0,1.0,0.5,0.5
b3372,119,question,en,0.0,1.0,0.5,0.5
b3373,121,question,en,0.0,1.0,0.5,0.5
b3374,87,question,en,0.0,1.0,0.5,0.5
b3375,120,question,en,0.0,1.0,0.5,0.5
b3376,121,question,en,0.0,1.0,0.5,0.5
b3377,90,question,en,0.0,1.0,0.5,0.5
b3378,90,question,en,0.0,1.0,0.5,0.5
b3379,121,question,en,0.0,1.0,0.5,0.5
b3380,122,question,en,0.0,1.0,0.5,0.5
b3381,126,question,en,0.0,1.0,0.5,0.5
b3382,71,question,en,0.0,1.0,0.5,0.5
b3383,71,question,en,0.0,1.0,0.5,0.5
b3384,71,question,en,0.0,1.0,0.5,0.5
b3385,71,question,en,0.0,1.0,0.5,0.5
b3386,71,question,en,0.0,1.0,0.5,0.5
b3387,71,question,en,0.0,1.0,0.5,0.5
b3388,132,question,en,0.0,1.0,0.5,0.5
b3389,71,question,en,0.0,1.0,0.5,0.5
b3390,71,question,en,0.0,1.0,0.5,0.5
b3391,71,question,en,0.0,1.0,0.5,0.5
b3392,71,question,en,0.0,1.0,0.5,0.5
b3393,71,question,en,0.0,1.0,0.5,0.5
b3394,71,question,en,0.0,1.0,0.5,0.5
b3395,71,question,en,0.0,1.0,0.5,0.5
b3396,71,question,en,0.0,1.0,0.5,0.5
b3397,132,question,en,0.0,1.0,0.5,0.5
b3398,71,question,en,0.0,1.0,0.5,0.5
b3399,71,question,en,0.0,1.0,0.5,0.5
b3400,71,question,en,0.0,1.0,0.5,0.5
b3401,71,question,en,0.0,1.0,0.5,0.5
b3402,71,question,en,0.0,1.0,0.5,0.5
b3403,71,question,en,0.0,1.0,0.5,0.5
b3404,100,question,en,0.0,1.0,0.5,0.5
b3405,71,question,en,0.0,1.0,0.5,0.5
b3406,71,question,en,0.0,1.0,0.5,0.5
b3407,71,question,en,0.0,1.0,0.5,0.5
b3408,71,question,en,0.0,1.0,0.5,0.5
b3409,132,question,en,0.0,1.0,0.5,0.5
b3410,71,question,en,0.0,1.0,0.5,0.5
b3411,71,question,en,0.0,1.0,0.5,0.5
b3412,71,question,en,0.0,1.0,0.5,0.5
b3413,71,question,en,0.0,1.0,0.5,0.5
b3414,71,question,en,0.0,1.0,0.5,0.5
b3415,132,question,en,0.0,1.0,0.5,0.5
b3416,71,question,en,0.0,1.0,0.5,0.5
b3417,71,question,en,0.0,1.0,0.5,0.5
b3418,91,question,en,0.0,1.0,0.5,0.5
b3419,71,question,en,0.0,1.0,0.5,0.5
b3420,71,question,en,0.0,1.0,0.5,0.5
b3421,71,question,en,0.0,1.0,0.5,0.5
b2135,74,question,en,0.0,1.0,0.5,0.5
b2136,74,question,en,0.0,1.0,0.5,0.5
b2137,74,question,en,0.0,1.0,0.5,0.5
b2138,74,question,en,0.0,1.0,0.5,0.5
b2139,74,question,en,0.0,1.0,0.5,0.5
b2140,74,question,en,0.0,1.0,0.5,0.5
b2146,74,question,en,0.0,1.0,0.5,0.5
b2147,74,question,en,0.0,1.0,0.5,0.5
b2148,74,question,en,0.0,1.0,0.5,0.5
b2149,74,question,en,0.0,1.0,0.5,0.5
b2150,74,question,en,0.0,1.0,0.5,0.5
b2151,74,question,en,0.0,1.0,0.5,0.5
b2152,74,question,en,0.0,1.0,0.5,0.5
b2153,74,question,en,0.0,1.0,0.5,0.5
b2154,74,question,en,0.0,1.0,0.5,0.5
b2155,74,question,en,0.0,1.0,0.5,0.5
b2156,74,question,en,0.0,1.0,0.5,0.5
b2157,74,question,en,0.0,1.0,0.5,0.5
b2158,74,question,en,0.0,1.0,0.5,0.5
b2159,74,question,en,0.0,1.0,0.5,0.5
b2161,74,question,en,0.0,1.0,0.5,0.5
b2162,74,question,en,0.0,1.0,0.5,0.5
b2163,74,question,en,0.0,1.0,0.5,0.5
b2165,74,question,en,0.0,1.0,0.5,0.5
b2167,74,question,en,0.0,1.0,0.5,0.5
b2168,74,question,en,0.0,1.0,0.5,0.5
b2169,74,question,en,0.0,1.0,0.5,0.5
b2170,74,question,en,0.0,1.0,0.5,0.5
b2172,74,question,en,0.0,1.0,0.5,0.5
b2173,74,question,en,0.0,1.0,0.5,0.5
b2174,74,question,en,0.0,1.0,0.5,0.5
b2175,74,question,en,0.0,1.0,0.5,0.5
b2176,74,question,en,0.0,1.0,0.5,0.5
b2177,74,question,en,0.0,1.0,0.5,0.5
b2178,74,question,en,0.0,1.0,0.5,0.5
b2180,74,question,en,0.0,1.0,0.5,0.5
b2181,74,question,en,0.0,1.0,0.5,0.5
b2182,74,question,en,0.0,1.0,0.5,0.5
b2183,74,question,en,0.0,1.0,0.5,0.5
b2184,74,question,en,0.0,1.0,0.5,0.5
b5409,177|150|153|146,question,en,0.0,1.0,0.5,0.5
b5412,177|159|149|153,question,en,0.0,1.0,0.5,0.5
b5413,177|159|153|156,question,en,0.0,1.0,0.5,0.5
b5414,150|159|177|153|149,question,en,0.0,1.0,0.5,0.5
b5089,83|77|87|143,question,en,0.0,1.0,0.5,0.5
b541,183|31|32|30|181,question,en,0.0,1.0,0.5,0.5
b542,184|31|30|182|49,question,en,0.0,1.0,0.5,0.5
b543,50|183|182|24,question,en,0.0,1.0,0.5,0.5
b545,179|184|38|39|30|181,question,en,0.0,1.0,0.5,0.5
b546,183|35|30|34|182,question,en,0.0,1.0,0.5,0.5
b547,28|179|184|27|29|181,question,en,0.0,1.0,0.5,0.5
b550,41|184|181|24,question,en,0.0,1.0,0.5,0.5
b552,181|184|36|37,question,en,0.0,1.0,0.5,0.5
b553,181|183|24|40,question,en,0.0,1.0,0.5,0.5
b554,184|35|30|34|181,question,en,0.0,1.0,0.5,0.5
b555,183|27|181|36|37,question,en,0.0,1.0,0.5,0.5
b558,184|182|24|40,question,en,0.0,1.0,0.5,0.5
b559,184|31|32|30|181,question,en,0.0,1.0,0.5,0.5
b561,181|39|182|38,question,en,0.0,1.0,0.5,0.5
b563,183|35|30|34|182,question,en,0.0,1.0,0.5,0.5
b565,184|36|37|182,question,en,0.0,1.0,0.5,0.5
b2635,77,question,en,0.0,1.0,0.5,0.5
b2636,85,question,en,0.0,1.0,0.5,0.5
b2639,76,question,en,0.0,1.0,0.5,0.5
b2644,85,question,en,0.0,1.0,0.5,0.5
b2646,76,question,en,0.0,1.0,0.5,0.5
b2648,83,question,en,0.0,1.0,0.5,0.5
b2651,85,question,en,0.0,1.0,0.5,0.5
b2655,85,question,en,0.0,1.0,0.5,0.5
b2660,76,question,en,0.0,1.0,0.5,0.5
b2665,76,question,en,0.0,1.0,0.5,0.5
b2666,83,question,en,0.0,1.0,0.5,0.5
b2668,85,question,en,0.0,1.0,0.5,0.5
b5892,85,question,en,0.0,1.0,0.5,0.5
b5893,85,question,en,0.0,1.0,0.5,0.5
b5896,85,question,en,0.0,1.0,0.5,0.5
b5900,85,question,en,0.0,1.0,0.5,0.5
b5902,85,question,en,0.0,1.0,0.5,0.5
b5906,85,question,en,0.0,1.0,0.5,0.5
b5907,85,question,en,0.0,1.0,0.5,0.5
b5908,85,question,en,0.0,1.0,0.5,0.5
b5911,85,question,en,0.0,1.0,0.5,0.5
b5915,85,question,en,0.0,1.0,0.5,0.5
b5917,77,question,en,0.0,1.0,0.5,0.5
b5920,77,question,en,0.0,1.0,0.5,0.5
b5921,77,question,en,0.0,1.0,0.5,0.5
b5922,77,question,en,0.0,1.0,0.5,0.5
b5925,77,question,en,0.0,1.0,0.5,0.5
b5928,77,question,en,0.0,1.0,0.5,0.5
b5929,77,question,en,0.0,1.0,0.5,0.5
b5934,77,question,en,0.0,1.0,0.5,0.5
b5935,77,question,en,0.0,1.0,0.5,0.5
b5937,77,question,en,0.0,1.0,0.5,0.5
b109,4|2|183,question,en,0.0,1.0,0.5,0.5
b110,2|182|12,question,en,0.0,1.0,0.5,0.5
b111,181|2|13,question,en,0.0,1.0,0.5,0.5
b112,179|14|2|182,question,en,0.0,1.0,0.5,0.5
b113,183|14|2,question,en,0.0,1.0,0.5,0.5
b114,181|179|7|10,question,en,0.0,1.0,0.5,0.5
b115,15|2|183,question,en,0.0,1.0,0.5,0.5
b116,179|16|2|182,question,en,0.0,1.0,0.5,0.5
b118,179|14|2|182,question,en,0.0,1.0,0.5,0.5
b3427,76,question,en,0.0,1.0,0.5,0.5
b3428,77,question,en,0.0,1.0,0.5,0.5
b3434,76,question,en,0.0,1.0,0.5,0.5
b3437,77,question,en,0.0,1.0,0.5,0.5
b3439,83,question,en,0.0,1.0,0.5,0.5
b3441,77,question,en,0.0,1.0,0.5,0.5
b3446,83,question,en,0.0,1.0,0.5,0.5
b3452,77,question,en,0.0,1.0,0.5,0.5
b3454,76,question,en,0.0,1.0,0.5,0.5
b3458,76,question,en,0.0,1.0,0.5,0.5
b3460,77,question,en,0.0,1.0,0.5,0.5
b4675,83,question,en,0.0,1.0,0.5,0.5
b4677,76,question,en,0.0,1.0,0.5,0.5
b4678,85,question,en,0.0,1.0,0.5,0.5
b4682,76,question,en,0.0,1.0,0.5,0.5
b4689,83,question,en,0.0,1.0,0.5,0.5
b4691,85,question,en,0.0,1.0,0.5,0.5
b4693,85,question,en,0.0,1.0,0.5,0.5
b4700,76,question,en,0.0,1.0,0.5,0.5
b4704,83,question,en,0.0,1.0,0.5,0.5
b4706,83,question,en,0.0,1.0,0.5,0.5
b4710,85,question,en,0.0,1.0,0.5,0.5
b4712,77,question,en,0.0,1.0,0.5,0.5
b2846,83,question,en,0.0,1.0,0.5,0.5
b2854,76,question,en,0.0,1.0,0.5,0.5
b2855,76,question,en,0.0,1.0,0.5,0.5
b2856,76,question,en,0.0,1.0,0.5,0.5
b2857,76,question,en,0.0,1.0,0.5,0.5
b2860,76,question,en,0.0,1.0,0.5,0.5
b2861,83,question,en,0.0,1.0,0.5,0.5
b2862,83,question,en,0.0,1.0,0.5,0.5
b2863,83,question,en,0.0,1.0,0.5,0.5
b2864,83,question,en,0.0,1.0,0.5,0.5
b2865,83,question,en,0.0,1.0,0.5,0.5
b2866,83,question,en,0.0,1.0,0.5,0.5
b2869,83,question,en,0.0,1.0,0.5,0.5
b2870,83,question,en,0.0,1.0,0.5,0.5
b1068,28|179|183|23|181|47,question,en,0.0,1.0,0.5,0.5
b1069,184|31|32|183,question,en,0.0,1.0,0.5,0.5
b1070,179|183|35|30|34|182,question,en,0.0,1.0,0.5,0.5
b1072,24|23|182|181|25,question,en,0.0,1.0,0.5,0.5
b1073,41|183|182|24,question,en,0.0,1.0,0.5,0.5
b1075,181|39|182|38,question,en,0.0,1.0,0.5,0.5
b1076,183|30|181|36|37,question,en,0.0,1.0,0.5,0.5
b1077,183|182|24|43,question,en,0.0,1.0,0.5,0.5
b1078,28|29|181|182,question,en,0.0,1.0,0.5,0.5
b1079,44|183|27|45|181,question,en,0.0,1.0,0.5,0.5
b1080,181|182|24|40,question,en,0.0,1.0,0.5,0.5
b1081,24|23|182|181|33,question,en,0.0,1.0,0.5,0.5
b1083,183|182|34|35,question,en,0.0,1.0,0.5,0.5
b1085,183|182|24|43,question,en,0.0,1.0,0.5,0.5
b1086,179|183|182|36|37,question,en,0.0,1.0,0.5,0.5
b1088,181|183|31|32,question,en,0.0,1.0,0.5,0.5
b1090,39|183|182|38,question,en,0.0,1.0,0.5,0.5
b1091,183|24|26|30|181,question,en,0.0,1.0,0.5,0.5
b1092,183|182|24|25,question,en,0.0,1.0,0.5,0.5
b8076,2|19|182,question,en,0.0,1.0,0.5,0.5
b8077,183|7|11,question,en,0.0,1.0,0.5,0.5
b8078,15|184|2,question,en,0.0,1.0,0.5,0.5
b8079,181|18|7,question,en,0.0,1.0,0.5,0.5
b8080,7|17|182,question,en,0.0,1.0,0.5,0.5
b8081,183|7|6,question,en,0.0,1.0,0.5,0.5
b8082,18|184|7,question,en,0.0,1.0,0.5,0.5
b8083,181|7|6,question,en,0.0,1.0,0.5,0.5
b8084,16|2|182,question,en,0.0,1.0,0.5,0.5
b8085,183|7|6,question,en,0.0,1.0,0.5,0.5
b3261,91,question,en,0.0,1.0,0.5,0.5
b3262,74,question,en,0.0,1.0,0.5,0.5
b3263,88,question,en,0.0,1.0,0.5,0.5
b3264,116,question,en,0.0,1.0,0.5,0.5
b3265,75,question,en,0.0,1.0,0.5,0.5
b3266,92,question,en,0.0,1.0,0.5,0.5
b3267,119,question,en,0.0,1.0,0.5,0.5
b3268,74,question,en,0.0,1.0,0.5,0.5
b3269,119,question,en,0.0,1.0,0.5,0.5
b3270,71,question,en,0.0,1.0,0.5,0.5
b3271,96,question,en,0.0,1.0,0.5,0.5
b3272,71,question,en,0.0,1.0,0.5,0.5
b3273,86,question,en,0.0,1.0,0.5,0.5
b3274,74,question,en,0.0,1.0,0.5,0.5
b3275,72,question,en,0.0,1.0,0.5,0.5
b3276,104,question,en,0.0,1.0,0.5,0.5
b3277,71,question,en,0.0,1.0,0.5,0.5
b3278,135,question,en,0.0,1.0,0.5,0.5
b3279,101,question,en,0.0,1.0,0.5,0.5
b3280,90,question,en,0.0,1.0,0.5,0.5
b3281,78,question,en,0.0,1.0,0.5,0.5
b3282,98,question,en,0.0,1.0,0.5,0.5
b3283,74,question,en,0.0,1.0,0.5,0.5
b3284,86,question,en,0.0,1.0,0.5,0.5
b3285,106,question,en,0.0,1.0,0.5,0.5
b3286,88,question,en,0.0,1.0,0.5,0.5
b3287,93,question,en,0.0,1.0,0.5,0.5
b3288,104,question,en,0.0,1.0,0.5,0.5
b3289,105,question,en,0.0,1.0,0.5,0.5
b3290,103,question,en,0.0,1.0,0.5,0.5
b3291,98,question,en,0.0,1.0,0.5,0.5
b3292,107,question,en,0.0,1.0,0.5,0.5
b3293,96,question,en,0.0,1.0,0.5,0.5
b3294,74,question,en,0.0,1.0,0.5,0.5
b3295,78,question,en,0.0,1.0,0.5,0.5
b3296,74,question,en,0.0,1.0,0.5,0.5
b3297,118,question,en,0.0,1.0,0.5,0.5
b3298,82,question,en,0.0,1.0,0.5,0.5
b3299,101,question,en,0.0,1.0,0.5,0.5
b3300,83,question,en,0.0,1.0,0.5,0.5
b3301,129,question,en,0.0,1.0,0.5,0.5
b3302,74,question,en,0.0,1.0,0.5,0.5
b3303,119,question,en,0.0,1.0,0.5,0.5
b3304,78,question,en,0.0,1.0,0.5,0.5
b3305,71,question,en,0.0,1.0,0.5,0.5
b3306,88,question,en,0.0,1.0,0.5,0.5
b3307,144,question,en,0.0,1.0,0.5,0.5
b3308,84,question,en,0.0,1.0,0.5,0.5
b3309,98,question,en,0.0,1.0,0.5,0.5
b3310,78,question,en,0.0,1.0,0.5,0.5
b3311,74,question,en,0.0,1.0,0.5,0.5
b3312,84,question,en,0.0,1.0,0.5,0.5
b3313,86,question,en,0.0,1.0,0.5,0.5
b3314,74,question,en,0.0,1.0,0.5,0.5
b3315,131,question,en,0.0,1.0,0.5,0.5
b3316,74,question,en,0.0,1.0,0.5,0.5
b3317,88,question,en,0.0,1.0,0.5,0.5
b3318,74,question,en,0.0,1.0,0.5,0.5
b3319,80,question,en,0.0,1.0,0.5,0.5
b3320,96,question,en,0.0,1.0,0.5,0.5
b3321,80,question,en,0.0,1.0,0.5,0.5
b3322,100,question,en,0.0,1.0,0.5,0.5
b3323,94,question,en,0.0,1.0,0.5,0.5
b4436,98,question,en,0.0,1.0,0.5,0.5
b4437,84,question,en,0.0,1.0,0.5,0.5
b4438,80,question,en,0.0,1.0,0.5,0.5
b4440,80,question,en,0.0,1.0,0.5,0.5
b4441,80,question,en,0.0,1.0,0.5,0.5
b4442,84,question,en,0.0,1.0,0.5,0.5
b4443,98,question,en,0.0,1.0,0.5,0.5
b4444,80,question,en,0.0,1.0,0.5,0.5
b4445,84,question,en,0.0,1.0,0.5,0.5
b4446,84,question,en,0.0,1.0,0.5,0.5
b4447,104,question,en,0.0,1.0,0.5,0.5
b4448,84,question,en,0.0,1.0,0.5,0.5
b4449,84,question,en,0.0,1.0,0.5,0.5
b4450,84,question,en,0.0,1.0,0.5,0.5
b4451,84,question,en,0.0,1.0,0.5,0.5
b4452,84,question,en,0.0,1.0,0.5,0.5
b4453,104,question,en,0.0,1.0,0.5,0.5
b4454,80,question,en,0.0,1.0,0.5,0.5
b4455,84,question,en,0.0,1.0,0.5,0.5
b4456,84,question,en,0.0,1.0,0.5,0.5
b4457,80,question,en,0.0,1.0,0.5,0.5
b4458,84,question,en,0.0,1.0,0.5,0.5
b4459,80,question,en,0.0,1.0,0.5,0.5
b4460,80,question,en,0.0,1.0,0.5,0.5
b4461,122,question,en,0.0,1.0,0.5,0.5
b4462,80,question,en,0.0,1.0,0.5,0.5
b4463,84,question,en,0.0,1.0,0.5,0.5
b4464,84,question,en,0.0,1.0,0.5,0.5
b4465,84,question,en,0.0,1.0,0.5,0.5
b4466,80,question,en,0.0,1.0,0.5,0.5
b4467,84,question,en,0.0,1.0,0.5,0.5
b4468,84,question,en,0.0,1.0,0.5,0.5
b4469,84,question,en,0.0,1.0,0.5,0.5
b4470,84,question,en,0.0,1.0,0.5,0.5
b4471,71,question,en,0.0,1.0,0.5,0.5
b4473,84,question,en,0.0,1.0,0.5,0.5
b4474,84,question,en,0.0,1.0,0.5,0.5
b4475,84,question,en,0.0,1.0,0.5,0.5
b4476,84,question,en,0.0,1.0,0.5,0.5
b4478,80,question,en,0.0,1.0,0.5,0.5
b4479,84,question,en,0.0,1.0,0.5,0.5
b4480,84,question,en,0.0,1.0,0.5,0.5
b4481,84,question,en,0.0,1.0,0.5,0.5
b4482,80,question,en,0.0,1.0,0.5,0.5
b4483,80,question,en,0.0,1.0,0.5,0.5
b4484,80,question,en,0.0,1.0,0.5,0.5
b4485,80,question,en,0.0,1.0,0.5,0.5
b4486,80,question,en,0.0,1.0,0.5,0.5
b4487,80,question,en,0.0,1.0,0.5,0.5
b4488,84,question,en,0.0,1.0,0.5,0.5
b4489,84,question,en,0.0,1.0,0.5,0.5
b4490,84,question,en,0.0,1.0,0.5,0.5
b4491,98,question,en,0.0,1.0,0.5,0.5
b4492,104,question,en,0.0,1.0,0.5,0.5
b4493,84,question,en,0.0,1.0,0.5,0.5
b4494,98,question,en,0.0,1.0,0.5,0.5
b4496,84,question,en,0.0,1.0,0.5,0.5
b4497,80,question,en,0.0,1.0,0.5,0.5
b4498,98,question,en,0.0,1.0,0.5,0.5
b4499,84,question,en,0.0,1.0,0.5,0.5
b4500,84,question,en,0.0,1.0,0.5,0.5
b4501,84,question,en,0.0,1.0,0.5,0.5
b4502,80,question,en,0.0,1.0,0.5,0.5
b4503,84,question,en,0.0,1.0,0.5,0.5
b4504,80,question,en,0.0,1.0,0.5,0.5
b4505,84,question,en,0.0,1.0,0.5,0.5
b4506,84,question,en,0.0,1.0,0.5,0.5
b4507,84,question,en,0.0,1.0,0.5,0.5
b4508,84,question,en,0.0,1.0,0.5,0.5
b4509,80,question,en,0.0,1.0,0.5,0.5
b4510,80,question,en,0.0,1.0,0.5,0.5
b4511,80,question,en,0.0,1.0,0.5,0.5
b4512,98,question,en,0.0,1.0,0.5,0.5
b4514,98,question,en,0.0,1.0,0.5,0.5
b4515,98,question,en,0.0,1.0,0.5,0.5
b4516,98,question,en,0.0,1.0,0.5,0.5
b4517,98,question,en,0.0,1.0,0.5,0.5
b4518,98,question,en,0.0,1.0,0.5,0.5
b4519,104,question,en,0.0,1.0,0.5,0.5
b4520,84,question,en,0.0,1.0,0.5,0.5
b4521,84,question,en,0.0,1.0,0.5,0.5
b4522,98,question,en,0.0,1.0,0.5,0.5
b4523,80,question,en,0.0,1.0,0.5,0.5
b4524,119,question,en,0.0,1.0,0.5,0.5
b4525,98,question,en,0.0,1.0,0.5,0.5
b4526,98,question,en,0.0,1.0,0.5,0.5
b4527,84,question,en,0.0,1.0,0.5,0.5
b4528,104,question,en,0.0,1.0,0.5,0.5
b4529,98,question,en,0.0,1.0,0.5,0.5
b4530,84,question,en,0.0,1.0,0.5,0.5
b4531,98,question,en,0.0,1.0,0.5,0.5
b4532,98,question,en,0.0,1.0,0.5,0.5
b4533,84,question,en,0.0,1.0,0.5,0.5
b4534,84,question,en,0.0,1.0,0.5,0.5
b4535,98,question,en,0.0,1.0,0.5,0.5
b4536,98,question,en,0.0,1.0,0.5,0.5
b4538,98,question,en,0.0,1.0,0.5,0.5
b4539,84,question,en,0.0,1.0,0.5,0.5
b4540,98,question,en,0.0,1.0,0.5,0.5
b4541,98,question,en,0.0,1.0,0.5,0.5
b4542,104,question,en,0.0,1.0,0.5,0.5
b4543,98,question,en,0.0,1.0,0.5,0.5
b4544,98,question,en,0.0,1.0,0.5,0.5
b4545,104,question,en,0.0,1.0,0.5,0.5
b4546,80,question,en,0.0,1.0,0.5,0.5
b4547,98,question,en,0.0,1.0,0.5,0.5
b4548,98,question,en,0.0,1.0,0.5,0.5
b8096,183|14|2,question,en,0.0,1.0,0.5,0.5
b8097,22|184|2,question,en,0.0,1.0,0.5,0.5
b8098,181|2|8,question,en,0.0,1.0,0.5,0.5
b8099,14|2|182,question,en,0.0,1.0,0.5,0.5
b8100,183|2|5,question,en,0.0,1.0,0.5,0.5
b8101,184|7|6,question,en,0.0,1.0,0.5,0.5
b8102,181|7|17,question,en,0.0,1.0,0.5,0.5
b8103,7|182|10,question,en,0.0,1.0,0.5,0.5
b8104,183|16|2,question,en,0.0,1.0,0.5,0.5
b8105,184|2|19,question,en,0.0,1.0,0.5,0.5
b5105,83|85|95|143,question,en,0.0,1.0,0.5,0.5
b5292,149|177|155|156,question,en,0.0,1.0,0.5,0.5
b5293,149|148|177|155,question,en,0.0,1.0,0.5,0.5
b5294,148|150|146|177|156,question,en,0.0,1.0,0.5,0.5
b5295,149|177|155|153,question,en,0.0,1.0,0.5,0.5
b5296,148|150|177|157|149,question,en,0.0,1.0,0.5,0.5
b6777,85,question,en,0.0,1.0,0.5,0.5
b6778,85,question,en,0.0,1.0,0.5,0.5
b6780,85,question,en,0.0,1.0,0.5,0.5
b6782,85,question,en,0.0,1.0,0.5,0.5
b6783,85,question,en,0.0,1.0,0.5,0.5
b6787,85,question,en,0.0,1.0,0.5,0.5
b6788,85,question,en,0.0,1.0,0.5,0.5
b6794,85,question,en,0.0,1.0,0.5,0.5
b6795,85,question,en,0.0,1.0,0.5,0.5
b6796,85,question,en,0.0,1.0,0.5,0.5
b6799,85,question,en,0.0,1.0,0.5,0.5
b6802,103,question,en,0.0,1.0,0.5,0.5
b6803,77,question,en,0.0,1.0,0.5,0.5
b6804,77,question,en,0.0,1.0,0.5,0.5
b6805,77,question,en,0.0,1.0,0.5,0.5
b6806,77,question,en,0.0,1.0,0.5,0.5
b6807,77,question,en,0.0,1.0,0.5,0.5
b6810,77,question,en,0.0,1.0,0.5,0.5
b6812,77,question,en,0.0,1.0,0.5,0.5
b6813,77,question,en,0.0,1.0,0.5,0.5
b6817,77,question,en,0.0,1.0,0.5,0.5
b6818,106,question,en,0.0,1.0,0.5,0.5
b6819,106,question,en,0.0,1.0,0.5,0.5
b6820,106,question,en,0.0,1.0,0.5,0.5
b6821,106,question,en,0.0,1.0,0.5,0.5
b6822,106,question,en,0.0,1.0,0.5,0.5
b6823,106,question,en,0.0,1.0,0.5,0.5
b6824,106,question,en,0.0,1.0,0.5,0.5
b6825,106,question,en,0.0,1.0,0.5,0.5
b6828,76,question,en,0.0,1.0,0.5,0.5
b6829,76,question,en,0.0,1.0,0.5,0.5
b6830,76,question,en,0.0,1.0,0.5,0.5
b6832,76,question,en,0.0,1.0,0.5,0.5
b6836,76,question,en,0.0,1.0,0.5,0.5
b6837,76,question,en,0.0,1.0,0.5,0.5
b6838,76,question,en,0.0,1.0,0.5,0.5
b6839,76,question,en,0.0,1.0,0.5,0.5
b6843,80,question,en,0.0,1.0,0.5,0.5
b6844,84,question,en,0.0,1.0,0.5,0.5
b6846,84,question,en,0.0,1.0,0.5,0.5
b6847,84,question,en,0.0,1.0,0.5,0.5
b6848,84,question,en,0.0,1.0,0.5,0.5
b6849,84,question,en,0.0,1.0,0.5,0.5
b6850,84,question,en,0.0,1.0,0.5,0.5
b6851,83,question,en,0.0,1.0,0.5,0.5
b6852,83,question,en,0.0,1.0,0.5,0.5
b6853,83,question,en,0.0,1.0,0.5,0.5
b6855,83,question,en,0.0,1.0,0.5,0.5
b6856,83,question,en,0.0,1.0,0.5,0.5
b6857,83,question,en,0.0,1.0,0.5,0.5
b6860,83,question,en,0.0,1.0,0.5,0.5
b6861,83,question,en,0.0,1.0,0.5,0.5
b6864,83,question,en,0.0,1.0,0.5,0.5
b6866,83,question,en,0.0,1.0,0.5,0.5
b6868,83,question,en,0.0,1.0,0.5,0.5
b6869,83,question,en,0.0,1.0,0.5,0.5
b6872,83,question,en,0.0,1.0,0.5,0.5
b6873,83,question,en,0.0,1.0,0.5,0.5
b6874,83,question,en,0.0,1.0,0.5,0.5
b6875,83,question,en,0.0,1.0,0.5,0.5
b5209,179|115|143|83|95,question,en,0.0,1.0,0.5,0.5
b5210,179|77|80|143|120,question,en,0.0,1.0,0.5,0.5
b5211,179|108|77|143|81,question,en,0.0,1.0,0.5,0.5
b5212,179|117|74|143|78,question,en,0.0,1.0,0.5,0.5
b5213,179|76|113|143|145,question,en,0.0,1.0,0.5,0.5
b5215,143|119|78,question,en,0.0,1.0,0.5,0.5
b5216,76|80|78|143,question,en,0.0,1.0,0.5,0.5
b2095,179|63|182|52|56,question,en,0.0,1.0,0.5,0.5
b2097,184|53|59|52|54,question,en,0.0,1.0,0.5,0.5
b2098,53|60|182|55|54,question,en,0.0,1.0,0.5,0.5
b2099,183|53|59|56|54,question,en,0.0,1.0,0.5,0.5
b2101,53|68|182|52|54,question,en,0.0,1.0,0.5,0.5
b2102,52|56|183|60,question,en,0.0,1.0,0.5,0.5
b2103,179|53|68|181|54|52,question,en,0.0,1.0,0.5,0.5
b2104,183|60|52|56|54,question,en,0.0,1.0,0.5,0.5
b1481,184|53|181|54|52,question,en,0.0,1.0,0.5,0.5
b1482,52|183|181|53,question,en,0.0,1.0,0.5,0.5
b1483,52|185|181,question,en,0.0,1.0,0.5,0.5
b1484,184|185|52|56|55,question,en,0.0,1.0,0.5,0.5
b1485,181|184|53|52,question,en,0.0,1.0,0.5,0.5
b1486,52|183|184,question,en,0.0,1.0,0.5,0.5
b1487,183|53|185|55|56,question,en,0.0,1.0,0.5,0.5
b1488,181|56|185|52,question,en,0.0,1.0,0.5,0.5
b1489,52|183|184|53,question,en,0.0,1.0,0.5,0.5
b628,179|183|44|45|182,question,en,0.0,1.0,0.5,0.5
b629,28|29|184|182,question,en,0.0,1.0,0.5,0.5
b631,183|182|26|24,question,en,0.0,1.0,0.5,0.5
b632,41|184|181|24,question,en,0.0,1.0,0.5,0.5
b634,181|39|182|38,question,en,0.0,1.0,0.5,0.5
b636,184|31|32|183,question,en,0.0,1.0,0.5,0.5
b637,183|35|30|34|181,question,en,0.0,1.0,0.5,0.5
b638,181|42|184|34,question,en,0.0,1.0,0.5,0.5
b639,183|24|51|181|33,question,en,0.0,1.0,0.5,0.5
b640,183|184|26|24,question,en,0.0,1.0,0.5,0.5
b641,181|44|45|183,question,en,0.0,1.0,0.5,0.5
b642,179|31|184|32|30|182,question,en,0.0,1.0,0.5,0.5
b644,183|182|24|25,question,en,0.0,1.0,0.5,0.5
b645,181|32|34|182,question,en,0.0,1.0,0.5,0.5
b646,28|183|181|37,question,en,0.0,1.0,0.5,0.5
b648,44|30|45|182|181,question,en,0.0,1.0,0.5,0.5
b650,179|183|24|48|181,question,en,0.0,1.0,0.5,0.5
b651,184|31|32|182,question,en,0.0,1.0,0.5,0.5
b653,181|184|24|40,question,en,0.0,1.0,0.5,0.5
b1202,181|183|33|24,question,en,0.0,1.0,0.5,0.5
b1203,183|24|30|185|43,question,en,0.0,1.0,0.5,0.5
b1204,183|185|24|25,question,en,0.0,1.0,0.5,0.5
b1205,179|183|38|39|181,question,en,0.0,1.0,0.5,0.5
b1206,41|183|184|24,question,en,0.0,1.0,0.5,0.5
b1207,28|183|30|29|185,question,en,0.0,1.0,0.5,0.5
b1208,28|179|29|185|181,question,en,0.0,1.0,0.5,0.5
b1209,181|185|24|25,question,en,0.0,1.0,0.5,0.5
b1211,42|34|183|185,question,en,0.0,1.0,0.5,0.5
b1214,24|23|185|181|33,question,en,0.0,1.0,0.5,0.5
b1215,24|30|185|181|33,question,en,0.0,1.0,0.5,0.5
b1217,183|185|26|24,question,en,0.0,1.0,0.5,0.5
b1218,44|45|185|183,question,en,0.0,1.0,0.5,0.5
b1219,183|185|26|24,question,en,0.0,1.0,0.5,0.5
b1221,185|31|32|183,question,en,0.0,1.0,0.5,0.5
b1223,184|31|32|185,question,en,0.0,1.0,0.5,0.5
b1225,181|44|185|49,question,en,0.0,1.0,0.5,0.5
b1227,181|183|26|24,question,en,0.0,1.0,0.5,0.5
b1228,183|32|30|185|36,question,en,0.0,1.0,0.5,0.5
b1229,183|184|31|32|30,question,en,0.0,1.0,0.5,0.5
b1230,181|185|31|32,question,en,0.0,1.0,0.5,0.5
b1685,179|53|182|181|56|55,question,en,0.0,1.0,0.5,0.5
b1686,179|183|53|182|52|54,question,en,0.0,1.0,0.5,0.5
b1687,179|183|184|53|52|54,question,en,0.0,1.0,0.5,0.5
b1688,181|182|54|52,question,en,0.0,1.0,0.5,0.5
b1689,52|183|184|54,question,en,0.0,1.0,0.5,0.5
b1690,179|183|182|52|56|54,question,en,0.0,1.0,0.5,0.5
b1691,53|182|181|54|52,question,en,0.0,1.0,0.5,0.5
b1692,179|183|184|53|52|54,question,en,0.0,1.0,0.5,0.5
b1693,53|182|181|56|54,question,en,0.0,1.0,0.5,0.5
b1694,179|53|182|181|54|52,question,en,0.0,1.0,0.5,0.5
b2714,76,question,en,0.0,1.0,0.5,0.5
b2717,83,question,en,0.0,1.0,0.5,0.5
b2722,76,question,en,0.0,1.0,0.5,0.5
b2726,85,question,en,0.0,1.0,0.5,0.5
b2730,77,question,en,0.0,1.0,0.5,0.5
b2734,76,question,en,0.0,1.0,0.5,0.5
b2735,83,question,en,0.0,1.0,0.5,0.5
b2738,85,question,en,0.0,1.0,0.5,0.5
b2746,76,question,en,0.0,1.0,0.5,0.5
b2200,77,question,en,0.0,1.0,0.5,0.5
b2201,77,question,en,0.0,1.0,0.5,0.5
b2203,77,question,en,0.0,1.0,0.5,0.5
b2205,77,question,en,0.0,1.0,0.5,0.5
b2207,77,question,en,0.0,1.0,0.5,0.5
b2209,85,question,en,0.0,1.0,0.5,0.5
b2211,85,question,en,0.0,1.0,0.5,0.5
b2212,85,question,en,0.0,1.0,0.5,0.5
b2217,85,question,en,0.0,1.0,0.5,0.5
b2225,85,question,en,0.0,1.0,0.5,0.5
b3326,85,question,en,0.0,1.0,0.5,0.5
b3330,85,question,en,0.0,1.0,0.5,0.5
b3334,85,question,en,0.0,1.0,0.5,0.5
b3342,85,question,en,0.0,1.0,0.5,0.5
b3346,77,question,en,0.0,1.0,0.5,0.5
b3350,76,question,en,0.0,1.0,0.5,0.5
b3351,77,question,en,0.0,1.0,0.5,0.5
b3353,83,question,en,0.0,1.0,0.5,0.5
b3357,85,question,en,0.0,1.0,0.5,0.5
b3358,83,question,en,0.0,1.0,0.5,0.5
b3361,83,question,en,0.0,1.0,0.5,0.5
b4560,96,question,en,0.0,1.0,0.5,0.5
b4951,76,question,en,0.0,1.0,0.5,0.5
b4953,77,question,en,0.0,1.0,0.5,0.5
b4957,77,question,en,0.0,1.0,0.5,0.5
b4968,85,question,en,0.0,1.0,0.5,0.5
b4970,85,question,en,0.0,1.0,0.5,0.5
b4977,76,question,en,0.0,1.0,0.5,0.5
b4979,83,question,en,0.0,1.0,0.5,0.5
b4982,77,question,en,0.0,1.0,0.5,0.5
b5380,148|169|155|177|153|149,question,en,0.0,1.0,0.5,0.5
b5381,170|177|169|153,question,en,0.0,1.0,0.5,0.5
b5382,169|150|155|177|156|153,question,en,0.0,1.0,0.5,0.5
b5383,148|150|169|155|177|156,question,en,0.0,1.0,0.5,0.5
b5384,169|177|157|156|153,question,en,0.0,1.0,0.5,0.5
b5386,148|150|169|159|177|153,question,en,0.0,1.0,0.5,0.5
b5389,148|169|155|177|153|149,question,en,0.0,1.0,0.5,0.5
b7920,76|116|77|143,question,en,0.0,1.0,0.5,0.5
b7921,143|77|99,question,en,0.0,1.0,0.5,0.5
b7922,98|85|72|143,question,en,0.0,1.0,0.5,0.5
b7923,85|83|120|143,question,en,0.0,1.0,0.5,0.5
b8494,85|143|87|78,question,en,0.0,1.0,0.5,0.5
b8495,85|134|143|88,question,en,0.0,1.0,0.5,0.5
b8496,98|85|74|143,question,en,0.0,1.0,0.5,0.5
b8497,76|77|87|143,question,en,0.0,1.0,0.5,0.5
b8498,98|95|134|143,question,en,0.0,1.0,0.5,0.5
b8499,85|143|92|88,question,en,0.0,1.0,0.5,0.5
b8500,134|107|87|143,question,en,0.0,1.0,0.5,0.5
b8501,76|118|134|143,question,en,0.0,1.0,0.5,0.5
b8502,98|85|143,question,en,0.0,1.0,0.5,0.5
b8503,98|85|143,question,en,0.0,1.0,0.5,0.5
b5691,147|148|155|176|153|149|151,question,en,0.0,1.0,0.5,0.5
b5692,147|148|155|176|153|149|151,question,en,0.0,1.0,0.5,0.5
b5693,147|148|150|159|176|153|149,question,en,0.0,1.0,0.5,0.5
b5694,149|148|159|176|153|158,question,en,0.0,1.0,0.5,0.5
b1232,50|183|184|24,question,en,0.0,1.0,0.5,0.5
b1233,179|183|24|23|185|33,question,en,0.0,1.0,0.5,0.5
b1234,183|184|48|24,question,en,0.0,1.0,0.5,0.5
b1235,179|24|23|185|181|25,question,en,0.0,1.0,0.5,0.5
b1236,183|184|26|24,question,en,0.0,1.0,0.5,0.5
b1237,181|185|33|24,question,en,0.0,1.0,0.5,0.5
b1238,183|31|32|185,question,en,0.0,1.0,0.5,0.5
b1240,28|27|45|185|181,question,en,0.0,1.0,0.5,0.5
b1241,183|27|24|185|43,question,en,0.0,1.0,0.5,0.5
b1242,181|185|31|32,question,en,0.0,1.0,0.5,0.5
b1245,181|185|24|40,question,en,0.0,1.0,0.5,0.5
b1246,181|183|36|37,question,en,0.0,1.0,0.5,0.5
b1248,183|31|42|30|185,question,en,0.0,1.0,0.5,0.5
b1249,44|45|185|183,question,en,0.0,1.0,0.5,0.5
b1251,183|184|30|36|37,question,en,0.0,1.0,0.5,0.5
b1253,184|47|185|46,question,en,0.0,1.0,0.5,0.5
b1254,28|184|30|29|185,question,en,0.0,1.0,0.5,0.5
b1255,181|185|31|32,question,en,0.0,1.0,0.5,0.5
b1257,183|27|42|34|181,question,en,0.0,1.0,0.5,0.5
b1258,28|42|185|183,question,en,0.0,1.0,0.5,0.5
b1259,183|185|24|40,question,en,0.0,1.0,0.5,0.5
b1261,184|35|30|185|34,question,en,0.0,1.0,0.5,0.5
b2520,74,question,en,0.0,1.0,0.5,0.5
b2521,77,question,en,0.0,1.0,0.5,0.5
b2522,120,question,en,0.0,1.0,0.5,0.5
b2523,71,question,en,0.0,1.0,0.5,0.5
b2524,86,question,en,0.0,1.0,0.5,0.5
b2525,74,question,en,0.0,1.0,0.5,0.5
b2526,74,question,en,0.0,1.0,0.5,0.5
b2527,80,question,en,0.0,1.0,0.5,0.5
b2528,83,question,en,0.0,1.0,0.5,0.5
b2529,103,question,en,0.0,1.0,0.5,0.5
b2530,88,question,en,0.0,1.0,0.5,0.5
b2531,76,question,en,0.0,1.0,0.5,0.5
b2532,83,question,en,0.0,1.0,0.5,0.5
b2533,118,question,en,0.0,1.0,0.5,0.5
b2534,75,question,en,0.0,1.0,0.5,0.5
b2535,74,question,en,0.0,1.0,0.5,0.5
b2536,84,question,en,0.0,1.0,0.5,0.5
b2537,71,question,en,0.0,1.0,0.5,0.5
b2538,78,question,en,0.0,1.0,0.5,0.5
b2539,121,question,en,0.0,1.0,0.5,0.5
b2540,77,question,en,0.0,1.0,0.5,0.5
b2541,85,question,en,0.0,1.0,0.5,0.5
b2543,86,question,en,0.0,1.0,0.5,0.5
b2544,106,question,en,0.0,1.0,0.5,0.5
b2545,76,question,en,0.0,1.0,0.5,0.5
b2546,85,question,en,0.0,1.0,0.5,0.5
b2547,84,question,en,0.0,1.0,0.5,0.5
b2548,78,question,en,0.0,1.0,0.5,0.5
b2549,80,question,en,0.0,1.0,0.5,0.5
b2550,116,question,en,0.0,1.0,0.5,0.5
b2551,76,question,en,0.0,1.0,0.5,0.5
b2552,86,question,en,0.0,1.0,0.5,0.5
b2553,98,question,en,0.0,1.0,0.5,0.5
b2554,106,question,en,0.0,1.0,0.5,0.5
b2555,130,question,en,0.0,1.0,0.5,0.5
b2556,80,question,en,0.0,1.0,0.5,0.5
b2557,76,question,en,0.0,1.0,0.5,0.5
b2558,105,question,en,0.0,1.0,0.5,0.5
b5468,149|159|162|178|156|153|158|151,question,en,0.0,1.0,0.5,0.5
b5469,149|150|155|162|178|153|158|151,question,en,0.0,1.0,0.5,0.5
b5470,149|146|162|178|153|158|151,question,en,0.0,1.0,0.5,0.5
b5471,172|159|162|178|153|149|151,question,en,0.0,1.0,0.5,0.5
b5472,149|146|162|156|178|153|158|151,question,en,0.0,1.0,0.5,0.5
b5707,147|179|148|150|146|176|149|151,question,en,0.0,1.0,0.5,0.5
b5708,152|179|147|176|153|149,question,en,0.0,1.0,0.5,0.5
b5709,147|155|156|176|153|149|151,question,en,0.0,1.0,0.5,0.5
b11368,71,question,en,0.0,1.0,0.5,0.5
b11369,85,question,en,0.0,1.0,0.5,0.5
b11370,98,question,en,0.0,1.0,0.5,0.5
b11371,85,question,en,0.0,1.0,0.5,0.5
b11372,98,question,en,0.0,1.0,0.5,0.5
b11373,85,question,en,0.0,1.0,0.5,0.5
b11374,86,question,en,0.0,1.0,0.5,0.5
b11375,76,question,en,0.0,1.0,0.5,0.5
b11376,86,question,en,0.0,1.0,0.5,0.5
b11378,71,question,en,0.0,1.0,0.5,0.5
b11379,105,question,en,0.0,1.0,0.5,0.5
b11380,76,question,en,0.0,1.0,0.5,0.5
b11381,138,question,en,0.0,1.0,0.5,0.5
b11382,76,question,en,0.0,1.0,0.5,0.5
b11383,119,question,en,0.0,1.0,0.5,0.5
b11384,86,question,en,0.0,1.0,0.5,0.5
b11385,83,question,en,0.0,1.0,0.5,0.5
b11387,78,question,en,0.0,1.0,0.5,0.5
b11388,77,question,en,0.0,1.0,0.5,0.5
b11389,120,question,en,0.0,1.0,0.5,0.5
b11390,74,question,en,0.0,1.0,0.5,0.5
b11391,74,question,en,0.0,1.0,0.5,0.5
b11392,83,question,en,0.0,1.0,0.5,0.5
b11393,81,question,en,0.0,1.0,0.5,0.5
b11394,74,question,en,0.0,1.0,0.5,0.5
b11395,133,question,en,0.0,1.0,0.5,0.5
b11396,98,question,en,0.0,1.0,0.5,0.5
b11397,77,question,en,0.0,1.0,0.5,0.5
b1797,57|60|185|56|54,question,en,0.0,1.0,0.5,0.5
b1798,57|64|185|56|54,question,en,0.0,1.0,0.5,0.5
b1801,183|57|59|55|56,question,en,0.0,1.0,0.5,0.5
b1802,57|64|185|55|56,question,en,0.0,1.0,0.5,0.5
b1803,179|66|57|181|56|52,question,en,0.0,1.0,0.5,0.5
b1804,57|64|185|52|56,question,en,0.0,1.0,0.5,0.5
b1805,183|57|59|52|56,question,en,0.0,1.0,0.5,0.5
b1806,53|57|60|181|55,question,en,0.0,1.0,0.5,0.5
b1807,179|181|63|57|52,question,en,0.0,1.0,0.5,0.5
b1808,179|53|57|60|185|52,question,en,0.0,1.0,0.5,0.5
b1809,179|183|66|53|57|55,question,en,0.0,1.0,0.5,0.5
b1810,57|64|185|52|54,question,en,0.0,1.0,0.5,0.5
b1811,179|183|57|59|55|56,question,en,0.0,1.0,0.5,0.5
b4898,85,question,en,0.0,1.0,0.5,0.5
b4899,85,question,en,0.0,1.0,0.5,0.5
b4900,85,question,en,0.0,1.0,0.5,0.5
b4902,85,question,en,0.0,1.0,0.5,0.5
b4905,85,question,en,0.0,1.0,0.5,0.5
b4907,85,question,en,0.0,1.0,0.5,0.5
b4908,85,question,en,0.0,1.0,0.5,0.5
b4909,85,question,en,0.0,1.0,0.5,0.5
b4910,85,question,en,0.0,1.0,0.5,0.5
b4911,85,question,en,0.0,1.0,0.5,0.5
b4912,85,question,en,0.0,1.0,0.5,0.5
b4914,85,question,en,0.0,1.0,0.5,0.5
b4916,85,question,en,0.0,1.0,0.5,0.5
b4918,85,question,en,0.0,1.0,0.5,0.5
b4920,85,question,en,0.0,1.0,0.5,0.5
b4923,77,question,en,0.0,1.0,0.5,0.5
b4924,77,question,en,0.0,1.0,0.5,0.5
b4925,77,question,en,0.0,1.0,0.5,0.5
b4928,77,question,en,0.0,1.0,0.5,0.5
b4931,77,question,en,0.0,1.0,0.5,0.5
b4932,77,question,en,0.0,1.0,0.5,0.5
b4934,77,question,en,0.0,1.0,0.5,0.5
b4935,77,question,en,0.0,1.0,0.5,0.5
b4937,77,question,en,0.0,1.0,0.5,0.5
b4938,77,question,en,0.0,1.0,0.5,0.5
b4940,77,question,en,0.0,1.0,0.5,0.5
b4942,77,question,en,0.0,1.0,0.5,0.5
b5744,96,question,en,0.0,1.0,0.5,0.5
b3998,96,question,en,0.0,1.0,0.5,0.5
b4027,96,question,en,0.0,1.0,0.5,0.5
b4052,96,question,en,0.0,1.0,0.5,0.5
b4211,85,question,en,0.0,1.0,0.5,0.5
b4229,77,question,en,0.0,1.0,0.5,0.5
b4230,77,question,en,0.0,1.0,0.5,0.5
b4231,77,question,en,0.0,1.0,0.5,0.5
b4234,77,question,en,0.0,1.0,0.5,0.5
b4235,77,question,en,0.0,1.0,0.5,0.5
b4236,85,question,en,0.0,1.0,0.5,0.5
b4237,85,question,en,0.0,1.0,0.5,0.5
b4238,85,question,en,0.0,1.0,0.5,0.5
b4241,83,question,en,0.0,1.0,0.5,0.5
b4244,83,question,en,0.0,1.0,0.5,0.5
b4246,76,question,en,0.0,1.0,0.5,0.5
b4248,76,question,en,0.0,1.0,0.5,0.5
b4249,76,question,en,0.0,1.0,0.5,0.5
b4250,76,question,en,0.0,1.0,0.5,0.5
b4253,76,question,en,0.0,1.0,0.5,0.5
b3243,83,question,en,0.0,1.0,0.5,0.5
b5425,148|167|177|156|153|168,question,en,0.0,1.0,0.5,0.5
b5426,179|167|177|153|168,question,en,0.0,1.0,0.5,0.5
b5427,148|167|177|153|149|168,question,en,0.0,1.0,0.5,0.5
b5428,148|167|177|149|168,question,en,0.0,1.0,0.5,0.5
b3422,71,question,en,0.0,1.0,0.5,0.5
b3423,72,question,en,0.0,1.0,0.5,0.5
b3424,73,question,en,0.0,1.0,0.5,0.5
b3425,74,question,en,0.0,1.0,0.5,0.5
b3426,75,question,en,0.0,1.0,0.5,0.5
b3430,74,question,en,0.0,1.0,0.5,0.5
b3431,78,question,en,0.0,1.0,0.5,0.5
b3432,71,question,en,0.0,1.0,0.5,0.5
b3433,79,question,en,0.0,1.0,0.5,0.5
b3435,80,question,en,0.0,1.0,0.5,0.5
b3436,81,question,en,0.0,1.0,0.5,0.5
b3438,82,question,en,0.0,1.0,0.5,0.5
b3440,84,question,en,0.0,1.0,0.5,0.5
b3442,78,question,en,0.0,1.0,0.5,0.5
b3443,84,question,en,0.0,1.0,0.5,0.5
b3444,85,question,en,0.0,1.0,0.5,0.5
b3445,74,question,en,0.0,1.0,0.5,0.5
b3447,74,question,en,0.0,1.0,0.5,0.5
b3448,84,question,en,0.0,1.0,0.5,0.5
b3449,86,question,en,0.0,1.0,0.5,0.5
b3450,78,question,en,0.0,1.0,0.5,0.5
b3451,86,question,en,0.0,1.0,0.5,0.5
b3453,83,question,en,0.0,1.0,0.5,0.5
b3455,78,question,en,0.0,1.0,0.5,0.5
b3456,84,question,en,0.0,1.0,0.5,0.5
b3457,87,question,en,0.0,1.0,0.5,0.5
b3459,74,question,en,0.0,1.0,0.5,0.5
b3461,78,question,en,0.0,1.0,0.5,0.5
b1812,56|54|60|182,question,en,0.0,1.0,0.5,0.5
b1813,181|66|53|52,question,en,0.0,1.0,0.5,0.5
b1814,184|59|52|56|54,question,en,0.0,1.0,0.5,0.5
b1815,52|56|60|182,question,en,0.0,1.0,0.5,0.5
b1816,179|183|53|63|52|55,question,en,0.0,1.0,0.5,0.5
b1818,179|67|182|52|54,question,en,0.0,1.0,0.5,0.5
b1819,183|53|59|56|54,question,en,0.0,1.0,0.5,0.5
b1820,53|64|181|56|52,question,en,0.0,1.0,0.5,0.5
b1821,183|53|63|55|54,question,en,0.0,1.0,0.5,0.5
b4901,85,question,en,0.0,1.0,0.5,0.5
b4903,85,question,en,0.0,1.0,0.5,0.5
b4904,85,question,en,0.0,1.0,0.5,0.5
b4906,85,question,en,0.0,1.0,0.5,0.5
b4913,85,question,en,0.0,1.0,0.5,0.5
b4915,85,question,en,0.0,1.0,0.5,0.5
b4917,85,question,en,0.0,1.0,0.5,0.5
b4919,85,question,en,0.0,1.0,0.5,0.5
b4921,85,question,en,0.0,1.0,0.5,0.5
b4922,111,question,en,0.0,1.0,0.5,0.5
b4926,77,question,en,0.0,1.0,0.5,0.5
b4927,77,question,en,0.0,1.0,0.5,0.5
b4929,77,question,en,0.0,1.0,0.5,0.5
b4930,77,question,en,0.0,1.0,0.5,0.5
b4933,77,question,en,0.0,1.0,0.5,0.5
b4936,77,question,en,0.0,1.0,0.5,0.5
b4939,77,question,en,0.0,1.0,0.5,0.5
b4941,77,question,en,0.0,1.0,0.5,0.5
b4943,103,question,en,0.0,1.0,0.5,0.5
b4944,106,question,en,0.0,1.0,0.5,0.5
b4945,106,question,en,0.0,1.0,0.5,0.5
b4946,106,question,en,0.0,1.0,0.5,0.5
b4947,106,question,en,0.0,1.0,0.5,0.5
b5232,169|150|177|157|153|149,question,en,0.0,1.0,0.5,0.5
b5233,169|155|177|153|149,question,en,0.0,1.0,0.5,0.5
b5234,169|150|146|177|156|153,question,en,0.0,1.0,0.5,0.5
b5235,148|169|159|177|156|153,question,en,0.0,1.0,0.5,0.5
b5644,181|179|15|2,question,en,0.0,1.0,0.5,0.5
b5645,2|5|182,question,en,0.0,1.0,0.5,0.5
b5646,179|183|7|6,question,en,0.0,1.0,0.5,0.5
b5647,4|184|2,question,en,0.0,1.0,0.5,0.5
b5648,181|179|1|2,question,en,0.0,1.0,0.5,0.5
b5649,9|2|182,question,en,0.0,1.0,0.5,0.5
b5650,179|18|183|7,question,en,0.0,1.0,0.5,0.5
b5651,184|7|6,question,en,0.0,1.0,0.5,0.5
b5652,183|14|2,question,en,0.0,1.0,0.5,0.5
b5653,4|2|182,question,en,0.0,1.0,0.5,0.5
b2105,64|182|52|56|54,question,en,0.0,1.0,0.5,0.5
b2106,179|53|60|181|56|54,question,en,0.0,1.0,0.5,0.5
b2107,184|59|52|56|54,question,en,0.0,1.0,0.5,0.5
b2108,179|63|182|52|56,question,en,0.0,1.0,0.5,0.5
b2109,179|183|66|53|54,question,en,0.0,1.0,0.5,0.5
b2110,179|184|65|52|56|54,question,en,0.0,1.0,0.5,0.5
b2111,64|182|52|56|54,question,en,0.0,1.0,0.5,0.5
b2112,183|53|60|52|55,question,en,0.0,1.0,0.5,0.5
b2113,179|53|64|181|54|52,question,en,0.0,1.0,0.5,0.5
b2114,179|183|67|52|56|54,question,en,0.0,1.0,0.5,0.5
b1777,53|182|181|55|54,question,en,0.0,1.0,0.5,0.5
b1779,52|183|184|55,question,en,0.0,1.0,0.5,0.5
b1781,183|184|52|56|54,question,en,0.0,1.0,0.5,0.5
b1783,53|182|181|55|52,question,en,0.0,1.0,0.5,0.5
b1785,179|182|181|54|52,question,en,0.0,1.0,0.5,0.5
b1786,179|53|182|181|52,question,en,0.0,1.0,0.5,0.5
b5170,134|119|77|143,question,en,0.0,1.0,0.5,0.5
b5171,134|120|77|143,question,en,0.0,1.0,0.5,0.5
b5172,76|134|143|78,question,en,0.0,1.0,0.5,0.5
b5173,179|74|77|143|120,question,en,0.0,1.0,0.5,0.5
b5174,179|77|74|143|120,question,en,0.0,1.0,0.5,0.5
b5175,134|120|77|143,question,en,0.0,1.0,0.5,0.5
b5176,179|74|77|143|120,question,en,0.0,1.0,0.5,0.5
b5177,179|85|76|74|143,question,en,0.0,1.0,0.5,0.5
b5178,85|119|77|143,question,en,0.0,1.0,0.5,0.5
b5179,76|130|74|143,question,en,0.0,1.0,0.5,0.5
b5180,179|85|74|143|120,question,en,0.0,1.0,0.5,0.5
b5181,179|76|77|80|143,question,en,0.0,1.0,0.5,0.5
b5182,85|80|77|143,question,en,0.0,1.0,0.5,0.5
b5183,179|86|143|78|120,question,en,0.0,1.0,0.5,0.5
b7939,142|85|74|143,question,en,0.0,1.0,0.5,0.5
b7940,86|76|83|143,question,en,0.0,1.0,0.5,0.5
b7941,96|83|74|143,question,en,0.0,1.0,0.5,0.5
b7942,85|118|88|143,question,en,0.0,1.0,0.5,0.5
b7943,98|124|77|143,question,en,0.0,1.0,0.5,0.5
b7944,86|76|117|143,question,en,0.0,1.0,0.5,0.5
b7945,71|120|110|143,question,en,0.0,1.0,0.5,0.5
b7946,84|74|77|143,question,en,0.0,1.0,0.5,0.5
b7947,85|71|90|143,question,en,0.0,1.0,0.5,0.5
b7948,76|132|73|143,question,en,0.0,1.0,0.5,0.5
b4676,88,question,en,0.0,1.0,0.5,0.5
b4679,89,question,en,0.0,1.0,0.5,0.5
b4680,74,question,en,0.0,1.0,0.5,0.5
b4681,78,question,en,0.0,1.0,0.5,0.5
b4683,85,question,en,0.0,1.0,0.5,0.5
b4684,90,question,en,0.0,1.0,0.5,0.5
b4685,74,question,en,0.0,1.0,0.5,0.5
b4686,77,question,en,0.0,1.0,0.5,0.5
b4687,84,question,en,0.0,1.0,0.5,0.5
b4688,91,question,en,0.0,1.0,0.5,0.5
b4690,78,question,en,0.0,1.0,0.5,0.5
b4692,92,question,en,0.0,1.0,0.5,0.5
b4694,80,question,en,0.0,1.0,0.5,0.5
b4695,93,question,en,0.0,1.0,0.5,0.5
b4696,94,question,en,0.0,1.0,0.5,0.5
b4697,74,question,en,0.0,1.0,0.5,0.5
b4698,85,question,en,0.0,1.0,0.5,0.5
b4699,71,question,en,0.0,1.0,0.5,0.5
b4701,84,question,en,0.0,1.0,0.5,0.5
b4702,95,question,en,0.0,1.0,0.5,0.5
b4703,96,question,en,0.0,1.0,0.5,0.5
b4705,77,question,en,0.0,1.0,0.5,0.5
b4707,97,question,en,0.0,1.0,0.5,0.5
b4708,98,question,en,0.0,1.0,0.5,0.5
b4709,99,question,en,0.0,1.0,0.5,0.5
b4711,85,question,en,0.0,1.0,0.5,0.5
b4713,80,question,en,0.0,1.0,0.5,0.5
b5328,148|167|177|153|149|168,question,en,0.0,1.0,0.5,0.5
b5329,167|177|156|153|149|168,question,en,0.0,1.0,0.5,0.5
b5330,148|167|177|153|149|168,question,en,0.0,1.0,0.5,0.5
b5331,148|167|177|156|149|168,question,en,0.0,1.0,0.5,0.5
b5332,167|177|156|153|149|168,question,en,0.0,1.0,0.5,0.5
b5110,84|77|143,question,en,0.0,1.0,0.5,0.5
b5111,179|74|84|143|106,question,en,0.0,1.0,0.5,0.5
b5112,85|135|78|143,question,en,0.0,1.0,0.5,0.5
b5113,129|73|77|143,question,en,0.0,1.0,0.5,0.5
b710,28|179|183|184|29,question,en,0.0,1.0,0.5,0.5
b713,39|184|185|38,question,en,0.0,1.0,0.5,0.5
b714,183|24|30|185|33,question,en,0.0,1.0,0.5,0.5
b716,184|185|26|24,question,en,0.0,1.0,0.5,0.5
b717,183|184|31|32|30,question,en,0.0,1.0,0.5,0.5
b718,183|31|32|185,question,en,0.0,1.0,0.5,0.5
b720,28|29|181|183,question,en,0.0,1.0,0.5,0.5
b721,179|42|34|185|181,question,en,0.0,1.0,0.5,0.5
b722,24|51|185|181|33,question,en,0.0,1.0,0.5,0.5
b726,183|47|185|46,question,en,0.0,1.0,0.5,0.5
b727,183|185|26|24,question,en,0.0,1.0,0.5,0.5
b729,183|27|181|36|37,question,en,0.0,1.0,0.5,0.5
b731,184|185|24|43,question,en,0.0,1.0,0.5,0.5
b734,181|44|45|183,question,en,0.0,1.0,0.5,0.5
b735,39|183|185|38,question,en,0.0,1.0,0.5,0.5
b736,183|184|24|40,question,en,0.0,1.0,0.5,0.5
b1470,183|53|57|182|52,question,en,0.0,1.0,0.5,0.5
b1471,52|57|181|182,question,en,0.0,1.0,0.5,0.5
b1472,179|57|182|181|56|52,question,en,0.0,1.0,0.5,0.5
b1473,183|53|57|182|54,question,en,0.0,1.0,0.5,0.5
b1474,179|184|57|181|56|55,question,en,0.0,1.0,0.5,0.5
b1475,183|57|182|55|56,question,en,0.0,1.0,0.5,0.5
b1476,57|182|181|56|55,question,en,0.0,1.0,0.5,0.5
b1477,179|53|57|182|181|54,question,en,0.0,1.0,0.5,0.5
b1478,179|184|53|57|181|55,question,en,0.0,1.0,0.5,0.5
b1479,183|53|57|182|54,question,en,0.0,1.0,0.5,0.5
b768,184|31|32|185,question,en,0.0,1.0,0.5,0.5
b776,24|23|185|181|33,question,en,0.0,1.0,0.5,0.5
b777,181|185|24|40,question,en,0.0,1.0,0.5,0.5
b780,28|185|32|183,question,en,0.0,1.0,0.5,0.5
b782,183|185|24|43,question,en,0.0,1.0,0.5,0.5
b783,179|24|26|185|181,question,en,0.0,1.0,0.5,0.5
b784,181|184|24|25,question,en,0.0,1.0,0.5,0.5
b785,184|185|26|24,question,en,0.0,1.0,0.5,0.5
b786,181|185|33|24,question,en,0.0,1.0,0.5,0.5
b787,183|184|38|39|30,question,en,0.0,1.0,0.5,0.5
b789,179|183|31|32|185,question,en,0.0,1.0,0.5,0.5
b790,183|27|24|40|185,question,en,0.0,1.0,0.5,0.5
b792,28|183|184|35,question,en,0.0,1.0,0.5,0.5
b2470,76,question,en,0.0,1.0,0.5,0.5
b2471,76,question,en,0.0,1.0,0.5,0.5
b2473,76,question,en,0.0,1.0,0.5,0.5
b2475,76,question,en,0.0,1.0,0.5,0.5
b2476,76,question,en,0.0,1.0,0.5,0.5
b2477,76,question,en,0.0,1.0,0.5,0.5
b2478,76,question,en,0.0,1.0,0.5,0.5
b2479,76,question,en,0.0,1.0,0.5,0.5
b2480,76,question,en,0.0,1.0,0.5,0.5
b2481,76,question,en,0.0,1.0,0.5,0.5
b2482,76,question,en,0.0,1.0,0.5,0.5
b2483,76,question,en,0.0,1.0,0.5,0.5
b2484,76,question,en,0.0,1.0,0.5,0.5
b2485,76,question,en,0.0,1.0,0.5,0.5
b2487,76,question,en,0.0,1.0,0.5,0.5
b2488,76,question,en,0.0,1.0,0.5,0.5
b2495,83,question,en,0.0,1.0,0.5,0.5
b2496,83,question,en,0.0,1.0,0.5,0.5
b2497,83,question,en,0.0,1.0,0.5,0.5
b2498,83,question,en,0.0,1.0,0.5,0.5
b2499,83,question,en,0.0,1.0,0.5,0.5
b2500,83,question,en,0.0,1.0,0.5,0.5
b2501,83,question,en,0.0,1.0,0.5,0.5
b2502,83,question,en,0.0,1.0,0.5,0.5
b2504,83,question,en,0.0,1.0,0.5,0.5
b2507,83,question,en,0.0,1.0,0.5,0.5
b2508,83,question,en,0.0,1.0,0.5,0.5
b2510,83,question,en,0.0,1.0,0.5,0.5
b2512,83,question,en,0.0,1.0,0.5,0.5
b2513,83,question,en,0.0,1.0,0.5,0.5
b2514,83,question,en,0.0,1.0,0.5,0.5
b11578,107,question,en,0.0,1.0,0.5,0.5
b11579,76,question,en,0.0,1.0,0.5,0.5
b11580,86,question,en,0.0,1.0,0.5,0.5
b11581,74,question,en,0.0,1.0,0.5,0.5
b11582,75,question,en,0.0,1.0,0.5,0.5
b11583,83,question,en,0.0,1.0,0.5,0.5
b11584,71,question,en,0.0,1.0,0.5,0.5
b11585,76,question,en,0.0,1.0,0.5,0.5
b11586,138,question,en,0.0,1.0,0.5,0.5
b11587,105,question,en,0.0,1.0,0.5,0.5
b11588,71,question,en,0.0,1.0,0.5,0.5
b11589,76,question,en,0.0,1.0,0.5,0.5
b11590,77,question,en,0.0,1.0,0.5,0.5
b11591,98,question,en,0.0,1.0,0.5,0.5
b11592,85,question,en,0.0,1.0,0.5,0.5
b11593,135,question,en,0.0,1.0,0.5,0.5
b11594,83,question,en,0.0,1.0,0.5,0.5
b11595,85,question,en,0.0,1.0,0.5,0.5
b11596,98,question,en,0.0,1.0,0.5,0.5
b11597,80,question,en,0.0,1.0,0.5,0.5
b11598,77,question,en,0.0,1.0,0.5,0.5
b11599,85,question,en,0.0,1.0,0.5,0.5
b11600,71,question,en,0.0,1.0,0.5,0.5
b11601,133,question,en,0.0,1.0,0.5,0.5
b11602,86,question,en,0.0,1.0,0.5,0.5
b11603,105,question,en,0.0,1.0,0.5,0.5
b11604,77,question,en,0.0,1.0,0.5,0.5
b11605,88,question,en,0.0,1.0,0.5,0.5
b11606,98,question,en,0.0,1.0,0.5,0.5
b11607,74,question,en,0.0,1.0,0.5,0.5
b1877,52|183|60|53,question,en,0.0,1.0,0.5,0.5
b1878,53|63|181|54|52,question,en,0.0,1.0,0.5,0.5
b1880,184|53|60|52|54,question,en,0.0,1.0,0.5,0.5
b1881,179|53|64|185|52|54,question,en,0.0,1.0,0.5,0.5
b1882,59|181|56|54|52,question,en,0.0,1.0,0.5,0.5
b1883,53|64|185|55|56,question,en,0.0,1.0,0.5,0.5
b1884,183|53|60|52|54,question,en,0.0,1.0,0.5,0.5
b1886,179|183|53|64|52|55,question,en,0.0,1.0,0.5,0.5
b2804,89,question,en,0.0,1.0,0.5,0.5
b2805,85,question,en,0.0,1.0,0.5,0.5
b2806,74,question,en,0.0,1.0,0.5,0.5
b2807,103,question,en,0.0,1.0,0.5,0.5
b2808,135,question,en,0.0,1.0,0.5,0.5
b2809,73,question,en,0.0,1.0,0.5,0.5
b2810,74,question,en,0.0,1.0,0.5,0.5
b2811,74,question,en,0.0,1.0,0.5,0.5
b2812,83,question,en,0.0,1.0,0.5,0.5
b2813,76,question,en,0.0,1.0,0.5,0.5
b2814,129,question,en,0.0,1.0,0.5,0.5
b2815,83,question,en,0.0,1.0,0.5,0.5
b2816,85,question,en,0.0,1.0,0.5,0.5
b2817,119,question,en,0.0,1.0,0.5,0.5
b2818,84,question,en,0.0,1.0,0.5,0.5
b2819,80,question,en,0.0,1.0,0.5,0.5
b2820,94,question,en,0.0,1.0,0.5,0.5
b2821,78,question,en,0.0,1.0,0.5,0.5
b2822,103,question,en,0.0,1.0,0.5,0.5
b2823,84,question,en,0.0,1.0,0.5,0.5
b2824,83,question,en,0.0,1.0,0.5,0.5
b2825,85,question,en,0.0,1.0,0.5,0.5
b2826,119,question,en,0.0,1.0,0.5,0.5
b2827,85,question,en,0.0,1.0,0.5,0.5
b2828,94,question,en,0.0,1.0,0.5,0.5
b2829,125,question,en,0.0,1.0,0.5,0.5
b2830,80,question,en,0.0,1.0,0.5,0.5
b2831,82,question,en,0.0,1.0,0.5,0.5
b2832,138,question,en,0.0,1.0,0.5,0.5
b2833,77,question,en,0.0,1.0,0.5,0.5
b2835,77,question,en,0.0,1.0,0.5,0.5
b2836,113,question,en,0.0,1.0,0.5,0.5
b2837,74,question,en,0.0,1.0,0.5,0.5
b2838,83,question,en,0.0,1.0,0.5,0.5
b2839,83,question,en,0.0,1.0,0.5,0.5
b2840,114,question,en,0.0,1.0,0.5,0.5
b2841,98,question,en,0.0,1.0,0.5,0.5
b2842,86,question,en,0.0,1.0,0.5,0.5
b2843,77,question,en,0.0,1.0,0.5,0.5
b6926,119,question,en,0.0,1.0,0.5,0.5
b6927,119,question,en,0.0,1.0,0.5,0.5
b6928,120,question,en,0.0,1.0,0.5,0.5
b6929,125,question,en,0.0,1.0,0.5,0.5
b6930,95,question,en,0.0,1.0,0.5,0.5
b6931,119,question,en,0.0,1.0,0.5,0.5
b6932,119,question,en,0.0,1.0,0.5,0.5
b6934,119,question,en,0.0,1.0,0.5,0.5
b6939,119,question,en,0.0,1.0,0.5,0.5
b6942,119,question,en,0.0,1.0,0.5,0.5
b6943,119,question,en,0.0,1.0,0.5,0.5
b6945,73,question,en,0.0,1.0,0.5,0.5
b6947,119,question,en,0.0,1.0,0.5,0.5
b6949,121,question,en,0.0,1.0,0.5,0.5
b6950,95,question,en,0.0,1.0,0.5,0.5
b6951,119,question,en,0.0,1.0,0.5,0.5
b6952,119,question,en,0.0,1.0,0.5,0.5
b6953,119,question,en,0.0,1.0,0.5,0.5
b6954,119,question,en,0.0,1.0,0.5,0.5
b6957,89,question,en,0.0,1.0,0.5,0.5
b6958,87,question,en,0.0,1.0,0.5,0.5
b6959,73,question,en,0.0,1.0,0.5,0.5
b6960,119,question,en,0.0,1.0,0.5,0.5
b6961,119,question,en,0.0,1.0,0.5,0.5
b6962,119,question,en,0.0,1.0,0.5,0.5
b6963,89,question,en,0.0,1.0,0.5,0.5
b6965,119,question,en,0.0,1.0,0.5,0.5
b6967,119,question,en,0.0,1.0,0.5,0.5
b6968,119,question,en,0.0,1.0,0.5,0.5
b6969,119,question,en,0.0,1.0,0.5,0.5
b6970,119,question,en,0.0,1.0,0.5,0.5
b6971,119,question,en,0.0,1.0,0.5,0.5
b6972,87,question,en,0.0,1.0,0.5,0.5
b1987,70|181|56|55|54,question,en,0.0,1.0,0.5,0.5
b1988,52|182|53|63,question,en,0.0,1.0,0.5,0.5
b1989,52|56|183|64,question,en,0.0,1.0,0.5,0.5
b1990,183|53|57|60|55,question,en,0.0,1.0,0.5,0.5
b1991,53|57|59|181|52,question,en,0.0,1.0,0.5,0.5
b1992,52|56|182|59,question,en,0.0,1.0,0.5,0.5
b1993,57|64|181|56|54,question,en,0.0,1.0,0.5,0.5
b1994,182|59|52|56|55,question,en,0.0,1.0,0.5,0.5
b1995,183|59|55|56|58,question,en,0.0,1.0,0.5,0.5
b1996,58|60|181|55|52,question,en,0.0,1.0,0.5,0.5
b2999,108,question,en,0.0,1.0,0.5,0.5
b3000,108,question,en,0.0,1.0,0.5,0.5
b3001,109,question,en,0.0,1.0,0.5,0.5
b3002,109,question,en,0.0,1.0,0.5,0.5
b3003,107,question,en,0.0,1.0,0.5,0.5
b3004,107,question,en,0.0,1.0,0.5,0.5
b3005,109,question,en,0.0,1.0,0.5,0.5
b3006,110,question,en,0.0,1.0,0.5,0.5
b3007,107,question,en,0.0,1.0,0.5,0.5
b3008,111,question,en,0.0,1.0,0.5,0.5
b3009,107,question,en,0.0,1.0,0.5,0.5
b3010,112,question,en,0.0,1.0,0.5,0.5
b3011,99,question,en,0.0,1.0,0.5,0.5
b3012,99,question,en,0.0,1.0,0.5,0.5
b3013,99,question,en,0.0,1.0,0.5,0.5
b3014,92,question,en,0.0,1.0,0.5,0.5
b3015,113,question,en,0.0,1.0,0.5,0.5
b3016,81,question,en,0.0,1.0,0.5,0.5
b3017,81,question,en,0.0,1.0,0.5,0.5
b3018,80,question,en,0.0,1.0,0.5,0.5
b3019,114,question,en,0.0,1.0,0.5,0.5
b3020,92,question,en,0.0,1.0,0.5,0.5
b3021,114,question,en,0.0,1.0,0.5,0.5
b3022,115,question,en,0.0,1.0,0.5,0.5
b3023,115,question,en,0.0,1.0,0.5,0.5
b3024,116,question,en,0.0,1.0,0.5,0.5
b3025,116,question,en,0.0,1.0,0.5,0.5
b3026,114,question,en,0.0,1.0,0.5,0.5
b3027,114,question,en,0.0,1.0,0.5,0.5
b3029,117,question,en,0.0,1.0,0.5,0.5
b3030,117,question,en,0.0,1.0,0.5,0.5
b3031,117,question,en,0.0,1.0,0.5,0.5
b3032,117,question,en,0.0,1.0,0.5,0.5
b3033,74,question,en,0.0,1.0,0.5,0.5
b3034,74,question,en,0.0,1.0,0.5,0.5
b3035,74,question,en,0.0,1.0,0.5,0.5
b3036,74,question,en,0.0,1.0,0.5,0.5
b3037,75,question,en,0.0,1.0,0.5,0.5
b3038,74,question,en,0.0,1.0,0.5,0.5
b3039,88,question,en,0.0,1.0,0.5,0.5
b3040,75,question,en,0.0,1.0,0.5,0.5
b3041,118,question,en,0.0,1.0,0.5,0.5
b3042,118,question,en,0.0,1.0,0.5,0.5
b3043,93,question,en,0.0,1.0,0.5,0.5
b3044,93,question,en,0.0,1.0,0.5,0.5
b3045,93,question,en,0.0,1.0,0.5,0.5
b3046,79,question,en,0.0,1.0,0.5,0.5
b3047,93,question,en,0.0,1.0,0.5,0.5
b3048,79,question,en,0.0,1.0,0.5,0.5
b3049,79,question,en,0.0,1.0,0.5,0.5
b3050,79,question,en,0.0,1.0,0.5,0.5
b3051,117,question,en,0.0,1.0,0.5,0.5
b3052,117,question,en,0.0,1.0,0.5,0.5
b3053,73,question,en,0.0,1.0,0.5,0.5
b3054,90,question,en,0.0,1.0,0.5,0.5
b3055,119,question,en,0.0,1.0,0.5,0.5
b3056,120,question,en,0.0,1.0,0.5,0.5
b3057,121,question,en,0.0,1.0,0.5,0.5
b3058,95,question,en,0.0,1.0,0.5,0.5
b3059,122,question,en,0.0,1.0,0.5,0.5
b3060,123,question,en,0.0,1.0,0.5,0.5
b3061,123,question,en,0.0,1.0,0.5,0.5
b3062,124,question,en,0.0,1.0,0.5,0.5
b3063,85,question,en,0.0,1.0,0.5,0.5
b3065,125,question,en,0.0,1.0,0.5,0.5
b3066,85,question,en,0.0,1.0,0.5,0.5
b3067,126,question,en,0.0,1.0,0.5,0.5
b3068,126,question,en,0.0,1.0,0.5,0.5
b3069,72,question,en,0.0,1.0,0.5,0.5
b3070,72,question,en,0.0,1.0,0.5,0.5
b3072,128,question,en,0.0,1.0,0.5,0.5
b3073,129,question,en,0.0,1.0,0.5,0.5
b3074,129,question,en,0.0,1.0,0.5,0.5
b3075,129,question,en,0.0,1.0,0.5,0.5
b3076,94,question,en,0.0,1.0,0.5,0.5
b3077,129,question,en,0.0,1.0,0.5,0.5
b3078,119,question,en,0.0,1.0,0.5,0.5
b3079,80,question,en,0.0,1.0,0.5,0.5
b3080,80,question,en,0.0,1.0,0.5,0.5
b3081,80,question,en,0.0,1.0,0.5,0.5
b3082,119,question,en,0.0,1.0,0.5,0.5
b3083,80,question,en,0.0,1.0,0.5,0.5
b3084,130,question,en,0.0,1.0,0.5,0.5
b3085,130,question,en,0.0,1.0,0.5,0.5
b3086,130,question,en,0.0,1.0,0.5,0.5
b3087,130,question,en,0.0,1.0,0.5,0.5
b3088,100,question,en,0.0,1.0,0.5,0.5
b3089,100,question,en,0.0,1.0,0.5,0.5
b3090,102,question,en,0.0,1.0,0.5,0.5
b3091,102,question,en,0.0,1.0,0.5,0.5
b3092,101,question,en,0.0,1.0,0.5,0.5
b3093,101,question,en,0.0,1.0,0.5,0.5
b3094,71,question,en,0.0,1.0,0.5,0.5
b3095,129,question,en,0.0,1.0,0.5,0.5
b3096,131,question,en,0.0,1.0,0.5,0.5
b3097,131,question,en,0.0,1.0,0.5,0.5
b3105,85,question,en,0.0,1.0,0.5,0.5
b3112,84,question,en,0.0,1.0,0.5,0.5
b3113,84,question,en,0.0,1.0,0.5,0.5
b3114,132,question,en,0.0,1.0,0.5,0.5
b3116,74,question,en,0.0,1.0,0.5,0.5
b3117,74,question,en,0.0,1.0,0.5,0.5
b3118,74,question,en,0.0,1.0,0.5,0.5
b3119,74,question,en,0.0,1.0,0.5,0.5
b3120,74,question,en,0.0,1.0,0.5,0.5
b3121,74,question,en,0.0,1.0,0.5,0.5
b3122,74,question,en,0.0,1.0,0.5,0.5
b3123,117,question,en,0.0,1.0,0.5,0.5
b3124,133,question,en,0.0,1.0,0.5,0.5
b3125,133,question,en,0.0,1.0,0.5,0.5
b3126,78,question,en,0.0,1.0,0.5,0.5
b3127,83,question,en,0.0,1.0,0.5,0.5
b3128,134,question,en,0.0,1.0,0.5,0.5
b3129,134,question,en,0.0,1.0,0.5,0.5
b3132,135,question,en,0.0,1.0,0.5,0.5
b3133,135,question,en,0.0,1.0,0.5,0.5
b3134,72,question,en,0.0,1.0,0.5,0.5
b3135,72,question,en,0.0,1.0,0.5,0.5
b3137,81,question,en,0.0,1.0,0.5,0.5
b3138,78,question,en,0.0,1.0,0.5,0.5
b3139,78,question,en,0.0,1.0,0.5,0.5
b3140,78,question,en,0.0,1.0,0.5,0.5
b3141,78,question,en,0.0,1.0,0.5,0.5
b3142,133,question,en,0.0,1.0,0.5,0.5
b3143,78,question,en,0.0,1.0,0.5,0.5
b3144,78,question,en,0.0,1.0,0.5,0.5
b3145,78,question,en,0.0,1.0,0.5,0.5
b3147,78,question,en,0.0,1.0,0.5,0.5
b3149,83,question,en,0.0,1.0,0.5,0.5
b3151,131,question,en,0.0,1.0,0.5,0.5
b3154,84,question,en,0.0,1.0,0.5,0.5
b3155,84,question,en,0.0,1.0,0.5,0.5
b3157,71,question,en,0.0,1.0,0.5,0.5
b3158,71,question,en,0.0,1.0,0.5,0.5
b3159,119,question,en,0.0,1.0,0.5,0.5
b3160,78,question,en,0.0,1.0,0.5,0.5
b3161,74,question,en,0.0,1.0,0.5,0.5
b5026,113,question,en,0.0,1.0,0.5,0.5
b5027,92,question,en,0.0,1.0,0.5,0.5
b5028,92,question,en,0.0,1.0,0.5,0.5
b5029,115,question,en,0.0,1.0,0.5,0.5
b5030,92,question,en,0.0,1.0,0.5,0.5
b5031,114,question,en,0.0,1.0,0.5,0.5
b5032,119,question,en,0.0,1.0,0.5,0.5
b5033,113,question,en,0.0,1.0,0.5,0.5
b5034,113,question,en,0.0,1.0,0.5,0.5
b5035,114,question,en,0.0,1.0,0.5,0.5
b5036,92,question,en,0.0,1.0,0.5,0.5
b5037,80,question,en,0.0,1.0,0.5,0.5
b5038,74,question,en,0.0,1.0,0.5,0.5
b5039,114,question,en,0.0,1.0,0.5,0.5
b5040,114,question,en,0.0,1.0,0.5,0.5
b5041,116,question,en,0.0,1.0,0.5,0.5
b5042,92,question,en,0.0,1.0,0.5,0.5
b5043,92,question,en,0.0,1.0,0.5,0.5
b5044,114,question,en,0.0,1.0,0.5,0.5
b5045,116,question,en,0.0,1.0,0.5,0.5
b5046,116,question,en,0.0,1.0,0.5,0.5
b5047,116,question,en,0.0,1.0,0.5,0.5
b5048,116,question,en,0.0,1.0,0.5,0.5
b5049,116,question,en,0.0,1.0,0.5,0.5
b5050,80,question,en,0.0,1.0,0.5,0.5
b5051,80,question,en,0.0,1.0,0.5,0.5
b5052,98,question,en,0.0,1.0,0.5,0.5
b5053,116,question,en,0.0,1.0,0.5,0.5
b5054,81,question,en,0.0,1.0,0.5,0.5
b5055,115,question,en,0.0,1.0,0.5,0.5
b4609,119,question,en,0.0,1.0,0.5,0.5
b4611,119,question,en,0.0,1.0,0.5,0.5
b4612,119,question,en,0.0,1.0,0.5,0.5
b4613,120,question,en,0.0,1.0,0.5,0.5
b4614,120,question,en,0.0,1.0,0.5,0.5
b4616,119,question,en,0.0,1.0,0.5,0.5
b4617,120,question,en,0.0,1.0,0.5,0.5
b4618,119,question,en,0.0,1.0,0.5,0.5
b4619,87,question,en,0.0,1.0,0.5,0.5
b4620,119,question,en,0.0,1.0,0.5,0.5
b4621,119,question,en,0.0,1.0,0.5,0.5
b4623,87,question,en,0.0,1.0,0.5,0.5
b4624,119,question,en,0.0,1.0,0.5,0.5
b4625,119,question,en,0.0,1.0,0.5,0.5
b4626,119,question,en,0.0,1.0,0.5,0.5
b4627,119,question,en,0.0,1.0,0.5,0.5
b4628,119,question,en,0.0,1.0,0.5,0.5
b4629,121,question,en,0.0,1.0,0.5,0.5
b4630,120,question,en,0.0,1.0,0.5,0.5
b4631,120,question,en,0.0,1.0,0.5,0.5
b4632,95,question,en,0.0,1.0,0.5,0.5
b4633,120,question,en,0.0,1.0,0.5,0.5
b4634,87,question,en,0.0,1.0,0.5,0.5
b4635,121,question,en,0.0,1.0,0.5,0.5
b4636,119,question,en,0.0,1.0,0.5,0.5
b4637,119,question,en,0.0,1.0,0.5,0.5
b4638,90,question,en,0.0,1.0,0.5,0.5
b4639,119,question,en,0.0,1.0,0.5,0.5
b4640,119,question,en,0.0,1.0,0.5,0.5
b4641,119,question,en,0.0,1.0,0.5,0.5
b4642,87,question,en,0.0,1.0,0.5,0.5
b4643,121,question,en,0.0,1.0,0.5,0.5
b4644,87,question,en,0.0,1.0,0.5,0.5
b4645,119,question,en,0.0,1.0,0.5,0.5
b4646,87,question,en,0.0,1.0,0.5,0.5
b4647,120,question,en,0.0,1.0,0.5,0.5
b4648,119,question,en,0.0,1.0,0.5,0.5
b4649,119,question,en,0.0,1.0,0.5,0.5
b4650,87,question,en,0.0,1.0,0.5,0.5
b4651,119,question,en,0.0,1.0,0.5,0.5
b4652,122,question,en,0.0,1.0,0.5,0.5
b4653,87,question,en,0.0,1.0,0.5,0.5
b4655,119,question,en,0.0,1.0,0.5,0.5
b4656,119,question,en,0.0,1.0,0.5,0.5
b4657,119,question,en,0.0,1.0,0.5,0.5
b4658,90,question,en,0.0,1.0,0.5,0.5
b4659,73,question,en,0.0,1.0,0.5,0.5
b4661,119,question,en,0.0,1.0,0.5,0.5
b4663,90,question,en,0.0,1.0,0.5,0.5
b4664,119,question,en,0.0,1.0,0.5,0.5
b4665,119,question,en,0.0,1.0,0.5,0.5
b4666,119,question,en,0.0,1.0,0.5,0.5
b4668,87,question,en,0.0,1.0,0.5,0.5
b4669,119,question,en,0.0,1.0,0.5,0.5
b4670,120,question,en,0.0,1.0,0.5,0.5
b4671,95,question,en,0.0,1.0,0.5,0.5
b4672,87,question,en,0.0,1.0,0.5,0.5
b4673,87,question,en,0.0,1.0,0.5,0.5
b4674,121,question,en,0.0,1.0,0.5,0.5
b7408,76,question,en,0.0,1.0,0.5,0.5
b7409,76,question,en,0.0,1.0,0.5,0.5
b7411,76,question,en,0.0,1.0,0.5,0.5
b7414,76,question,en,0.0,1.0,0.5,0.5
b7415,76,question,en,0.0,1.0,0.5,0.5
b7417,76,question,en,0.0,1.0,0.5,0.5
b7418,76,question,en,0.0,1.0,0.5,0.5
b7420,76,question,en,0.0,1.0,0.5,0.5
b7422,76,question,en,0.0,1.0,0.5,0.5
b7424,76,question,en,0.0,1.0,0.5,0.5
b7432,83,question,en,0.0,1.0,0.5,0.5
b7433,83,question,en,0.0,1.0,0.5,0.5
b7437,83,question,en,0.0,1.0,0.5,0.5
b7439,83,question,en,0.0,1.0,0.5,0.5
b7442,83,question,en,0.0,1.0,0.5,0.5
b7443,83,question,en,0.0,1.0,0.5,0.5
b7445,83,question,en,0.0,1.0,0.5,0.5
b7451,83,question,en,0.0,1.0,0.5,0.5
b2433,83,question,en,0.0,1.0,0.5,0.5
b2434,83,question,en,0.0,1.0,0.5,0.5
b2437,83,question,en,0.0,1.0,0.5,0.5
b2450,76,question,en,0.0,1.0,0.5,0.5
b2459,85,question,en,0.0,1.0,0.5,0.5
b4986,88,question,en,0.0,1.0,0.5,0.5
b4987,98,question,en,0.0,1.0,0.5,0.5
b4988,86,question,en,0.0,1.0,0.5,0.5
b4989,71,question,en,0.0,1.0,0.5,0.5
b4991,86,question,en,0.0,1.0,0.5,0.5
b4992,71,question,en,0.0,1.0,0.5,0.5
b4994,83,question,en,0.0,1.0,0.5,0.5
b4995,86,question,en,0.0,1.0,0.5,0.5
b4996,74,question,en,0.0,1.0,0.5,0.5
b4997,129,question,en,0.0,1.0,0.5,0.5
b4998,91,question,en,0.0,1.0,0.5,0.5
b5000,119,question,en,0.0,1.0,0.5,0.5
b5001,81,question,en,0.0,1.0,0.5,0.5
b5002,86,question,en,0.0,1.0,0.5,0.5
b5003,74,question,en,0.0,1.0,0.5,0.5
b5006,119,question,en,0.0,1.0,0.5,0.5
b5007,71,question,en,0.0,1.0,0.5,0.5
b5009,83,question,en,0.0,1.0,0.5,0.5
b5010,85,question,en,0.0,1.0,0.5,0.5
b5013,77,question,en,0.0,1.0,0.5,0.5
b5014,77,question,en,0.0,1.0,0.5,0.5
b5015,78,question,en,0.0,1.0,0.5,0.5
b5017,86,question,en,0.0,1.0,0.5,0.5
b5018,105,question,en,0.0,1.0,0.5,0.5
b5019,80,question,en,0.0,1.0,0.5,0.5
b5021,98,question,en,0.0,1.0,0.5,0.5
b5023,130,question,en,0.0,1.0,0.5,0.5
b5024,71,question,en,0.0,1.0,0.5,0.5
b5025,85,question,en,0.0,1.0,0.5,0.5
b4948,88,question,en,0.0,1.0,0.5,0.5
b4949,96,question,en,0.0,1.0,0.5,0.5
b4950,85,question,en,0.0,1.0,0.5,0.5
b4954,71,question,en,0.0,1.0,0.5,0.5
b4955,92,question,en,0.0,1.0,0.5,0.5
b4956,74,question,en,0.0,1.0,0.5,0.5
b4958,84,question,en,0.0,1.0,0.5,0.5
b4960,85,question,en,0.0,1.0,0.5,0.5
b4961,74,question,en,0.0,1.0,0.5,0.5
b4962,77,question,en,0.0,1.0,0.5,0.5
b4963,88,question,en,0.0,1.0,0.5,0.5
b4964,71,question,en,0.0,1.0,0.5,0.5
b4965,103,question,en,0.0,1.0,0.5,0.5
b4966,98,question,en,0.0,1.0,0.5,0.5
b4967,78,question,en,0.0,1.0,0.5,0.5
b4969,83,question,en,0.0,1.0,0.5,0.5
b4971,86,question,en,0.0,1.0,0.5,0.5
b4972,94,question,en,0.0,1.0,0.5,0.5
b4973,133,question,en,0.0,1.0,0.5,0.5
b4974,71,question,en,0.0,1.0,0.5,0.5
b4975,94,question,en,0.0,1.0,0.5,0.5
b4976,77,question,en,0.0,1.0,0.5,0.5
b4978,85,question,en,0.0,1.0,0.5,0.5
b4980,85,question,en,0.0,1.0,0.5,0.5
b4981,74,question,en,0.0,1.0,0.5,0.5
b4983,71,question,en,0.0,1.0,0.5,0.5
b4984,106,question,en,0.0,1.0,0.5,0.5
b4985,105,question,en,0.0,1.0,0.5,0.5
b2282,86,question,en,0.0,1.0,0.5,0.5
b2283,86,question,en,0.0,1.0,0.5,0.5
b2284,106,question,en,0.0,1.0,0.5,0.5
b2285,86,question,en,0.0,1.0,0.5,0.5
b2286,106,question,en,0.0,1.0,0.5,0.5
b2287,82,question,en,0.0,1.0,0.5,0.5
b2288,96,question,en,0.0,1.0,0.5,0.5
b2289,86,question,en,0.0,1.0,0.5,0.5
b2291,103,question,en,0.0,1.0,0.5,0.5
b2292,86,question,en,0.0,1.0,0.5,0.5
b2293,106,question,en,0.0,1.0,0.5,0.5
b2294,86,question,en,0.0,1.0,0.5,0.5
b2295,96,question,en,0.0,1.0,0.5,0.5
b2296,86,question,en,0.0,1.0,0.5,0.5
b2297,86,question,en,0.0,1.0,0.5,0.5
b2298,106,question,en,0.0,1.0,0.5,0.5
b2299,86,question,en,0.0,1.0,0.5,0.5
b2300,106,question,en,0.0,1.0,0.5,0.5
b2301,86,question,en,0.0,1.0,0.5,0.5
b2302,72,question,en,0.0,1.0,0.5,0.5
b2303,86,question,en,0.0,1.0,0.5,0.5
b2304,106,question,en,0.0,1.0,0.5,0.5
b2305,86,question,en,0.0,1.0,0.5,0.5
b2306,136,question,en,0.0,1.0,0.5,0.5
b2307,96,question,en,0.0,1.0,0.5,0.5
b2308,82,question,en,0.0,1.0,0.5,0.5
b2309,103,question,en,0.0,1.0,0.5,0.5
b2310,86,question,en,0.0,1.0,0.5,0.5
b2311,106,question,en,0.0,1.0,0.5,0.5
b2312,96,question,en,0.0,1.0,0.5,0.5
b2313,86,question,en,0.0,1.0,0.5,0.5
b2314,103,question,en,0.0,1.0,0.5,0.5
b2315,106,question,en,0.0,1.0,0.5,0.5
b2316,106,question,en,0.0,1.0,0.5,0.5
b2317,82,question,en,0.0,1.0,0.5,0.5
b2318,86,question,en,0.0,1.0,0.5,0.5
b2319,106,question,en,0.0,1.0,0.5,0.5
b2320,136,question,en,0.0,1.0,0.5,0.5
b2321,86,question,en,0.0,1.0,0.5,0.5
b2322,86,question,en,0.0,1.0,0.5,0.5
b2323,82,question,en,0.0,1.0,0.5,0.5
b2324,82,question,en,0.0,1.0,0.5,0.5
b2325,82,question,en,0.0,1.0,0.5,0.5
b2326,106,question,en,0.0,1.0,0.5,0.5
b2327,86,question,en,0.0,1.0,0.5,0.5
b2328,86,question,en,0.0,1.0,0.5,0.5
b2329,86,question,en,0.0,1.0,0.5,0.5
b2330,86,question,en,0.0,1.0,0.5,0.5
b2331,106,question,en,0.0,1.0,0.5,0.5
b2332,86,question,en,0.0,1.0,0.5,0.5
b2333,82,question,en,0.0,1.0,0.5,0.5
b2334,86,question,en,0.0,1.0,0.5,0.5
b2335,96,question,en,0.0,1.0,0.5,0.5
b2336,86,question,en,0.0,1.0,0.5,0.5
b2337,103,question,en,0.0,1.0,0.5,0.5
b2338,86,question,en,0.0,1.0,0.5,0.5
b2339,86,question,en,0.0,1.0,0.5,0.5
b2340,103,question,en,0.0,1.0,0.5,0.5
b2342,86,question,en,0.0,1.0,0.5,0.5
b2343,103,question,en,0.0,1.0,0.5,0.5
b2344,72,question,en,0.0,1.0,0.5,0.5
b2345,86,question,en,0.0,1.0,0.5,0.5
b2346,86,question,en,0.0,1.0,0.5,0.5
b2347,103,question,en,0.0,1.0,0.5,0.5
b2348,86,question,en,0.0,1.0,0.5,0.5
b2349,106,question,en,0.0,1.0,0.5,0.5
b2350,106,question,en,0.0,1.0,0.5,0.5
b2351,103,question,en,0.0,1.0,0.5,0.5
b2353,86,question,en,0.0,1.0,0.5,0.5
b2354,86,question,en,0.0,1.0,0.5,0.5
b2355,86,question,en,0.0,1.0,0.5,0.5
b2356,86,question,en,0.0,1.0,0.5,0.5
b2357,86,question,en,0.0,1.0,0.5,0.5
b2358,96,question,en,0.0,1.0,0.5,0.5
b2360,103,question,en,0.0,1.0,0.5,0.5
b2361,82,question,en,0.0,1.0,0.5,0.5
b2362,106,question,en,0.0,1.0,0.5,0.5
b2363,96,question,en,0.0,1.0,0.5,0.5
b2364,86,question,en,0.0,1.0,0.5,0.5
b2365,82,question,en,0.0,1.0,0.5,0.5
b2366,86,question,en,0.0,1.0,0.5,0.5
b2367,86,question,en,0.0,1.0,0.5,0.5
b2368,86,question,en,0.0,1.0,0.5,0.5
b2369,86,question,en,0.0,1.0,0.5,0.5
b2370,103,question,en,0.0,1.0,0.5,0.5
b2371,82,question,en,0.0,1.0,0.5,0.5
b2372,86,question,en,0.0,1.0,0.5,0.5
b2373,106,question,en,0.0,1.0,0.5,0.5
b2374,106,question,en,0.0,1.0,0.5,0.5
b2375,106,question,en,0.0,1.0,0.5,0.5
b2376,106,question,en,0.0,1.0,0.5,0.5
b2377,106,question,en,0.0,1.0,0.5,0.5
b2378,86,question,en,0.0,1.0,0.5,0.5
b2379,82,question,en,0.0,1.0,0.5,0.5
b2380,82,question,en,0.0,1.0,0.5,0.5
b5894,85,question,en,0.0,1.0,0.5,0.5
b5895,85,question,en,0.0,1.0,0.5,0.5
b5897,85,question,en,0.0,1.0,0.5,0.5
b5898,85,question,en,0.0,1.0,0.5,0.5
b5899,85,question,en,0.0,1.0,0.5,0.5
b5901,85,question,en,0.0,1.0,0.5,0.5
b5903,85,question,en,0.0,1.0,0.5,0.5
b5904,85,question,en,0.0,1.0,0.5,0.5
b5905,85,question,en,0.0,1.0,0.5,0.5
b5909,85,question,en,0.0,1.0,0.5,0.5
b5910,85,question,en,0.0,1.0,0.5,0.5
b5912,85,question,en,0.0,1.0,0.5,0.5
b5913,85,question,en,0.0,1.0,0.5,0.5
b5914,85,question,en,0.0,1.0,0.5,0.5
b5916,85,question,en,0.0,1.0,0.5,0.5
b5918,77,question,en,0.0,1.0,0.5,0.5
b5919,77,question,en,0.0,1.0,0.5,0.5
b5923,77,question,en,0.0,1.0,0.5,0.5
b5924,77,question,en,0.0,1.0,0.5,0.5
b5926,77,question,en,0.0,1.0,0.5,0.5
b5927,77,question,en,0.0,1.0,0.5,0.5
b5930,77,question,en,0.0,1.0,0.5,0.5
b5931,77,question,en,0.0,1.0,0.5,0.5
b5932,77,question,en,0.0,1.0,0.5,0.5
b5933,77,question,en,0.0,1.0,0.5,0.5
b5936,77,question,en,0.0,1.0,0.5,0.5
b5938,106,question,en,0.0,1.0,0.5,0.5
b5939,106,question,en,0.0,1.0,0.5,0.5
b5940,106,question,en,0.0,1.0,0.5,0.5
b5941,106,question,en,0.0,1.0,0.5,0.5
b4140,74,question,en,0.0,1.0,0.5,0.5
b4141,83,question,en,0.0,1.0,0.5,0.5
b4142,85,question,en,0.0,1.0,0.5,0.5
b4143,98,question,en,0.0,1.0,0.5,0.5
b4144,88,question,en,0.0,1.0,0.5,0.5
b4145,83,question,en,0.0,1.0,0.5,0.5
b4146,74,question,en,0.0,1.0,0.5,0.5
b4147,85,question,en,0.0,1.0,0.5,0.5
b4148,77,question,en,0.0,1.0,0.5,0.5
b4149,119,question,en,0.0,1.0,0.5,0.5
b4150,76,question,en,0.0,1.0,0.5,0.5
b4151,86,question,en,0.0,1.0,0.5,0.5
b4152,74,question,en,0.0,1.0,0.5,0.5
b4153,98,question,en,0.0,1.0,0.5,0.5
b4154,76,question,en,0.0,1.0,0.5,0.5
b4155,81,question,en,0.0,1.0,0.5,0.5
b4156,96,question,en,0.0,1.0,0.5,0.5
b4157,82,question,en,0.0,1.0,0.5,0.5
b4158,83,question,en,0.0,1.0,0.5,0.5
b4159,74,question,en,0.0,1.0,0.5,0.5
b4160,86,question,en,0.0,1.0,0.5,0.5
b4161,77,question,en,0.0,1.0,0.5,0.5
b4162,73,question,en,0.0,1.0,0.5,0.5
b4163,74,question,en,0.0,1.0,0.5,0.5
b4164,89,question,en,0.0,1.0,0.5,0.5
b4165,71,question,en,0.0,1.0,0.5,0.5
b4166,98,question,en,0.0,1.0,0.5,0.5
b4167,93,question,en,0.0,1.0,0.5,0.5
b4168,77,question,en,0.0,1.0,0.5,0.5
b4169,92,question,en,0.0,1.0,0.5,0.5
b4170,94,question,en,0.0,1.0,0.5,0.5
b4171,86,question,en,0.0,1.0,0.5,0.5
b4172,76,question,en,0.0,1.0,0.5,0.5
b4174,98,question,en,0.0,1.0,0.5,0.5
b4175,71,question,en,0.0,1.0,0.5,0.5
b4176,80,question,en,0.0,1.0,0.5,0.5
b4177,83,question,en,0.0,1.0,0.5,0.5
b4178,130,question,en,0.0,1.0,0.5,0.5
b4179,74,question,en,0.0,1.0,0.5,0.5
b5085,85|134|120|143,question,en,0.0,1.0,0.5,0.5
b5086,179|77|86|143|129,question,en,0.0,1.0,0.5,0.5
b5087,85|83|74|143,question,en,0.0,1.0,0.5,0.5
b5088,85|135|76|143,question,en,0.0,1.0,0.5,0.5
b1590,183|182|55|56|54,question,en,0.0,1.0,0.5,0.5
b1591,52|54|181|182,question,en,0.0,1.0,0.5,0.5
b1592,183|182|52|56|54,question,en,0.0,1.0,0.5,0.5
b1594,183|181|182|52|54,question,en,0.0,1.0,0.5,0.5
b1595,57|182|181|56|54,question,en,0.0,1.0,0.5,0.5
b1596,184|181|182|52|55,question,en,0.0,1.0,0.5,0.5
b1597,52|183|182|54,question,en,0.0,1.0,0.5,0.5
b1598,184|53|57|181|54,question,en,0.0,1.0,0.5,0.5
b1599,183|53|182|52|54,question,en,0.0,1.0,0.5,0.5
b1601,183|53|182|52|58,question,en,0.0,1.0,0.5,0.5
b1602,183|182|56|54|58,question,en,0.0,1.0,0.5,0.5
b2087,179|66|185|52|56,question,en,0.0,1.0,0.5,0.5
b2088,179|183|53|60|52|54,question,en,0.0,1.0,0.5,0.5
b2089,179|184|63|52|54,question,en,0.0,1.0,0.5,0.5
b2090,181|54|53|59,question,en,0.0,1.0,0.5,0.5
b2091,55|56|183|60,question,en,0.0,1.0,0.5,0.5
b2092,179|183|68|52|56|54,question,en,0.0,1.0,0.5,0.5
b2093,179|63|185|52|56|54,question,en,0.0,1.0,0.5,0.5
b2094,179|184|53|64|52|54,question,en,0.0,1.0,0.5,0.5
b5462,147|148|146|165|178|149|151,question,en,0.0,1.0,0.5,0.5
b5463,147|150|155|162|178|156|149|151,question,en,0.0,1.0,0.5,0.5
b5464,149|148|150|159|162|178|153|158,question,en,0.0,1.0,0.5,0.5
b5465,149|179|148|155|162|178|153|158,question,en,0.0,1.0,0.5,0.5
b5466,147|179|146|162|178|156|153|149,question,en,0.0,1.0,0.5,0.5
b5467,149|161|165|178|153|171,question,en,0.0,1.0,0.5,0.5
b1715,185|181|56|55|52,question,en,0.0,1.0,0.5,0.5
b1716,183|53|185|52|54,question,en,0.0,1.0,0.5,0.5
b1717,184|185|181|56|54|52,question,en,0.0,1.0,0.5,0.5
b1718,183|184|53|185|52|54,question,en,0.0,1.0,0.5,0.5
b1719,183|57|185|55|56,question,en,0.0,1.0,0.5,0.5
b1721,57|185|181|55|54,question,en,0.0,1.0,0.5,0.5
b1722,183|53|185|52|55,question,en,0.0,1.0,0.5,0.5
b1723,52|185|181|54,question,en,0.0,1.0,0.5,0.5
b1724,183|184|53|52|54,question,en,0.0,1.0,0.5,0.5
b1725,183|53|185|52|58,question,en,0.0,1.0,0.5,0.5
b1726,52|185|181|58,question,en,0.0,1.0,0.5,0.5
b1727,183|185|52|56|58,question,en,0.0,1.0,0.5,0.5
b2899,98,question,en,0.0,1.0,0.5,0.5
b2900,98,question,en,0.0,1.0,0.5,0.5
b2901,98,question,en,0.0,1.0,0.5,0.5
b2902,84,question,en,0.0,1.0,0.5,0.5
b2903,84,question,en,0.0,1.0,0.5,0.5
b2904,98,question,en,0.0,1.0,0.5,0.5
b2905,98,question,en,0.0,1.0,0.5,0.5
b2906,98,question,en,0.0,1.0,0.5,0.5
b2907,98,question,en,0.0,1.0,0.5,0.5
b2908,84,question,en,0.0,1.0,0.5,0.5
b2910,84,question,en,0.0,1.0,0.5,0.5
b2911,98,question,en,0.0,1.0,0.5,0.5
b2912,98,question,en,0.0,1.0,0.5,0.5
b2913,98,question,en,0.0,1.0,0.5,0.5
b2914,98,question,en,0.0,1.0,0.5,0.5
b2915,84,question,en,0.0,1.0,0.5,0.5
b2916,98,question,en,0.0,1.0,0.5,0.5
b2917,98,question,en,0.0,1.0,0.5,0.5
b2918,98,question,en,0.0,1.0,0.5,0.5
b2919,98,question,en,0.0,1.0,0.5,0.5
b2920,98,question,en,0.0,1.0,0.5,0.5
b2921,98,question,en,0.0,1.0,0.5,0.5
b2925,84,question,en,0.0,1.0,0.5,0.5
b2926,84,question,en,0.0,1.0,0.5,0.5
b2927,84,question,en,0.0,1.0,0.5,0.5
b2929,98,question,en,0.0,1.0,0.5,0.5
b2932,98,question,en,0.0,1.0,0.5,0.5
b2933,98,question,en,0.0,1.0,0.5,0.5
b2934,137,question,en,0.0,1.0,0.5,0.5
b2936,98,question,en,0.0,1.0,0.5,0.5
b2937,98,question,en,0.0,1.0,0.5,0.5
b2938,98,question,en,0.0,1.0,0.5,0.5
b2939,98,question,en,0.0,1.0,0.5,0.5
b2940,84,question,en,0.0,1.0,0.5,0.5
b2941,98,question,en,0.0,1.0,0.5,0.5
b2942,98,question,en,0.0,1.0,0.5,0.5
b2943,84,question,en,0.0,1.0,0.5,0.5
b2944,98,question,en,0.0,1.0,0.5,0.5
b2946,98,question,en,0.0,1.0,0.5,0.5
b2947,98,question,en,0.0,1.0,0.5,0.5
b2948,98,question,en,0.0,1.0,0.5,0.5
b2949,98,question,en,0.0,1.0,0.5,0.5
b2950,98,question,en,0.0,1.0,0.5,0.5
b2951,84,question,en,0.0,1.0,0.5,0.5
b2952,84,question,en,0.0,1.0,0.5,0.5
b2953,98,question,en,0.0,1.0,0.5,0.5
b2954,84,question,en,0.0,1.0,0.5,0.5
b2956,84,question,en,0.0,1.0,0.5,0.5
b2957,104,question,en,0.0,1.0,0.5,0.5
b2958,98,question,en,0.0,1.0,0.5,0.5
b2959,98,question,en,0.0,1.0,0.5,0.5
b2960,98,question,en,0.0,1.0,0.5,0.5
b2961,104,question,en,0.0,1.0,0.5,0.5
b2962,104,question,en,0.0,1.0,0.5,0.5
b2963,84,question,en,0.0,1.0,0.5,0.5
b2964,104,question,en,0.0,1.0,0.5,0.5
b2965,98,question,en,0.0,1.0,0.5,0.5
b2967,98,question,en,0.0,1.0,0.5,0.5
b2968,98,question,en,0.0,1.0,0.5,0.5
b2969,104,question,en,0.0,1.0,0.5,0.5
b2970,104,question,en,0.0,1.0,0.5,0.5
b2971,84,question,en,0.0,1.0,0.5,0.5
b2972,104,question,en,0.0,1.0,0.5,0.5
b2974,98,question,en,0.0,1.0,0.5,0.5
b2975,98,question,en,0.0,1.0,0.5,0.5
b2976,98,question,en,0.0,1.0,0.5,0.5
b2977,84,question,en,0.0,1.0,0.5,0.5
b2978,98,question,en,0.0,1.0,0.5,0.5
b2979,84,question,en,0.0,1.0,0.5,0.5
b2980,84,question,en,0.0,1.0,0.5,0.5
b2981,84,question,en,0.0,1.0,0.5,0.5
b2982,72,question,en,0.0,1.0,0.5,0.5
b2984,98,question,en,0.0,1.0,0.5,0.5
b2985,84,question,en,0.0,1.0,0.5,0.5
b2988,84,question,en,0.0,1.0,0.5,0.5
b2990,84,question,en,0.0,1.0,0.5,0.5
b2992,98,question,en,0.0,1.0,0.5,0.5
b2994,98,question,en,0.0,1.0,0.5,0.5
b2996,104,question,en,0.0,1.0,0.5,0.5
b2997,84,question,en,0.0,1.0,0.5,0.5
b2998,98,question,en,0.0,1.0,0.5,0.5
b5194,76|122|143|88,question,en,0.0,1.0,0.5,0.5
b5195,179|76|143|134|120,question,en,0.0,1.0,0.5,0.5
b5196,83|119|77|143,question,en,0.0,1.0,0.5,0.5
b5197,85|83|71|143,question,en,0.0,1.0,0.5,0.5
b5198,85|144|72|143,question,en,0.0,1.0,0.5,0.5
b5199,179|74|143|83|71,question,en,0.0,1.0,0.5,0.5
b5201,179|76|77|143|88,question,en,0.0,1.0,0.5,0.5
b5202,98|76|129|143,question,en,0.0,1.0,0.5,0.5
b5203,179|119|143|134|120,question,en,0.0,1.0,0.5,0.5
b1997,181|57|59|52,question,en,0.0,1.0,0.5,0.5
b1998,179|57|64|182|52|56,question,en,0.0,1.0,0.5,0.5
b1999,179|183|63|57|56|54,question,en,0.0,1.0,0.5,0.5
b2000,179|183|53|57|60|52,question,en,0.0,1.0,0.5,0.5
b2002,179|181|63|57|52|54,question,en,0.0,1.0,0.5,0.5
b2003,52|57|182|59,question,en,0.0,1.0,0.5,0.5
b2004,57|60|182|52|54,question,en,0.0,1.0,0.5,0.5
b2005,183|57|64|56|54,question,en,0.0,1.0,0.5,0.5
b2006,53|57|60|181|54,question,en,0.0,1.0,0.5,0.5
b1123,181|183|24|40,question,en,0.0,1.0,0.5,0.5
b1124,184|35|30|34|182,question,en,0.0,1.0,0.5,0.5
b1125,39|183|182|38,question,en,0.0,1.0,0.5,0.5
b1126,44|45|184|182,question,en,0.0,1.0,0.5,0.5
b1128,183|31|32|182,question,en,0.0,1.0,0.5,0.5
b1130,39|184|182|38,question,en,0.0,1.0,0.5,0.5
b1131,181|31|32|182,question,en,0.0,1.0,0.5,0.5
b1133,184|24|23|181|25,question,en,0.0,1.0,0.5,0.5
b1137,181|44|45|183,question,en,0.0,1.0,0.5,0.5
b1138,179|183|31|184|32,question,en,0.0,1.0,0.5,0.5
b1140,184|31|32|182,question,en,0.0,1.0,0.5,0.5
b1143,181|36|37|182,question,en,0.0,1.0,0.5,0.5
b1144,28|29|181|183,question,en,0.0,1.0,0.5,0.5
b1145,183|182|24|40,question,en,0.0,1.0,0.5,0.5
b1146,181|39|182|38,question,en,0.0,1.0,0.5,0.5
b1147,181|182|26|24,question,en,0.0,1.0,0.5,0.5
b4798,74,question,en,0.0,1.0,0.5,0.5
b4799,74,question,en,0.0,1.0,0.5,0.5
b4800,74,question,en,0.0,1.0,0.5,0.5
b4801,74,question,en,0.0,1.0,0.5,0.5
b4802,74,question,en,0.0,1.0,0.5,0.5
b4803,74,question,en,0.0,1.0,0.5,0.5
b4804,74,question,en,0.0,1.0,0.5,0.5
b4805,74,question,en,0.0,1.0,0.5,0.5
b4807,74,question,en,0.0,1.0,0.5,0.5
b4808,74,question,en,0.0,1.0,0.5,0.5
b4809,74,question,en,0.0,1.0,0.5,0.5
b4810,74,question,en,0.0,1.0,0.5,0.5
b4811,74,question,en,0.0,1.0,0.5,0.5
b4813,74,question,en,0.0,1.0,0.5,0.5
b4814,74,question,en,0.0,1.0,0.5,0.5
b4815,74,question,en,0.0,1.0,0.5,0.5
b4816,74,question,en,0.0,1.0,0.5,0.5
b4817,74,question,en,0.0,1.0,0.5,0.5
b4818,74,question,en,0.0,1.0,0.5,0.5
b4819,74,question,en,0.0,1.0,0.5,0.5
b4820,74,question,en,0.0,1.0,0.5,0.5
b4821,74,question,en,0.0,1.0,0.5,0.5
b4822,74,question,en,0.0,1.0,0.5,0.5
b4823,74,question,en,0.0,1.0,0.5,0.5
b4824,74,question,en,0.0,1.0,0.5,0.5
b4826,105,question,en,0.0,1.0,0.5,0.5
b4828,74,question,en,0.0,1.0,0.5,0.5
b4829,74,question,en,0.0,1.0,0.5,0.5
b4830,74,question,en,0.0,1.0,0.5,0.5
b4831,74,question,en,0.0,1.0,0.5,0.5
b4832,74,question,en,0.0,1.0,0.5,0.5
b4833,74,question,en,0.0,1.0,0.5,0.5
b4834,74,question,en,0.0,1.0,0.5,0.5
b4835,74,question,en,0.0,1.0,0.5,0.5
b4836,74,question,en,0.0,1.0,0.5,0.5
b4838,74,question,en,0.0,1.0,0.5,0.5
b4840,74,question,en,0.0,1.0,0.5,0.5
b4842,74,question,en,0.0,1.0,0.5,0.5
b4844,74,question,en,0.0,1.0,0.5,0.5
b4845,74,question,en,0.0,1.0,0.5,0.5
b4846,74,question,en,0.0,1.0,0.5,0.5
b4847,74,question,en,0.0,1.0,0.5,0.5
b4848,74,question,en,0.0,1.0,0.5,0.5
b4849,74,question,en,0.0,1.0,0.5,0.5
b484,28|29|183|182,question,en,0.0,1.0,0.5,0.5
b486,181|184|26|24,question,en,0.0,1.0,0.5,0.5
b489,184|35|30|34|182,question,en,0.0,1.0,0.5,0.5
b490,42|30|34|182|181,question,en,0.0,1.0,0.5,0.5
b491,179|184|35|34|181,question,en,0.0,1.0,0.5,0.5
b492,183|184|24|43,question,en,0.0,1.0,0.5,0.5
b493,181|184|48|24,question,en,0.0,1.0,0.5,0.5
b495,28|179|184|30|29|181,question,en,0.0,1.0,0.5,0.5
b496,179|183|24|40|181,question,en,0.0,1.0,0.5,0.5
b497,28|29|184|183,question,en,0.0,1.0,0.5,0.5
b499,184|27|24|26|182,question,en,0.0,1.0,0.5,0.5
b500,181|184|24|43,question,en,0.0,1.0,0.5,0.5
b505,181|31|32|182,question,en,0.0,1.0,0.5,0.5
b506,44|45|184|182,question,en,0.0,1.0,0.5,0.5
b507,41|183|27|24|181,question,en,0.0,1.0,0.5,0.5
b508,184|31|32|182,question,en,0.0,1.0,0.5,0.5
b509,183|31|32|182,question,en,0.0,1.0,0.5,0.5
b8166,183|7|17,question,en,0.0,1.0,0.5,0.5
b8167,184|7|6,question,en,0.0,1.0,0.5,0.5
b8168,181|20|21,question,en,0.0,1.0,0.5,0.5
b8169,1|2|182,question,en,0.0,1.0,0.5,0.5
b8170,22|2|183,question,en,0.0,1.0,0.5,0.5
b8171,184|2|19,question,en,0.0,1.0,0.5,0.5
b8172,181|2|5,question,en,0.0,1.0,0.5,0.5
b8173,7|182|6,question,en,0.0,1.0,0.5,0.5
b8174,183|7|6,question,en,0.0,1.0,0.5,0.5
b8175,184|2|8,question,en,0.0,1.0,0.5,0.5
b5118,84|85|77|143,question,en,0.0,1.0,0.5,0.5
b5119,179|85|76|119|143,question,en,0.0,1.0,0.5,0.5
b5120,179|85|143|83|110,question,en,0.0,1.0,0.5,0.5
b5121,134|77|87|143,question,en,0.0,1.0,0.5,0.5
b5122,179|85|77|143|73,question,en,0.0,1.0,0.5,0.5
b5123,86|85|134|143,question,en,0.0,1.0,0.5,0.5
b5124,83|85|124|143,question,en,0.0,1.0,0.5,0.5
b5125,143|120|77|78,question,en,0.0,1.0,0.5,0.5
b1907,184|60|52|56|54,question,en,0.0,1.0,0.5,0.5
b1908,52|56|183|59,question,en,0.0,1.0,0.5,0.5
b1909,179|63|181|56|54,question,en,0.0,1.0,0.5,0.5
b1910,179|183|64|52|56|54,question,en,0.0,1.0,0.5,0.5
b1911,53|63|185|52|55,question,en,0.0,1.0,0.5,0.5
b1912,53|59|181|54|52,question,en,0.0,1.0,0.5,0.5
b1913,53|185|59|52|54,question,en,0.0,1.0,0.5,0.5
b1914,53|60|185|52|54,question,en,0.0,1.0,0.5,0.5
b1915,179|183|61|52|56|54,question,en,0.0,1.0,0.5,0.5
b5687,149|148|159|156|176|153|158|151,question,en,0.0,1.0,0.5,0.5
b5689,149|148|155|176|158|151,question,en,0.0,1.0,0.5,0.5
b5500,148|150|172|155|162|178|149,question,en,0.0,1.0,0.5,0.5
b5501,166|159|158|178|149|151,question,en,0.0,1.0,0.5,0.5
b5502,147|148|166|159|178|149|151,question,en,0.0,1.0,0.5,0.5
b5503,147|148|166|159|178|153|149|151,question,en,0.0,1.0,0.5,0.5
b5504,149|146|162|178|156|153|158,question,en,0.0,1.0,0.5,0.5
b5505,149|150|166|159|178|153|158,question,en,0.0,1.0,0.5,0.5
b5390,149|155|162|156|178|153|158|151,question,en,0.0,1.0,0.5,0.5
b5391,148|150|174|172|159|178|153|149,question,en,0.0,1.0,0.5,0.5
b5392,149|170|150|162|178|156|153|158,question,en,0.0,1.0,0.5,0.5
b5393,150|172|146|162|178|153|149|151,question,en,0.0,1.0,0.5,0.5
b5394,149|155|162|178|156|153|158|151,question,en,0.0,1.0,0.5,0.5
b5231,152|179|147|178|149|163|151,question,en,0.0,1.0,0.5,0.5
b3324,88,question,en,0.0,1.0,0.5,0.5
b3325,82,question,en,0.0,1.0,0.5,0.5
b3327,74,question,en,0.0,1.0,0.5,0.5
b3328,74,question,en,0.0,1.0,0.5,0.5
b3329,98,question,en,0.0,1.0,0.5,0.5
b3331,107,question,en,0.0,1.0,0.5,0.5
b3332,84,question,en,0.0,1.0,0.5,0.5
b3333,71,question,en,0.0,1.0,0.5,0.5
b3335,71,question,en,0.0,1.0,0.5,0.5
b3336,119,question,en,0.0,1.0,0.5,0.5
b3337,92,question,en,0.0,1.0,0.5,0.5
b3339,106,question,en,0.0,1.0,0.5,0.5
b3340,71,question,en,0.0,1.0,0.5,0.5
b3341,83,question,en,0.0,1.0,0.5,0.5
b3343,98,question,en,0.0,1.0,0.5,0.5
b3344,74,question,en,0.0,1.0,0.5,0.5
b3345,98,question,en,0.0,1.0,0.5,0.5
b3347,74,question,en,0.0,1.0,0.5,0.5
b3348,80,question,en,0.0,1.0,0.5,0.5
b3352,144,question,en,0.0,1.0,0.5,0.5
b3354,90,question,en,0.0,1.0,0.5,0.5
b3355,85,question,en,0.0,1.0,0.5,0.5
b3359,89,question,en,0.0,1.0,0.5,0.5
b3360,129,question,en,0.0,1.0,0.5,0.5
b3362,78,question,en,0.0,1.0,0.5,0.5
b3363,109,question,en,0.0,1.0,0.5,0.5
b4254,83,question,en,0.0,1.0,0.5,0.5
b4180,128,question,en,0.0,1.0,0.5,0.5
b4181,128,question,en,0.0,1.0,0.5,0.5
b4182,128,question,en,0.0,1.0,0.5,0.5
b4183,72,question,en,0.0,1.0,0.5,0.5
b4184,140,question,en,0.0,1.0,0.5,0.5
b4186,135,question,en,0.0,1.0,0.5,0.5
b4187,72,question,en,0.0,1.0,0.5,0.5
b4188,122,question,en,0.0,1.0,0.5,0.5
b4189,72,question,en,0.0,1.0,0.5,0.5
b4190,87,question,en,0.0,1.0,0.5,0.5
b4191,87,question,en,0.0,1.0,0.5,0.5
b4192,87,question,en,0.0,1.0,0.5,0.5
b4193,90,question,en,0.0,1.0,0.5,0.5
b4194,87,question,en,0.0,1.0,0.5,0.5
b4195,120,question,en,0.0,1.0,0.5,0.5
b4196,95,question,en,0.0,1.0,0.5,0.5
b4197,73,question,en,0.0,1.0,0.5,0.5
b4198,119,question,en,0.0,1.0,0.5,0.5
b4199,124,question,en,0.0,1.0,0.5,0.5
b4200,119,question,en,0.0,1.0,0.5,0.5
b4201,120,question,en,0.0,1.0,0.5,0.5
b4202,119,question,en,0.0,1.0,0.5,0.5
b4203,90,question,en,0.0,1.0,0.5,0.5
b4204,119,question,en,0.0,1.0,0.5,0.5
b4205,121,question,en,0.0,1.0,0.5,0.5
b4206,121,question,en,0.0,1.0,0.5,0.5
b4207,121,question,en,0.0,1.0,0.5,0.5
b4208,122,question,en,0.0,1.0,0.5,0.5
b4209,122,question,en,0.0,1.0,0.5,0.5
b4210,95,question,en,0.0,1.0,0.5,0.5
b4212,85,question,en,0.0,1.0,0.5,0.5
b4213,89,question,en,0.0,1.0,0.5,0.5
b4214,137,question,en,0.0,1.0,0.5,0.5
b4215,137,question,en,0.0,1.0,0.5,0.5
b4216,98,question,en,0.0,1.0,0.5,0.5
b4217,104,question,en,0.0,1.0,0.5,0.5
b4218,104,question,en,0.0,1.0,0.5,0.5
b4219,124,question,en,0.0,1.0,0.5,0.5
b4220,71,question,en,0.0,1.0,0.5,0.5
b4221,74,question,en,0.0,1.0,0.5,0.5
b4222,119,question,en,0.0,1.0,0.5,0.5
b4223,126,question,en,0.0,1.0,0.5,0.5
b4224,80,question,en,0.0,1.0,0.5,0.5
b4225,126,question,en,0.0,1.0,0.5,0.5
b4226,123,question,en,0.0,1.0,0.5,0.5
b4227,123,question,en,0.0,1.0,0.5,0.5
b4228,85,question,en,0.0,1.0,0.5,0.5
b4232,85,question,en,0.0,1.0,0.5,0.5
b4239,85,question,en,0.0,1.0,0.5,0.5
b4242,83,question,en,0.0,1.0,0.5,0.5
b4243,83,question,en,0.0,1.0,0.5,0.5
b4245,71,question,en,0.0,1.0,0.5,0.5
b4247,76,question,en,0.0,1.0,0.5,0.5
b4251,83,question,en,0.0,1.0,0.5,0.5
b4252,83,question,en,0.0,1.0,0.5,0.5
b4255,98,question,en,0.0,1.0,0.5,0.5
b4256,117,question,en,0.0,1.0,0.5,0.5
b4257,117,question,en,0.0,1.0,0.5,0.5
b4258,74,question,en,0.0,1.0,0.5,0.5
b4259,105,question,en,0.0,1.0,0.5,0.5
b4260,74,question,en,0.0,1.0,0.5,0.5
b4261,74,question,en,0.0,1.0,0.5,0.5
b4262,77,question,en,0.0,1.0,0.5,0.5
b4263,75,question,en,0.0,1.0,0.5,0.5
b4264,88,question,en,0.0,1.0,0.5,0.5
b4265,88,question,en,0.0,1.0,0.5,0.5
b4266,88,question,en,0.0,1.0,0.5,0.5
b4267,75,question,en,0.0,1.0,0.5,0.5
b4268,75,question,en,0.0,1.0,0.5,0.5
b4269,75,question,en,0.0,1.0,0.5,0.5
b4270,118,question,en,0.0,1.0,0.5,0.5
b4271,94,question,en,0.0,1.0,0.5,0.5
b4272,118,question,en,0.0,1.0,0.5,0.5
b4273,118,question,en,0.0,1.0,0.5,0.5
b4274,129,question,en,0.0,1.0,0.5,0.5
b4275,129,question,en,0.0,1.0,0.5,0.5
b4276,129,question,en,0.0,1.0,0.5,0.5
b4278,129,question,en,0.0,1.0,0.5,0.5
b4279,94,question,en,0.0,1.0,0.5,0.5
b4280,94,question,en,0.0,1.0,0.5,0.5
b4281,74,question,en,0.0,1.0,0.5,0.5
b4282,74,question,en,0.0,1.0,0.5,0.5
b4283,74,question,en,0.0,1.0,0.5,0.5
b4284,74,question,en,0.0,1.0,0.5,0.5
b4285,74,question,en,0.0,1.0,0.5,0.5
b4286,74,question,en,0.0,1.0,0.5,0.5
b4287,74,question,en,0.0,1.0,0.5,0.5
b4288,74,question,en,0.0,1.0,0.5,0.5
b4289,103,question,en,0.0,1.0,0.5,0.5
b4290,117,question,en,0.0,1.0,0.5,0.5
b4291,100,question,en,0.0,1.0,0.5,0.5
b4292,83,question,en,0.0,1.0,0.5,0.5
b4293,102,question,en,0.0,1.0,0.5,0.5
b4294,83,question,en,0.0,1.0,0.5,0.5
b4295,101,question,en,0.0,1.0,0.5,0.5
b4296,98,question,en,0.0,1.0,0.5,0.5
b4297,91,question,en,0.0,1.0,0.5,0.5
b4298,83,question,en,0.0,1.0,0.5,0.5
b4299,133,question,en,0.0,1.0,0.5,0.5
b4300,131,question,en,0.0,1.0,0.5,0.5
b4301,89,question,en,0.0,1.0,0.5,0.5
b4302,108,question,en,0.0,1.0,0.5,0.5
b4303,89,question,en,0.0,1.0,0.5,0.5
b4304,109,question,en,0.0,1.0,0.5,0.5
b4305,109,question,en,0.0,1.0,0.5,0.5
b4306,109,question,en,0.0,1.0,0.5,0.5
b4307,109,question,en,0.0,1.0,0.5,0.5
b4308,107,question,en,0.0,1.0,0.5,0.5
b4309,107,question,en,0.0,1.0,0.5,0.5
b4310,107,question,en,0.0,1.0,0.5,0.5
b4311,107,question,en,0.0,1.0,0.5,0.5
b4312,110,question,en,0.0,1.0,0.5,0.5
b4313,107,question,en,0.0,1.0,0.5,0.5
b4314,89,question,en,0.0,1.0,0.5,0.5
b4315,107,question,en,0.0,1.0,0.5,0.5
b4316,144,question,en,0.0,1.0,0.5,0.5
b4317,109,question,en,0.0,1.0,0.5,0.5
b4318,89,question,en,0.0,1.0,0.5,0.5
b4319,112,question,en,0.0,1.0,0.5,0.5
b4549,96,question,en,0.0,1.0,0.5,0.5
b4550,86,question,en,0.0,1.0,0.5,0.5
b4551,86,question,en,0.0,1.0,0.5,0.5
b4552,96,question,en,0.0,1.0,0.5,0.5
b4553,82,question,en,0.0,1.0,0.5,0.5
b4554,96,question,en,0.0,1.0,0.5,0.5
b4555,86,question,en,0.0,1.0,0.5,0.5
b4556,103,question,en,0.0,1.0,0.5,0.5
b4557,82,question,en,0.0,1.0,0.5,0.5
b4558,96,question,en,0.0,1.0,0.5,0.5
b4559,86,question,en,0.0,1.0,0.5,0.5
b4561,103,question,en,0.0,1.0,0.5,0.5
b4562,103,question,en,0.0,1.0,0.5,0.5
b4563,82,question,en,0.0,1.0,0.5,0.5
b4564,77,question,en,0.0,1.0,0.5,0.5
b4565,106,question,en,0.0,1.0,0.5,0.5
b4566,106,question,en,0.0,1.0,0.5,0.5
b4567,106,question,en,0.0,1.0,0.5,0.5
b4569,82,question,en,0.0,1.0,0.5,0.5
b4570,103,question,en,0.0,1.0,0.5,0.5
b4571,106,question,en,0.0,1.0,0.5,0.5
b4572,72,question,en,0.0,1.0,0.5,0.5
b4573,86,question,en,0.0,1.0,0.5,0.5
b4574,106,question,en,0.0,1.0,0.5,0.5
b4575,103,question,en,0.0,1.0,0.5,0.5
b4576,103,question,en,0.0,1.0,0.5,0.5
b4577,103,question,en,0.0,1.0,0.5,0.5
b4578,86,question,en,0.0,1.0,0.5,0.5
b4579,96,question,en,0.0,1.0,0.5,0.5
b4580,103,question,en,0.0,1.0,0.5,0.5
b4581,103,question,en,0.0,1.0,0.5,0.5
b4582,103,question,en,0.0,1.0,0.5,0.5
b4584,82,question,en,0.0,1.0,0.5,0.5
b4585,103,question,en,0.0,1.0,0.5,0.5
b4586,82,question,en,0.0,1.0,0.5,0.5
b4587,121,question,en,0.0,1.0,0.5,0.5
b4588,90,question,en,0.0,1.0,0.5,0.5
b4589,121,question,en,0.0,1.0,0.5,0.5
b4590,87,question,en,0.0,1.0,0.5,0.5
b4591,120,question,en,0.0,1.0,0.5,0.5
b4592,122,question,en,0.0,1.0,0.5,0.5
b4593,120,question,en,0.0,1.0,0.5,0.5
b4594,95,question,en,0.0,1.0,0.5,0.5
b4595,73,question,en,0.0,1.0,0.5,0.5
b4596,120,question,en,0.0,1.0,0.5,0.5
b4598,90,question,en,0.0,1.0,0.5,0.5
b4599,119,question,en,0.0,1.0,0.5,0.5
b4600,87,question,en,0.0,1.0,0.5,0.5
b4601,87,question,en,0.0,1.0,0.5,0.5
b4602,119,question,en,0.0,1.0,0.5,0.5
b4603,126,question,en,0.0,1.0,0.5,0.5
b4604,95,question,en,0.0,1.0,0.5,0.5
b4605,123,question,en,0.0,1.0,0.5,0.5
b4606,125,question,en,0.0,1.0,0.5,0.5
b4607,90,question,en,0.0,1.0,0.5,0.5
b4608,73,question,en,0.0,1.0,0.5,0.5
b5184,179|74|109|143|128,question,en,0.0,1.0,0.5,0.5
b5185,76|80|84|143,question,en,0.0,1.0,0.5,0.5
b5186,86|116|75|143,question,en,0.0,1.0,0.5,0.5
b5187,71|119|87|143,question,en,0.0,1.0,0.5,0.5
b5188,85|83|84|143,question,en,0.0,1.0,0.5,0.5
b5189,80|134|119|143,question,en,0.0,1.0,0.5,0.5
b5190,76|134|121|143,question,en,0.0,1.0,0.5,0.5
b5191,179|76|77|143|122,question,en,0.0,1.0,0.5,0.5
b5192,179|77|86|143|129,question,en,0.0,1.0,0.5,0.5
b5193,179|85|77|143|134,question,en,0.0,1.0,0.5,0.5
b5246,148|169|177|157|149,question,en,0.0,1.0,0.5,0.5
b5247,169|150|146|177|153|151,question,en,0.0,1.0,0.5,0.5
b5248,148|150|169|155|177|153,question,en,0.0,1.0,0.5,0.5
b5249,148|169|155|177|156|149,question,en,0.0,1.0,0.5,0.5
b3650,74,question,en,0.0,1.0,0.5,0.5
b3651,74,question,en,0.0,1.0,0.5,0.5
b3652,74,question,en,0.0,1.0,0.5,0.5
b3653,74,question,en,0.0,1.0,0.5,0.5
b3654,74,question,en,0.0,1.0,0.5,0.5
b3655,74,question,en,0.0,1.0,0.5,0.5
b3656,74,question,en,0.0,1.0,0.5,0.5
b3657,74,question,en,0.0,1.0,0.5,0.5
b3658,74,question,en,0.0,1.0,0.5,0.5
b3659,74,question,en,0.0,1.0,0.5,0.5
b3660,74,question,en,0.0,1.0,0.5,0.5
b3661,74,question,en,0.0,1.0,0.5,0.5
b3662,74,question,en,0.0,1.0,0.5,0.5
b3663,74,question,en,0.0,1.0,0.5,0.5
b3664,74,question,en,0.0,1.0,0.5,0.5
b3665,74,question,en,0.0,1.0,0.5,0.5
b3666,74,question,en,0.0,1.0,0.5,0.5
b3667,74,question,en,0.0,1.0,0.5,0.5
b3668,74,question,en,0.0,1.0,0.5,0.5
b3669,74,question,en,0.0,1.0,0.5,0.5
b3670,74,question,en,0.0,1.0,0.5,0.5
b3671,74,question,en,0.0,1.0,0.5,0.5
b3673,74,question,en,0.0,1.0,0.5,0.5
b3674,74,question,en,0.0,1.0,0.5,0.5
b3675,74,question,en,0.0,1.0,0.5,0.5
b3677,74,question,en,0.0,1.0,0.5,0.5
b3678,74,question,en,0.0,1.0,0.5,0.5
b3679,74,question,en,0.0,1.0,0.5,0.5
b3680,74,question,en,0.0,1.0,0.5,0.5
b3681,74,question,en,0.0,1.0,0.5,0.5
b3682,105,question,en,0.0,1.0,0.5,0.5
b3683,74,question,en,0.0,1.0,0.5,0.5
b3684,78,question,en,0.0,1.0,0.5,0.5
b3685,74,question,en,0.0,1.0,0.5,0.5
b3686,74,question,en,0.0,1.0,0.5,0.5
b3687,74,question,en,0.0,1.0,0.5,0.5
b3688,74,question,en,0.0,1.0,0.5,0.5
b3689,74,question,en,0.0,1.0,0.5,0.5
b3690,74,question,en,0.0,1.0,0.5,0.5
b3691,74,question,en,0.0,1.0,0.5,0.5
b3692,74,question,en,0.0,1.0,0.5,0.5
b3693,105,question,en,0.0,1.0,0.5,0.5
b3694,74,question,en,0.0,1.0,0.5,0.5
b3695,74,question,en,0.0,1.0,0.5,0.5
b3696,74,question,en,0.0,1.0,0.5,0.5
b3697,74,question,en,0.0,1.0,0.5,0.5
b3698,74,question,en,0.0,1.0,0.5,0.5
b3699,74,question,en,0.0,1.0,0.5,0.5
b3700,74,question,en,0.0,1.0,0.5,0.5
b3701,74,question,en,0.0,1.0,0.5,0.5
b3702,74,question,en,0.0,1.0,0.5,0.5
b3703,74,question,en,0.0,1.0,0.5,0.5
b3704,74,question,en,0.0,1.0,0.5,0.5
b3705,74,question,en,0.0,1.0,0.5,0.5
b3706,74,question,en,0.0,1.0,0.5,0.5
b3707,74,question,en,0.0,1.0,0.5,0.5
b3708,74,question,en,0.0,1.0,0.5,0.5
b3709,74,question,en,0.0,1.0,0.5,0.5
b3710,74,question,en,0.0,1.0,0.5,0.5
b3711,74,question,en,0.0,1.0,0.5,0.5
b3712,74,question,en,0.0,1.0,0.5,0.5
b3713,74,question,en,0.0,1.0,0.5,0.5
b3714,74,question,en,0.0,1.0,0.5,0.5
b3715,74,question,en,0.0,1.0,0.5,0.5
b3716,74,question,en,0.0,1.0,0.5,0.5
b3717,74,question,en,0.0,1.0,0.5,0.5
b3718,74,question,en,0.0,1.0,0.5,0.5
b3719,74,question,en,0.0,1.0,0.5,0.5
b3720,74,question,en,0.0,1.0,0.5,0.5
b3721,74,question,en,0.0,1.0,0.5,0.5
b3722,74,question,en,0.0,1.0,0.5,0.5
b3723,74,question,en,0.0,1.0,0.5,0.5
b3724,74,question,en,0.0,1.0,0.5,0.5
b3725,74,question,en,0.0,1.0,0.5,0.5
b3726,74,question,en,0.0,1.0,0.5,0.5
b3727,74,question,en,0.0,1.0,0.5,0.5
b3728,74,question,en,0.0,1.0,0.5,0.5
b3729,74,question,en,0.0,1.0,0.5,0.5
b3730,74,question,en,0.0,1.0,0.5,0.5
b3731,74,question,en,0.0,1.0,0.5,0.5
b3732,74,question,en,0.0,1.0,0.5,0.5
b3733,74,question,en,0.0,1.0,0.5,0.5
b3734,74,question,en,0.0,1.0,0.5,0.5
b3735,74,question,en,0.0,1.0,0.5,0.5
b3736,74,question,en,0.0,1.0,0.5,0.5
b3737,74,question,en,0.0,1.0,0.5,0.5
b3738,105,question,en,0.0,1.0,0.5,0.5
b3739,74,question,en,0.0,1.0,0.5,0.5
b3740,74,question,en,0.0,1.0,0.5,0.5
b3741,74,question,en,0.0,1.0,0.5,0.5
b3742,74,question,en,0.0,1.0,0.5,0.5
b3743,74,question,en,0.0,1.0,0.5,0.5
b3744,74,question,en,0.0,1.0,0.5,0.5
b3745,74,question,en,0.0,1.0,0.5,0.5
b3746,74,question,en,0.0,1.0,0.5,0.5
b3747,74,question,en,0.0,1.0,0.5,0.5
b3748,74,question,en,0.0,1.0,0.5,0.5
b3749,74,question,en,0.0,1.0,0.5,0.5
b7607,77,question,en,0.0,1.0,0.5,0.5
b7608,76,question,en,0.0,1.0,0.5,0.5
b7609,77,question,en,0.0,1.0,0.5,0.5
b7610,83,question,en,0.0,1.0,0.5,0.5
b7611,76,question,en,0.0,1.0,0.5,0.5
b7612,76,question,en,0.0,1.0,0.5,0.5
b7613,76,question,en,0.0,1.0,0.5,0.5
b7614,77,question,en,0.0,1.0,0.5,0.5
b7615,77,question,en,0.0,1.0,0.5,0.5
b7616,85,question,en,0.0,1.0,0.5,0.5
b7617,77,question,en,0.0,1.0,0.5,0.5
b7618,85,question,en,0.0,1.0,0.5,0.5
b7619,77,question,en,0.0,1.0,0.5,0.5
b7620,76,question,en,0.0,1.0,0.5,0.5
b7621,76,question,en,0.0,1.0,0.5,0.5
b7622,77,question,en,0.0,1.0,0.5,0.5
b7623,76,question,en,0.0,1.0,0.5,0.5
b7624,85,question,en,0.0,1.0,0.5,0.5
b7625,76,question,en,0.0,1.0,0.5,0.5
b7626,77,question,en,0.0,1.0,0.5,0.5
b7627,76,question,en,0.0,1.0,0.5,0.5
b7628,77,question,en,0.0,1.0,0.5,0.5
b7629,77,question,en,0.0,1.0,0.5,0.5
b7630,77,question,en,0.0,1.0,0.5,0.5
b7631,85,question,en,0.0,1.0,0.5,0.5
b7632,85,question,en,0.0,1.0,0.5,0.5
b7633,77,question,en,0.0,1.0,0.5,0.5
b7634,77,question,en,0.0,1.0,0.5,0.5
b7635,85,question,en,0.0,1.0,0.5,0.5
b7636,76,question,en,0.0,1.0,0.5,0.5
b7637,76,question,en,0.0,1.0,0.5,0.5
b7638,76,question,en,0.0,1.0,0.5,0.5
b7639,77,question,en,0.0,1.0,0.5,0.5
b7640,77,question,en,0.0,1.0,0.5,0.5
b7641,77,question,en,0.0,1.0,0.5,0.5
b7642,85,question,en,0.0,1.0,0.5,0.5
b7643,85,question,en,0.0,1.0,0.5,0.5
b7644,85,question,en,0.0,1.0,0.5,0.5
b7645,85,question,en,0.0,1.0,0.5,0.5
b7646,76,question,en,0.0,1.0,0.5,0.5
b7647,85,question,en,0.0,1.0,0.5,0.5
b7648,83,question,en,0.0,1.0,0.5,0.5
b7649,85,question,en,0.0,1.0,0.5,0.5
b7650,85,question,en,0.0,1.0,0.5,0.5
b7651,76,question,en,0.0,1.0,0.5,0.5
b7652,85,question,en,0.0,1.0,0.5,0.5
b7653,76,question,en,0.0,1.0,0.5,0.5
b7654,77,question,en,0.0,1.0,0.5,0.5
b7655,76,question,en,0.0,1.0,0.5,0.5
b7656,85,question,en,0.0,1.0,0.5,0.5
b1822,179|183|63|52|56|54,question,en,0.0,1.0,0.5,0.5
b1823,184|64|52|56|55,question,en,0.0,1.0,0.5,0.5
b1824,184|53|68|55|56,question,en,0.0,1.0,0.5,0.5
b1825,53|60|182|52|54,question,en,0.0,1.0,0.5,0.5
b1826,179|184|66|52|56,question,en,0.0,1.0,0.5,0.5
b1827,53|65|181|54|52,question,en,0.0,1.0,0.5,0.5
b1828,179|64|182|52|56|54,question,en,0.0,1.0,0.5,0.5
b1829,181|56|54|63,question,en,0.0,1.0,0.5,0.5
b1830,179|63|181|56|54|52,question,en,0.0,1.0,0.5,0.5
b1831,52|185|53|59,question,en,0.0,1.0,0.5,0.5
b5710,147|179|148|155|156|176|153|149,question,en,0.0,1.0,0.5,0.5
b5711,147|179|146|176|153|149|151,question,en,0.0,1.0,0.5,0.5
b5712,179|150|155|158|176|153|149|151,question,en,0.0,1.0,0.5,0.5
b2629,88,question,en,0.0,1.0,0.5,0.5
b2630,119,question,en,0.0,1.0,0.5,0.5
b2631,83,question,en,0.0,1.0,0.5,0.5
b2632,135,question,en,0.0,1.0,0.5,0.5
b2633,121,question,en,0.0,1.0,0.5,0.5
b2634,93,question,en,0.0,1.0,0.5,0.5
b2637,71,question,en,0.0,1.0,0.5,0.5
b2638,86,question,en,0.0,1.0,0.5,0.5
b2640,106,question,en,0.0,1.0,0.5,0.5
b2642,74,question,en,0.0,1.0,0.5,0.5
b2643,87,question,en,0.0,1.0,0.5,0.5
b2645,105,question,en,0.0,1.0,0.5,0.5
b2647,87,question,en,0.0,1.0,0.5,0.5
b2649,74,question,en,0.0,1.0,0.5,0.5
b2650,86,question,en,0.0,1.0,0.5,0.5
b2652,77,question,en,0.0,1.0,0.5,0.5
b2653,85,question,en,0.0,1.0,0.5,0.5
b2654,113,question,en,0.0,1.0,0.5,0.5
b2656,72,question,en,0.0,1.0,0.5,0.5
b2657,83,question,en,0.0,1.0,0.5,0.5
b2658,84,question,en,0.0,1.0,0.5,0.5
b2659,94,question,en,0.0,1.0,0.5,0.5
b2661,77,question,en,0.0,1.0,0.5,0.5
b2662,74,question,en,0.0,1.0,0.5,0.5
b2663,134,question,en,0.0,1.0,0.5,0.5
b2664,81,question,en,0.0,1.0,0.5,0.5
b2667,77,question,en,0.0,1.0,0.5,0.5
b61,181|7|6,question,en,0.0,1.0,0.5,0.5
b62,7|185|17,question,en,0.0,1.0,0.5,0.5
b63,4|185|2,question,en,0.0,1.0,0.5,0.5
b64,181|9|2,question,en,0.0,1.0,0.5,0.5
b65,183|2|12,question,en,0.0,1.0,0.5,0.5
b66,15|185|2,question,en,0.0,1.0,0.5,0.5
b67,181|4|2,question,en,0.0,1.0,0.5,0.5
b68,22|185|2,question,en,0.0,1.0,0.5,0.5
b69,1|185|2,question,en,0.0,1.0,0.5,0.5
b70,181|7|6,question,en,0.0,1.0,0.5,0.5
b3462,74,question,en,0.0,1.0,0.5,0.5
b3463,74,question,en,0.0,1.0,0.5,0.5
b3464,74,question,en,0.0,1.0,0.5,0.5
b3465,74,question,en,0.0,1.0,0.5,0.5
b3467,74,question,en,0.0,1.0,0.5,0.5
b3468,74,question,en,0.0,1.0,0.5,0.5
b3469,74,question,en,0.0,1.0,0.5,0.5
b3470,74,question,en,0.0,1.0,0.5,0.5
b3471,74,question,en,0.0,1.0,0.5,0.5
b3472,74,question,en,0.0,1.0,0.5,0.5
b3473,74,question,en,0.0,1.0,0.5,0.5
b3474,74,question,en,0.0,1.0,0.5,0.5
b3475,74,question,en,0.0,1.0,0.5,0.5
b3477,74,question,en,0.0,1.0,0.5,0.5
b3478,74,question,en,0.0,1.0,0.5,0.5
b3479,74,question,en,0.0,1.0,0.5,0.5
b3480,74,question,en,0.0,1.0,0.5,0.5
b3481,74,question,en,0.0,1.0,0.5,0.5
b3482,74,question,en,0.0,1.0,0.5,0.5
b3483,74,question,en,0.0,1.0,0.5,0.5
b3484,74,question,en,0.0,1.0,0.5,0.5
b3485,74,question,en,0.0,1.0,0.5,0.5
b3486,74,question,en,0.0,1.0,0.5,0.5
b3487,74,question,en,0.0,1.0,0.5,0.5
b3488,74,question,en,0.0,1.0,0.5,0.5
b3489,74,question,en,0.0,1.0,0.5,0.5
b3490,74,question,en,0.0,1.0,0.5,0.5
b3491,74,question,en,0.0,1.0,0.5,0.5
b3492,74,question,en,0.0,1.0,0.5,0.5
b3493,74,question,en,0.0,1.0,0.5,0.5
b3494,74,question,en,0.0,1.0,0.5,0.5
b3495,74,question,en,0.0,1.0,0.5,0.5
b3496,74,question,en,0.0,1.0,0.5,0.5
b3497,74,question,en,0.0,1.0,0.5,0.5
b3498,74,question,en,0.0,1.0,0.5,0.5
b3499,74,question,en,0.0,1.0,0.5,0.5
b3500,71,question,en,0.0,1.0,0.5,0.5
b3501,74,question,en,0.0,1.0,0.5,0.5
b3502,74,question,en,0.0,1.0,0.5,0.5
b3503,74,question,en,0.0,1.0,0.5,0.5
b3504,74,question,en,0.0,1.0,0.5,0.5
b3505,74,question,en,0.0,1.0,0.5,0.5
b3506,74,question,en,0.0,1.0,0.5,0.5
b3507,74,question,en,0.0,1.0,0.5,0.5
b3508,74,question,en,0.0,1.0,0.5,0.5
b3509,74,question,en,0.0,1.0,0.5,0.5
b3510,74,question,en,0.0,1.0,0.5,0.5
b3511,74,question,en,0.0,1.0,0.5,0.5
b3512,74,question,en,0.0,1.0,0.5,0.5
b3513,74,question,en,0.0,1.0,0.5,0.5
b3515,74,question,en,0.0,1.0,0.5,0.5
b3516,74,question,en,0.0,1.0,0.5,0.5
b3517,74,question,en,0.0,1.0,0.5,0.5
b3518,74,question,en,0.0,1.0,0.5,0.5
b3519,74,question,en,0.0,1.0,0.5,0.5
b3520,74,question,en,0.0,1.0,0.5,0.5
b3521,74,question,en,0.0,1.0,0.5,0.5
b3522,74,question,en,0.0,1.0,0.5,0.5
b3523,74,question,en,0.0,1.0,0.5,0.5
b3524,74,question,en,0.0,1.0,0.5,0.5
b3525,74,question,en,0.0,1.0,0.5,0.5
b3526,74,question,en,0.0,1.0,0.5,0.5
b3527,74,question,en,0.0,1.0,0.5,0.5
b3528,74,question,en,0.0,1.0,0.5,0.5
b3529,74,question,en,0.0,1.0,0.5,0.5
b3530,74,question,en,0.0,1.0,0.5,0.5
b3531,74,question,en,0.0,1.0,0.5,0.5
b3532,74,question,en,0.0,1.0,0.5,0.5
b3533,74,question,en,0.0,1.0,0.5,0.5
b3534,74,question,en,0.0,1.0,0.5,0.5
b3535,74,question,en,0.0,1.0,0.5,0.5
b3536,100,question,en,0.0,1.0,0.5,0.5
b3537,74,question,en,0.0,1.0,0.5,0.5
b3538,74,question,en,0.0,1.0,0.5,0.5
b3540,74,question,en,0.0,1.0,0.5,0.5
b3541,74,question,en,0.0,1.0,0.5,0.5
b3542,74,question,en,0.0,1.0,0.5,0.5
b3543,74,question,en,0.0,1.0,0.5,0.5
b3544,74,question,en,0.0,1.0,0.5,0.5
b3545,74,question,en,0.0,1.0,0.5,0.5
b3546,74,question,en,0.0,1.0,0.5,0.5
b3547,74,question,en,0.0,1.0,0.5,0.5
b3548,74,question,en,0.0,1.0,0.5,0.5
b3549,74,question,en,0.0,1.0,0.5,0.5
b3550,74,question,en,0.0,1.0,0.5,0.5
b3551,74,question,en,0.0,1.0,0.5,0.5
b3552,74,question,en,0.0,1.0,0.5,0.5
b3553,74,question,en,0.0,1.0,0.5,0.5
b3554,74,question,en,0.0,1.0,0.5,0.5
b3555,74,question,en,0.0,1.0,0.5,0.5
b3556,74,question,en,0.0,1.0,0.5,0.5
b3557,74,question,en,0.0,1.0,0.5,0.5
b3558,74,question,en,0.0,1.0,0.5,0.5
b3559,74,question,en,0.0,1.0,0.5,0.5
b3560,74,question,en,0.0,1.0,0.5,0.5
b1656,53|182|181|56|52,question,en,0.0,1.0,0.5,0.5
b1657,181|53|185|52|54,question,en,0.0,1.0,0.5,0.5
b1658,179|183|184|53|52|55,question,en,0.0,1.0,0.5,0.5
b1659,179|183|184|53|52|54,question,en,0.0,1.0,0.5,0.5
b1660,179|183|53|182|56|54,question,en,0.0,1.0,0.5,0.5
b1661,179|53|182|181|55|52,question,en,0.0,1.0,0.5,0.5
b1662,183|184|53|52|54,question,en,0.0,1.0,0.5,0.5
b1663,181|55|53|182,question,en,0.0,1.0,0.5,0.5
b1664,179|53|182|181|55|52,question,en,0.0,1.0,0.5,0.5
b21,181|179|9|2,question,en,0.0,1.0,0.5,0.5
b22,179|7|182|6,question,en,0.0,1.0,0.5,0.5
b23,183|2|8,question,en,0.0,1.0,0.5,0.5
b24,184|7|6,question,en,0.0,1.0,0.5,0.5
b25,181|7|6,question,en,0.0,1.0,0.5,0.5
b26,7|182|6,question,en,0.0,1.0,0.5,0.5
b27,179|4|2|183,question,en,0.0,1.0,0.5,0.5
b28,184|7|6,question,en,0.0,1.0,0.5,0.5
b29,4|2|183,question,en,0.0,1.0,0.5,0.5
b7263,85,question,en,0.0,1.0,0.5,0.5
b7266,85,question,en,0.0,1.0,0.5,0.5
b7267,85,question,en,0.0,1.0,0.5,0.5
b7268,85,question,en,0.0,1.0,0.5,0.5
b7269,85,question,en,0.0,1.0,0.5,0.5
b7270,85,question,en,0.0,1.0,0.5,0.5
b7271,85,question,en,0.0,1.0,0.5,0.5
b7273,85,question,en,0.0,1.0,0.5,0.5
b7274,85,question,en,0.0,1.0,0.5,0.5
b7275,85,question,en,0.0,1.0,0.5,0.5
b7276,85,question,en,0.0,1.0,0.5,0.5
b7282,85,question,en,0.0,1.0,0.5,0.5
b7288,77,question,en,0.0,1.0,0.5,0.5
b7289,77,question,en,0.0,1.0,0.5,0.5
b7290,77,question,en,0.0,1.0,0.5,0.5
b7291,77,question,en,0.0,1.0,0.5,0.5
b7295,77,question,en,0.0,1.0,0.5,0.5
b7297,77,question,en,0.0,1.0,0.5,0.5
b7298,77,question,en,0.0,1.0,0.5,0.5
b7299,77,question,en,0.0,1.0,0.5,0.5
b7302,77,question,en,0.0,1.0,0.5,0.5
b7305,77,question,en,0.0,1.0,0.5,0.5
b7306,77,question,en,0.0,1.0,0.5,0.5
b7307,106,question,en,0.0,1.0,0.5,0.5
b7308,106,question,en,0.0,1.0,0.5,0.5
b7309,106,question,en,0.0,1.0,0.5,0.5
b7310,106,question,en,0.0,1.0,0.5,0.5
b7313,76,question,en,0.0,1.0,0.5,0.5
b7314,76,question,en,0.0,1.0,0.5,0.5
b7315,76,question,en,0.0,1.0,0.5,0.5
b7316,76,question,en,0.0,1.0,0.5,0.5
b7318,76,question,en,0.0,1.0,0.5,0.5
b7320,76,question,en,0.0,1.0,0.5,0.5
b7321,76,question,en,0.0,1.0,0.5,0.5
b7322,76,question,en,0.0,1.0,0.5,0.5
b7323,76,question,en,0.0,1.0,0.5,0.5
b7324,76,question,en,0.0,1.0,0.5,0.5
b7325,76,question,en,0.0,1.0,0.5,0.5
b7326,76,question,en,0.0,1.0,0.5,0.5
b7327,76,question,en,0.0,1.0,0.5,0.5
b7328,76,question,en,0.0,1.0,0.5,0.5
b7329,76,question,en,0.0,1.0,0.5,0.5
b7330,76,question,en,0.0,1.0,0.5,0.5
b7334,84,question,en,0.0,1.0,0.5,0.5
b7335,84,question,en,0.0,1.0,0.5,0.5
b7336,83,question,en,0.0,1.0,0.5,0.5
b7337,83,question,en,0.0,1.0,0.5,0.5
b7340,83,question,en,0.0,1.0,0.5,0.5
b7341,83,question,en,0.0,1.0,0.5,0.5
b7342,83,question,en,0.0,1.0,0.5,0.5
b7343,83,question,en,0.0,1.0,0.5,0.5
b7346,83,question,en,0.0,1.0,0.5,0.5
b7349,83,question,en,0.0,1.0,0.5,0.5
b7356,83,question,en,0.0,1.0,0.5,0.5
b7359,71,question,en,0.0,1.0,0.5,0.5
b7360,71,question,en,0.0,1.0,0.5,0.5
b2708,122,question,en,0.0,1.0,0.5,0.5
b2709,88,question,en,0.0,1.0,0.5,0.5
b2710,75,question,en,0.0,1.0,0.5,0.5
b2711,84,question,en,0.0,1.0,0.5,0.5
b2712,86,question,en,0.0,1.0,0.5,0.5
b2713,135,question,en,0.0,1.0,0.5,0.5
b2715,74,question,en,0.0,1.0,0.5,0.5
b2716,71,question,en,0.0,1.0,0.5,0.5
b2718,71,question,en,0.0,1.0,0.5,0.5
b2719,72,question,en,0.0,1.0,0.5,0.5
b2720,118,question,en,0.0,1.0,0.5,0.5
b2721,81,question,en,0.0,1.0,0.5,0.5
b2723,77,question,en,0.0,1.0,0.5,0.5
b2724,106,question,en,0.0,1.0,0.5,0.5
b2725,85,question,en,0.0,1.0,0.5,0.5
b2727,84,question,en,0.0,1.0,0.5,0.5
b2728,92,question,en,0.0,1.0,0.5,0.5
b2729,84,question,en,0.0,1.0,0.5,0.5
b2731,124,question,en,0.0,1.0,0.5,0.5
b2732,101,question,en,0.0,1.0,0.5,0.5
b2733,74,question,en,0.0,1.0,0.5,0.5
b2736,86,question,en,0.0,1.0,0.5,0.5
b2737,75,question,en,0.0,1.0,0.5,0.5
b2739,78,question,en,0.0,1.0,0.5,0.5
b2740,106,question,en,0.0,1.0,0.5,0.5
b2741,84,question,en,0.0,1.0,0.5,0.5
b2742,107,question,en,0.0,1.0,0.5,0.5
b2743,84,question,en,0.0,1.0,0.5,0.5
b2744,80,question,en,0.0,1.0,0.5,0.5
b2745,119,question,en,0.0,1.0,0.5,0.5
b2747,85,question,en,0.0,1.0,0.5,0.5
b5287,167|150|177|153|168,question,en,0.0,1.0,0.5,0.5
b5288,167|150|177|156|153|168,question,en,0.0,1.0,0.5,0.5
b5289,148|167|177|156|153|168,question,en,0.0,1.0,0.5,0.5
b5290,167|150|177|156|153|168,question,en,0.0,1.0,0.5,0.5
b5291,148|167|150|177|156|168,question,en,0.0,1.0,0.5,0.5
b5401,169|150|155|177|153|149,question,en,0.0,1.0,0.5,0.5
b5402,148|169|177|157|153|151,question,en,0.0,1.0,0.5,0.5
b2185,74,question,en,0.0,1.0,0.5,0.5
b2186,74,question,en,0.0,1.0,0.5,0.5
b2187,105,question,en,0.0,1.0,0.5,0.5
b2188,74,question,en,0.0,1.0,0.5,0.5
b2189,74,question,en,0.0,1.0,0.5,0.5
b2190,74,question,en,0.0,1.0,0.5,0.5
b2191,133,question,en,0.0,1.0,0.5,0.5
b2192,74,question,en,0.0,1.0,0.5,0.5
b2193,74,question,en,0.0,1.0,0.5,0.5
b2194,74,question,en,0.0,1.0,0.5,0.5
b2195,74,question,en,0.0,1.0,0.5,0.5
b2196,74,question,en,0.0,1.0,0.5,0.5
b2197,144,question,en,0.0,1.0,0.5,0.5
b2198,93,question,en,0.0,1.0,0.5,0.5
b2199,77,question,en,0.0,1.0,0.5,0.5
b2202,77,question,en,0.0,1.0,0.5,0.5
b2204,77,question,en,0.0,1.0,0.5,0.5
b2206,77,question,en,0.0,1.0,0.5,0.5
b2208,85,question,en,0.0,1.0,0.5,0.5
b2210,85,question,en,0.0,1.0,0.5,0.5
b2213,85,question,en,0.0,1.0,0.5,0.5
b2214,104,question,en,0.0,1.0,0.5,0.5
b2215,85,question,en,0.0,1.0,0.5,0.5
b2216,123,question,en,0.0,1.0,0.5,0.5
b2218,119,question,en,0.0,1.0,0.5,0.5
b2219,121,question,en,0.0,1.0,0.5,0.5
b2220,89,question,en,0.0,1.0,0.5,0.5
b2221,89,question,en,0.0,1.0,0.5,0.5
b2222,87,question,en,0.0,1.0,0.5,0.5
b2223,137,question,en,0.0,1.0,0.5,0.5
b2224,126,question,en,0.0,1.0,0.5,0.5
b2226,122,question,en,0.0,1.0,0.5,0.5
b2227,132,question,en,0.0,1.0,0.5,0.5
b2229,122,question,en,0.0,1.0,0.5,0.5
b2230,124,question,en,0.0,1.0,0.5,0.5
b2231,123,question,en,0.0,1.0,0.5,0.5
b2232,126,question,en,0.0,1.0,0.5,0.5
b2233,85,question,en,0.0,1.0,0.5,0.5
b5590,179|2|5|182,question,en,0.0,1.0,0.5,0.5
b5591,9|2|183,question,en,0.0,1.0,0.5,0.5
b5592,179|1|184|2,question,en,0.0,1.0,0.5,0.5
b5593,181|3|2,question,en,0.0,1.0,0.5,0.5
b5594,7|182|6,question,en,0.0,1.0,0.5,0.5
b5595,183|7|6,question,en,0.0,1.0,0.5,0.5
b5596,18|184|7,question,en,0.0,1.0,0.5,0.5
b5597,179|183|7|17,question,en,0.0,1.0,0.5,0.5
b5598,7|182|6,question,en,0.0,1.0,0.5,0.5
b4060,119,question,en,0.0,1.0,0.5,0.5
b4062,104,question,en,0.0,1.0,0.5,0.5
b4063,80,question,en,0.0,1.0,0.5,0.5
b4064,80,question,en,0.0,1.0,0.5,0.5
b4065,84,question,en,0.0,1.0,0.5,0.5
b4067,80,question,en,0.0,1.0,0.5,0.5
b4069,80,question,en,0.0,1.0,0.5,0.5
b4070,84,question,en,0.0,1.0,0.5,0.5
b4071,98,question,en,0.0,1.0,0.5,0.5
b4072,80,question,en,0.0,1.0,0.5,0.5
b4074,98,question,en,0.0,1.0,0.5,0.5
b4075,84,question,en,0.0,1.0,0.5,0.5
b4076,84,question,en,0.0,1.0,0.5,0.5
b4077,80,question,en,0.0,1.0,0.5,0.5
b4079,80,question,en,0.0,1.0,0.5,0.5
b4080,84,question,en,0.0,1.0,0.5,0.5
b4081,84,question,en,0.0,1.0,0.5,0.5
b4082,98,question,en,0.0,1.0,0.5,0.5
b4083,98,question,en,0.0,1.0,0.5,0.5
b4084,80,question,en,0.0,1.0,0.5,0.5
b4085,104,question,en,0.0,1.0,0.5,0.5
b4087,84,question,en,0.0,1.0,0.5,0.5
b4089,80,question,en,0.0,1.0,0.5,0.5
b4090,84,question,en,0.0,1.0,0.5,0.5
b4091,84,question,en,0.0,1.0,0.5,0.5
b4092,84,question,en,0.0,1.0,0.5,0.5
b4093,84,question,en,0.0,1.0,0.5,0.5
b4094,84,question,en,0.0,1.0,0.5,0.5
b4095,84,question,en,0.0,1.0,0.5,0.5
b4096,84,question,en,0.0,1.0,0.5,0.5
b4097,84,question,en,0.0,1.0,0.5,0.5
b4098,98,question,en,0.0,1.0,0.5,0.5
b4099,84,question,en,0.0,1.0,0.5,0.5
b4100,84,question,en,0.0,1.0,0.5,0.5
b4101,98,question,en,0.0,1.0,0.5,0.5
b4102,80,question,en,0.0,1.0,0.5,0.5
b4103,98,question,en,0.0,1.0,0.5,0.5
b4104,84,question,en,0.0,1.0,0.5,0.5
b4105,80,question,en,0.0,1.0,0.5,0.5
b4106,104,question,en,0.0,1.0,0.5,0.5
b4107,104,question,en,0.0,1.0,0.5,0.5
b4108,80,question,en,0.0,1.0,0.5,0.5
b4109,84,question,en,0.0,1.0,0.5,0.5
b4110,84,question,en,0.0,1.0,0.5,0.5
b4112,84,question,en,0.0,1.0,0.5,0.5
b4114,80,question,en,0.0,1.0,0.5,0.5
b4115,84,question,en,0.0,1.0,0.5,0.5
b4116,98,question,en,0.0,1.0,0.5,0.5
b4117,104,question,en,0.0,1.0,0.5,0.5
b4118,84,question,en,0.0,1.0,0.5,0.5
b4119,98,question,en,0.0,1.0,0.5,0.5
b4120,98,question,en,0.0,1.0,0.5,0.5
b4121,84,question,en,0.0,1.0,0.5,0.5
b4122,104,question,en,0.0,1.0,0.5,0.5
b4123,80,question,en,0.0,1.0,0.5,0.5
b4124,98,question,en,0.0,1.0,0.5,0.5
b4125,98,question,en,0.0,1.0,0.5,0.5
b4126,80,question,en,0.0,1.0,0.5,0.5
b4127,98,question,en,0.0,1.0,0.5,0.5
b4128,104,question,en,0.0,1.0,0.5,0.5
b4129,98,question,en,0.0,1.0,0.5,0.5
b4130,98,question,en,0.0,1.0,0.5,0.5
b4131,84,question,en,0.0,1.0,0.5,0.5
b4132,98,question,en,0.0,1.0,0.5,0.5
b4135,84,question,en,0.0,1.0,0.5,0.5
b4138,98,question,en,0.0,1.0,0.5,0.5
b4139,104,question,en,0.0,1.0,0.5,0.5
b6974,78,question,en,0.0,1.0,0.5,0.5
b6975,78,question,en,0.0,1.0,0.5,0.5
b6976,78,question,en,0.0,1.0,0.5,0.5
b6978,78,question,en,0.0,1.0,0.5,0.5
b6979,78,question,en,0.0,1.0,0.5,0.5
b6981,78,question,en,0.0,1.0,0.5,0.5
b6982,133,question,en,0.0,1.0,0.5,0.5
b6983,78,question,en,0.0,1.0,0.5,0.5
b6984,78,question,en,0.0,1.0,0.5,0.5
b6985,78,question,en,0.0,1.0,0.5,0.5
b6987,78,question,en,0.0,1.0,0.5,0.5
b6988,78,question,en,0.0,1.0,0.5,0.5
b6989,133,question,en,0.0,1.0,0.5,0.5
b6990,78,question,en,0.0,1.0,0.5,0.5
b6992,78,question,en,0.0,1.0,0.5,0.5
b6994,78,question,en,0.0,1.0,0.5,0.5
b6995,78,question,en,0.0,1.0,0.5,0.5
b6997,78,question,en,0.0,1.0,0.5,0.5
b6998,78,question,en,0.0,1.0,0.5,0.5
b6999,78,question,en,0.0,1.0,0.5,0.5
b7000,78,question,en,0.0,1.0,0.5,0.5
b7001,78,question,en,0.0,1.0,0.5,0.5
b7002,78,question,en,0.0,1.0,0.5,0.5
b7003,78,question,en,0.0,1.0,0.5,0.5
b7004,78,question,en,0.0,1.0,0.5,0.5
b7007,78,question,en,0.0,1.0,0.5,0.5
b7008,78,question,en,0.0,1.0,0.5,0.5
b7012,78,question,en,0.0,1.0,0.5,0.5
b7013,78,question,en,0.0,1.0,0.5,0.5
b7017,78,question,en,0.0,1.0,0.5,0.5
b7018,78,question,en,0.0,1.0,0.5,0.5
b1767,179|53|182|181|54|52,question,en,0.0,1.0,0.5,0.5
b1769,183|184|53|55|56,question,en,0.0,1.0,0.5,0.5
b1770,179|53|182|181|55,question,en,0.0,1.0,0.5,0.5
b1771,183|184|53|56|54,question,en,0.0,1.0,0.5,0.5
b1772,179|183|53|182|52,question,en,0.0,1.0,0.5,0.5
b1773,53|182|181|55|54,question,en,0.0,1.0,0.5,0.5
b1774,183|184|53|55|56,question,en,0.0,1.0,0.5,0.5
b1775,181|53|182|52,question,en,0.0,1.0,0.5,0.5
b1776,179|182|181|56|54|52,question,en,0.0,1.0,0.5,0.5
b3750,95,question,en,0.0,1.0,0.5,0.5
b3751,123,question,en,0.0,1.0,0.5,0.5
b3752,126,question,en,0.0,1.0,0.5,0.5
b3753,123,question,en,0.0,1.0,0.5,0.5
b3754,90,question,en,0.0,1.0,0.5,0.5
b3755,138,question,en,0.0,1.0,0.5,0.5
b3756,90,question,en,0.0,1.0,0.5,0.5
b3757,90,question,en,0.0,1.0,0.5,0.5
b3758,121,question,en,0.0,1.0,0.5,0.5
b3759,119,question,en,0.0,1.0,0.5,0.5
b3760,121,question,en,0.0,1.0,0.5,0.5
b3761,121,question,en,0.0,1.0,0.5,0.5
b3762,122,question,en,0.0,1.0,0.5,0.5
b3763,95,question,en,0.0,1.0,0.5,0.5
b3764,119,question,en,0.0,1.0,0.5,0.5
b3765,73,question,en,0.0,1.0,0.5,0.5
b3766,72,question,en,0.0,1.0,0.5,0.5
b3767,119,question,en,0.0,1.0,0.5,0.5
b3768,90,question,en,0.0,1.0,0.5,0.5
b3769,72,question,en,0.0,1.0,0.5,0.5
b3770,138,question,en,0.0,1.0,0.5,0.5
b3771,119,question,en,0.0,1.0,0.5,0.5
b3772,90,question,en,0.0,1.0,0.5,0.5
b3773,119,question,en,0.0,1.0,0.5,0.5
b3774,140,question,en,0.0,1.0,0.5,0.5
b3775,123,question,en,0.0,1.0,0.5,0.5
b3776,119,question,en,0.0,1.0,0.5,0.5
b3777,138,question,en,0.0,1.0,0.5,0.5
b3778,123,question,en,0.0,1.0,0.5,0.5
b3779,90,question,en,0.0,1.0,0.5,0.5
b3780,97,question,en,0.0,1.0,0.5,0.5
b3781,90,question,en,0.0,1.0,0.5,0.5
b3782,73,question,en,0.0,1.0,0.5,0.5
b3783,73,question,en,0.0,1.0,0.5,0.5
b3785,120,question,en,0.0,1.0,0.5,0.5
b3786,119,question,en,0.0,1.0,0.5,0.5
b3787,90,question,en,0.0,1.0,0.5,0.5
b3788,120,question,en,0.0,1.0,0.5,0.5
b3789,125,question,en,0.0,1.0,0.5,0.5
b3790,87,question,en,0.0,1.0,0.5,0.5
b3791,121,question,en,0.0,1.0,0.5,0.5
b3792,121,question,en,0.0,1.0,0.5,0.5
b3793,119,question,en,0.0,1.0,0.5,0.5
b3794,108,question,en,0.0,1.0,0.5,0.5
b3795,119,question,en,0.0,1.0,0.5,0.5
b3796,122,question,en,0.0,1.0,0.5,0.5
b3797,121,question,en,0.0,1.0,0.5,0.5
b3798,121,question,en,0.0,1.0,0.5,0.5
b3799,123,question,en,0.0,1.0,0.5,0.5
b3800,119,question,en,0.0,1.0,0.5,0.5
b3801,119,question,en,0.0,1.0,0.5,0.5
b3802,120,question,en,0.0,1.0,0.5,0.5
b3803,138,question,en,0.0,1.0,0.5,0.5
b3804,123,question,en,0.0,1.0,0.5,0.5
b3805,119,question,en,0.0,1.0,0.5,0.5
b3806,90,question,en,0.0,1.0,0.5,0.5
b3807,119,question,en,0.0,1.0,0.5,0.5
b3809,93,question,en,0.0,1.0,0.5,0.5
b3811,93,question,en,0.0,1.0,0.5,0.5
b3812,93,question,en,0.0,1.0,0.5,0.5
b3813,93,question,en,0.0,1.0,0.5,0.5
b3814,117,question,en,0.0,1.0,0.5,0.5
b3815,93,question,en,0.0,1.0,0.5,0.5
b3816,117,question,en,0.0,1.0,0.5,0.5
b3817,93,question,en,0.0,1.0,0.5,0.5
b3818,79,question,en,0.0,1.0,0.5,0.5
b3819,79,question,en,0.0,1.0,0.5,0.5
b3820,79,question,en,0.0,1.0,0.5,0.5
b3821,79,question,en,0.0,1.0,0.5,0.5
b3822,80,question,en,0.0,1.0,0.5,0.5
b3823,80,question,en,0.0,1.0,0.5,0.5
b3824,80,question,en,0.0,1.0,0.5,0.5
b3825,80,question,en,0.0,1.0,0.5,0.5
b3826,84,question,en,0.0,1.0,0.5,0.5
b3827,80,question,en,0.0,1.0,0.5,0.5
b3828,80,question,en,0.0,1.0,0.5,0.5
b3829,80,question,en,0.0,1.0,0.5,0.5
b3830,80,question,en,0.0,1.0,0.5,0.5
b3831,80,question,en,0.0,1.0,0.5,0.5
b3832,98,question,en,0.0,1.0,0.5,0.5
b3833,98,question,en,0.0,1.0,0.5,0.5
b3834,98,question,en,0.0,1.0,0.5,0.5
b3835,98,question,en,0.0,1.0,0.5,0.5
b3836,130,question,en,0.0,1.0,0.5,0.5
b3837,130,question,en,0.0,1.0,0.5,0.5
b3838,130,question,en,0.0,1.0,0.5,0.5
b3839,130,question,en,0.0,1.0,0.5,0.5
b3840,130,question,en,0.0,1.0,0.5,0.5
b3841,130,question,en,0.0,1.0,0.5,0.5
b3842,105,question,en,0.0,1.0,0.5,0.5
b3843,92,question,en,0.0,1.0,0.5,0.5
b3844,92,question,en,0.0,1.0,0.5,0.5
b3845,113,question,en,0.0,1.0,0.5,0.5
b3846,92,question,en,0.0,1.0,0.5,0.5
b3847,92,question,en,0.0,1.0,0.5,0.5
b3848,113,question,en,0.0,1.0,0.5,0.5
b3849,92,question,en,0.0,1.0,0.5,0.5
b3850,92,question,en,0.0,1.0,0.5,0.5
b3851,92,question,en,0.0,1.0,0.5,0.5
b3852,114,question,en,0.0,1.0,0.5,0.5
b3853,114,question,en,0.0,1.0,0.5,0.5
b3854,114,question,en,0.0,1.0,0.5,0.5
b3855,114,question,en,0.0,1.0,0.5,0.5
b3856,81,question,en,0.0,1.0,0.5,0.5
b3857,81,question,en,0.0,1.0,0.5,0.5
b3858,92,question,en,0.0,1.0,0.5,0.5
b3859,114,question,en,0.0,1.0,0.5,0.5
b3860,115,question,en,0.0,1.0,0.5,0.5
b3861,115,question,en,0.0,1.0,0.5,0.5
b3862,116,question,en,0.0,1.0,0.5,0.5
b3863,116,question,en,0.0,1.0,0.5,0.5
b3864,116,question,en,0.0,1.0,0.5,0.5
b3865,116,question,en,0.0,1.0,0.5,0.5
b3866,116,question,en,0.0,1.0,0.5,0.5
b3867,78,question,en,0.0,1.0,0.5,0.5
b3868,92,question,en,0.0,1.0,0.5,0.5
b3869,92,question,en,0.0,1.0,0.5,0.5
b3870,116,question,en,0.0,1.0,0.5,0.5
b3871,92,question,en,0.0,1.0,0.5,0.5
b3872,135,question,en,0.0,1.0,0.5,0.5
b3873,135,question,en,0.0,1.0,0.5,0.5
b3874,135,question,en,0.0,1.0,0.5,0.5
b3875,135,question,en,0.0,1.0,0.5,0.5
b3876,135,question,en,0.0,1.0,0.5,0.5
b3877,135,question,en,0.0,1.0,0.5,0.5
b3878,72,question,en,0.0,1.0,0.5,0.5
b3879,72,question,en,0.0,1.0,0.5,0.5
b3880,72,question,en,0.0,1.0,0.5,0.5
b3881,81,question,en,0.0,1.0,0.5,0.5
b3882,81,question,en,0.0,1.0,0.5,0.5
b3883,81,question,en,0.0,1.0,0.5,0.5
b3884,81,question,en,0.0,1.0,0.5,0.5
b3885,81,question,en,0.0,1.0,0.5,0.5
b3886,90,question,en,0.0,1.0,0.5,0.5
b3887,78,question,en,0.0,1.0,0.5,0.5
b3888,78,question,en,0.0,1.0,0.5,0.5
b3889,78,question,en,0.0,1.0,0.5,0.5
b3890,78,question,en,0.0,1.0,0.5,0.5
b3891,78,question,en,0.0,1.0,0.5,0.5
b3892,78,question,en,0.0,1.0,0.5,0.5
b3893,78,question,en,0.0,1.0,0.5,0.5
b3894,78,question,en,0.0,1.0,0.5,0.5
b3895,78,question,en,0.0,1.0,0.5,0.5
b3896,78,question,en,0.0,1.0,0.5,0.5
b3897,78,question,en,0.0,1.0,0.5,0.5
b3898,78,question,en,0.0,1.0,0.5,0.5
b3899,78,question,en,0.0,1.0,0.5,0.5
b3900,86,question,en,0.0,1.0,0.5,0.5
b3901,106,question,en,0.0,1.0,0.5,0.5
b3902,106,question,en,0.0,1.0,0.5,0.5
b3903,106,question,en,0.0,1.0,0.5,0.5
b3904,106,question,en,0.0,1.0,0.5,0.5
b3905,82,question,en,0.0,1.0,0.5,0.5
b3906,86,question,en,0.0,1.0,0.5,0.5
b3907,86,question,en,0.0,1.0,0.5,0.5
b3908,98,question,en,0.0,1.0,0.5,0.5
b3909,84,question,en,0.0,1.0,0.5,0.5
b3910,98,question,en,0.0,1.0,0.5,0.5
b3911,104,question,en,0.0,1.0,0.5,0.5
b3912,84,question,en,0.0,1.0,0.5,0.5
b3913,84,question,en,0.0,1.0,0.5,0.5
b3914,71,question,en,0.0,1.0,0.5,0.5
b3915,71,question,en,0.0,1.0,0.5,0.5
b3916,71,question,en,0.0,1.0,0.5,0.5
b3917,71,question,en,0.0,1.0,0.5,0.5
b3918,71,question,en,0.0,1.0,0.5,0.5
b3919,71,question,en,0.0,1.0,0.5,0.5
b3920,138,question,en,0.0,1.0,0.5,0.5
b3921,138,question,en,0.0,1.0,0.5,0.5
b3922,138,question,en,0.0,1.0,0.5,0.5
b3923,138,question,en,0.0,1.0,0.5,0.5
b3924,138,question,en,0.0,1.0,0.5,0.5
b3925,133,question,en,0.0,1.0,0.5,0.5
b3926,133,question,en,0.0,1.0,0.5,0.5
b3927,133,question,en,0.0,1.0,0.5,0.5
b3928,133,question,en,0.0,1.0,0.5,0.5
b3929,105,question,en,0.0,1.0,0.5,0.5
b3930,105,question,en,0.0,1.0,0.5,0.5
b3931,74,question,en,0.0,1.0,0.5,0.5
b3932,99,question,en,0.0,1.0,0.5,0.5
b3933,97,question,en,0.0,1.0,0.5,0.5
b3934,90,question,en,0.0,1.0,0.5,0.5
b3936,78,question,en,0.0,1.0,0.5,0.5
b3937,97,question,en,0.0,1.0,0.5,0.5
b3938,134,question,en,0.0,1.0,0.5,0.5
b3939,133,question,en,0.0,1.0,0.5,0.5
b3940,78,question,en,0.0,1.0,0.5,0.5
b3941,78,question,en,0.0,1.0,0.5,0.5
b3942,78,question,en,0.0,1.0,0.5,0.5
b3943,72,question,en,0.0,1.0,0.5,0.5
b3944,78,question,en,0.0,1.0,0.5,0.5
b3945,133,question,en,0.0,1.0,0.5,0.5
b3946,134,question,en,0.0,1.0,0.5,0.5
b3948,134,question,en,0.0,1.0,0.5,0.5
b3949,133,question,en,0.0,1.0,0.5,0.5
b3950,78,question,en,0.0,1.0,0.5,0.5
b3951,78,question,en,0.0,1.0,0.5,0.5
b3952,78,question,en,0.0,1.0,0.5,0.5
b3953,78,question,en,0.0,1.0,0.5,0.5
b3954,78,question,en,0.0,1.0,0.5,0.5
b3955,104,question,en,0.0,1.0,0.5,0.5
b3956,98,question,en,0.0,1.0,0.5,0.5
b3957,78,question,en,0.0,1.0,0.5,0.5
b3958,71,question,en,0.0,1.0,0.5,0.5
b3959,83,question,en,0.0,1.0,0.5,0.5
b566,181|183|24|43,question,en,0.0,1.0,0.5,0.5
b568,183|182|24|25,question,en,0.0,1.0,0.5,0.5
b570,181|184|24|40,question,en,0.0,1.0,0.5,0.5
b574,181|182|24|40,question,en,0.0,1.0,0.5,0.5
b575,41|184|181|24,question,en,0.0,1.0,0.5,0.5
b576,183|184|26|24,question,en,0.0,1.0,0.5,0.5
b577,28|179|184|29|181,question,en,0.0,1.0,0.5,0.5
b578,181|183|24|40,question,en,0.0,1.0,0.5,0.5
b580,181|183|24|25,question,en,0.0,1.0,0.5,0.5
b581,183|184|26|24,question,en,0.0,1.0,0.5,0.5
b583,44|184|30|45|182,question,en,0.0,1.0,0.5,0.5
b584,184|27|24|43|181,question,en,0.0,1.0,0.5,0.5
b589,181|44|45|182,question,en,0.0,1.0,0.5,0.5
b590,184|31|37|182,question,en,0.0,1.0,0.5,0.5
b591,28|29|181|183,question,en,0.0,1.0,0.5,0.5
b592,184|35|30|34|182,question,en,0.0,1.0,0.5,0.5
b593,183|31|32|182,question,en,0.0,1.0,0.5,0.5
b5259,149|179|155|162|178|158|151,question,en,0.0,1.0,0.5,0.5
b2038,60|181|56|54|58,question,en,0.0,1.0,0.5,0.5
b2039,184|68|55|56|58,question,en,0.0,1.0,0.5,0.5
b2040,53|63|182|52|58,question,en,0.0,1.0,0.5,0.5
b2042,184|53|59|52|58,question,en,0.0,1.0,0.5,0.5
b2043,179|53|60|181|54|58,question,en,0.0,1.0,0.5,0.5
b2044,179|183|59|52|54|58,question,en,0.0,1.0,0.5,0.5
b2045,184|67|56|54|58,question,en,0.0,1.0,0.5,0.5
b2046,183|59|56|54|58,question,en,0.0,1.0,0.5,0.5
b8474,86|85|88|143,question,en,0.0,1.0,0.5,0.5
b8475,86|76|83|143,question,en,0.0,1.0,0.5,0.5
b8476,85|105|108|143,question,en,0.0,1.0,0.5,0.5
b8477,76|134|138|143,question,en,0.0,1.0,0.5,0.5
b8478,143|76|87|88,question,en,0.0,1.0,0.5,0.5
b8479,76|122|77|143,question,en,0.0,1.0,0.5,0.5
b8480,85|83|105|143,question,en,0.0,1.0,0.5,0.5
b8481,143|89|77|88,question,en,0.0,1.0,0.5,0.5
b8482,85|120|135|143,question,en,0.0,1.0,0.5,0.5
b8483,85|108|74|143,question,en,0.0,1.0,0.5,0.5
b8564,98|78|77|143,question,en,0.0,1.0,0.5,0.5
b8565,85|116|77|143,question,en,0.0,1.0,0.5,0.5
b8566,76|71|143|88,question,en,0.0,1.0,0.5,0.5
b8567,85|83|80|143,question,en,0.0,1.0,0.5,0.5
b8568,86|76|74|143,question,en,0.0,1.0,0.5,0.5
b8569,143|85|77|78,question,en,0.0,1.0,0.5,0.5
b8570,86|83|105|143,question,en,0.0,1.0,0.5,0.5
b8571,76|133|79|143,question,en,0.0,1.0,0.5,0.5
b8572,76|71|92|143,question,en,0.0,1.0,0.5,0.5
b8573,120|94|77|143,question,en,0.0,1.0,0.5,0.5
b1530,53|181|182|52|54,question,en,0.0,1.0,0.5,0.5
b1531,179|53|182|181|55,question,en,0.0,1.0,0.5,0.5
b1532,184|53|181|55|52,question,en,0.0,1.0,0.5,0.5
b1533,53|182|181|55|54,question,en,0.0,1.0,0.5,0.5
b1534,179|183|184|53|52|54,question,en,0.0,1.0,0.5,0.5
b1535,179|183|53|182|56|54,question,en,0.0,1.0,0.5,0.5
b1536,181|56|182|52,question,en,0.0,1.0,0.5,0.5
b1537,179|183|184|53|52|54,question,en,0.0,1.0,0.5,0.5
b1538,182|181|56|55|52,question,en,0.0,1.0,0.5,0.5
b1539,181|55|53|182,question,en,0.0,1.0,0.5,0.5
b1705,182|181|56|55|54,question,en,0.0,1.0,0.5,0.5
b1706,179|182|181|56|54,question,en,0.0,1.0,0.5,0.5
b1707,179|183|184|53|52,question,en,0.0,1.0,0.5,0.5
b1708,179|184|53|182|52|55,question,en,0.0,1.0,0.5,0.5
b1709,52|183|184|53,question,en,0.0,1.0,0.5,0.5
b1710,183|53|54|182,question,en,0.0,1.0,0.5,0.5
b1712,183|184|53|55|54,question,en,0.0,1.0,0.5,0.5
b1713,52|54|181|182,question,en,0.0,1.0,0.5,0.5
b1714,179|53|182|181|54,question,en,0.0,1.0,0.5,0.5
b3960,86,question,en,0.0,1.0,0.5,0.5
b3961,86,question,en,0.0,1.0,0.5,0.5
b3963,86,question,en,0.0,1.0,0.5,0.5
b3964,86,question,en,0.0,1.0,0.5,0.5
b3965,96,question,en,0.0,1.0,0.5,0.5
b3966,106,question,en,0.0,1.0,0.5,0.5
b3967,96,question,en,0.0,1.0,0.5,0.5
b3969,82,question,en,0.0,1.0,0.5,0.5
b3970,96,question,en,0.0,1.0,0.5,0.5
b3972,86,question,en,0.0,1.0,0.5,0.5
b3973,96,question,en,0.0,1.0,0.5,0.5
b3974,96,question,en,0.0,1.0,0.5,0.5
b3976,103,question,en,0.0,1.0,0.5,0.5
b3978,86,question,en,0.0,1.0,0.5,0.5
b3979,106,question,en,0.0,1.0,0.5,0.5
b3980,82,question,en,0.0,1.0,0.5,0.5
b3983,103,question,en,0.0,1.0,0.5,0.5
b3984,82,question,en,0.0,1.0,0.5,0.5
b3985,103,question,en,0.0,1.0,0.5,0.5
b3986,82,question,en,0.0,1.0,0.5,0.5
b3987,96,question,en,0.0,1.0,0.5,0.5
b3988,82,question,en,0.0,1.0,0.5,0.5
b3989,86,question,en,0.0,1.0,0.5,0.5
b3990,106,question,en,0.0,1.0,0.5,0.5
b3991,96,question,en,0.0,1.0,0.5,0.5
b3992,106,question,en,0.0,1.0,0.5,0.5
b3993,106,question,en,0.0,1.0,0.5,0.5
b3995,103,question,en,0.0,1.0,0.5,0.5
b3996,106,question,en,0.0,1.0,0.5,0.5
b3997,106,question,en,0.0,1.0,0.5,0.5
b3999,96,question,en,0.0,1.0,0.5,0.5
b4000,106,question,en,0.0,1.0,0.5,0.5
b4001,86,question,en,0.0,1.0,0.5,0.5
b4002,103,question,en,0.0,1.0,0.5,0.5
b4003,86,question,en,0.0,1.0,0.5,0.5
b4004,106,question,en,0.0,1.0,0.5,0.5
b4005,106,question,en,0.0,1.0,0.5,0.5
b4006,106,question,en,0.0,1.0,0.5,0.5
b4007,103,question,en,0.0,1.0,0.5,0.5
b4008,106,question,en,0.0,1.0,0.5,0.5
b4009,106,question,en,0.0,1.0,0.5,0.5
b4010,103,question,en,0.0,1.0,0.5,0.5
b4011,106,question,en,0.0,1.0,0.5,0.5
b4012,106,question,en,0.0,1.0,0.5,0.5
b4013,86,question,en,0.0,1.0,0.5,0.5
b4014,86,question,en,0.0,1.0,0.5,0.5
b4015,86,question,en,0.0,1.0,0.5,0.5
b4016,86,question,en,0.0,1.0,0.5,0.5
b4017,96,question,en,0.0,1.0,0.5,0.5
b4018,96,question,en,0.0,1.0,0.5,0.5
b4019,106,question,en,0.0,1.0,0.5,0.5
b4020,86,question,en,0.0,1.0,0.5,0.5
b4021,106,question,en,0.0,1.0,0.5,0.5
b4022,96,question,en,0.0,1.0,0.5,0.5
b4023,86,question,en,0.0,1.0,0.5,0.5
b4024,82,question,en,0.0,1.0,0.5,0.5
b4025,86,question,en,0.0,1.0,0.5,0.5
b4026,82,question,en,0.0,1.0,0.5,0.5
b4028,82,question,en,0.0,1.0,0.5,0.5
b4029,103,question,en,0.0,1.0,0.5,0.5
b4030,82,question,en,0.0,1.0,0.5,0.5
b4031,106,question,en,0.0,1.0,0.5,0.5
b4032,82,question,en,0.0,1.0,0.5,0.5
b4033,82,question,en,0.0,1.0,0.5,0.5
b4034,82,question,en,0.0,1.0,0.5,0.5
b4035,82,question,en,0.0,1.0,0.5,0.5
b4036,106,question,en,0.0,1.0,0.5,0.5
b4037,106,question,en,0.0,1.0,0.5,0.5
b4038,106,question,en,0.0,1.0,0.5,0.5
b4039,96,question,en,0.0,1.0,0.5,0.5
b4040,96,question,en,0.0,1.0,0.5,0.5
b4041,96,question,en,0.0,1.0,0.5,0.5
b4042,96,question,en,0.0,1.0,0.5,0.5
b4043,82,question,en,0.0,1.0,0.5,0.5
b4044,86,question,en,0.0,1.0,0.5,0.5
b4045,86,question,en,0.0,1.0,0.5,0.5
b4046,86,question,en,0.0,1.0,0.5,0.5
b4047,82,question,en,0.0,1.0,0.5,0.5
b4048,82,question,en,0.0,1.0,0.5,0.5
b4049,86,question,en,0.0,1.0,0.5,0.5
b4051,82,question,en,0.0,1.0,0.5,0.5
b4053,82,question,en,0.0,1.0,0.5,0.5
b4054,86,question,en,0.0,1.0,0.5,0.5
b4055,106,question,en,0.0,1.0,0.5,0.5
b4056,82,question,en,0.0,1.0,0.5,0.5
b4057,106,question,en,0.0,1.0,0.5,0.5
b4058,103,question,en,0.0,1.0,0.5,0.5
b5473,149|148|155|162|178|153|158|151,question,en,0.0,1.0,0.5,0.5
b5474,170|172|173|178|153|149,question,en,0.0,1.0,0.5,0.5
b5475,149|170|150|162|178|156|158|151,question,en,0.0,1.0,0.5,0.5
b8534,86|76|71|143,question,en,0.0,1.0,0.5,0.5
b8535,134|77|73|143,question,en,0.0,1.0,0.5,0.5
b8536,101|134|80|143,question,en,0.0,1.0,0.5,0.5
b8537,143|121|76|88,question,en,0.0,1.0,0.5,0.5
b8538,86|85|83|143,question,en,0.0,1.0,0.5,0.5
b8539,143|88|77|138,question,en,0.0,1.0,0.5,0.5
b8541,98|85|77|143,question,en,0.0,1.0,0.5,0.5
b8542,86|85|83|143,question,en,0.0,1.0,0.5,0.5
b8543,86|87|77|143,question,en,0.0,1.0,0.5,0.5
b1262,181|45|31|183,question,en,0.0,1.0,0.5,0.5
b1263,50|184|182|24,question,en,0.0,1.0,0.5,0.5
b1268,41|179|184|24|181,question,en,0.0,1.0,0.5,0.5
b1269,182|184|24|40,question,en,0.0,1.0,0.5,0.5
b1271,181|50|184|24,question,en,0.0,1.0,0.5,0.5
b1274,181|183|36|37,question,en,0.0,1.0,0.5,0.5
b1275,179|184|42|34|181,question,en,0.0,1.0,0.5,0.5
b1276,181|183|34|35,question,en,0.0,1.0,0.5,0.5
b1277,183|184|24|25,question,en,0.0,1.0,0.5,0.5
b1279,184|182|26|24,question,en,0.0,1.0,0.5,0.5
b1280,184|24|23|181|33,question,en,0.0,1.0,0.5,0.5
b1282,28|29|181|182,question,en,0.0,1.0,0.5,0.5
b1283,28|183|181|43,question,en,0.0,1.0,0.5,0.5
b1284,183|182|26|24,question,en,0.0,1.0,0.5,0.5
b1286,42|184|34|182,question,en,0.0,1.0,0.5,0.5
b6254,78,question,en,0.0,1.0,0.5,0.5
b6255,135,question,en,0.0,1.0,0.5,0.5
b6256,81,question,en,0.0,1.0,0.5,0.5
b6257,78,question,en,0.0,1.0,0.5,0.5
b6258,78,question,en,0.0,1.0,0.5,0.5
b6259,78,question,en,0.0,1.0,0.5,0.5
b6260,78,question,en,0.0,1.0,0.5,0.5
b6261,78,question,en,0.0,1.0,0.5,0.5
b6262,81,question,en,0.0,1.0,0.5,0.5
b6263,133,question,en,0.0,1.0,0.5,0.5
b6264,116,question,en,0.0,1.0,0.5,0.5
b6265,114,question,en,0.0,1.0,0.5,0.5
b6266,116,question,en,0.0,1.0,0.5,0.5
b6267,71,question,en,0.0,1.0,0.5,0.5
b6268,116,question,en,0.0,1.0,0.5,0.5
b6269,114,question,en,0.0,1.0,0.5,0.5
b6270,116,question,en,0.0,1.0,0.5,0.5
b6271,113,question,en,0.0,1.0,0.5,0.5
b6272,92,question,en,0.0,1.0,0.5,0.5
b6273,116,question,en,0.0,1.0,0.5,0.5
b6274,114,question,en,0.0,1.0,0.5,0.5
b6275,92,question,en,0.0,1.0,0.5,0.5
b6276,116,question,en,0.0,1.0,0.5,0.5
b6277,81,question,en,0.0,1.0,0.5,0.5
b6278,81,question,en,0.0,1.0,0.5,0.5
b6279,116,question,en,0.0,1.0,0.5,0.5
b6280,78,question,en,0.0,1.0,0.5,0.5
b6281,81,question,en,0.0,1.0,0.5,0.5
b6282,72,question,en,0.0,1.0,0.5,0.5
b6283,72,question,en,0.0,1.0,0.5,0.5
b6284,135,question,en,0.0,1.0,0.5,0.5
b6285,78,question,en,0.0,1.0,0.5,0.5
b6286,78,question,en,0.0,1.0,0.5,0.5
b6287,78,question,en,0.0,1.0,0.5,0.5
b6288,78,question,en,0.0,1.0,0.5,0.5
b6289,115,question,en,0.0,1.0,0.5,0.5
b6290,78,question,en,0.0,1.0,0.5,0.5
b6291,92,question,en,0.0,1.0,0.5,0.5
b6292,78,question,en,0.0,1.0,0.5,0.5
b6293,78,question,en,0.0,1.0,0.5,0.5
b6294,78,question,en,0.0,1.0,0.5,0.5
b6295,116,question,en,0.0,1.0,0.5,0.5
b6296,78,question,en,0.0,1.0,0.5,0.5
b6297,78,question,en,0.0,1.0,0.5,0.5
b6298,78,question,en,0.0,1.0,0.5,0.5
b6299,115,question,en,0.0,1.0,0.5,0.5
b6300,78,question,en,0.0,1.0,0.5,0.5
b6301,114,question,en,0.0,1.0,0.5,0.5
b6302,78,question,en,0.0,1.0,0.5,0.5
b6303,113,question,en,0.0,1.0,0.5,0.5
b6304,114,question,en,0.0,1.0,0.5,0.5
b6305,78,question,en,0.0,1.0,0.5,0.5
b6306,81,question,en,0.0,1.0,0.5,0.5
b6307,116,question,en,0.0,1.0,0.5,0.5
b6308,78,question,en,0.0,1.0,0.5,0.5
b6309,115,question,en,0.0,1.0,0.5,0.5
b6310,115,question,en,0.0,1.0,0.5,0.5
b6311,78,question,en,0.0,1.0,0.5,0.5
b6312,92,question,en,0.0,1.0,0.5,0.5
b6313,135,question,en,0.0,1.0,0.5,0.5
b6314,78,question,en,0.0,1.0,0.5,0.5
b6315,92,question,en,0.0,1.0,0.5,0.5
b6316,81,question,en,0.0,1.0,0.5,0.5
b6317,78,question,en,0.0,1.0,0.5,0.5
b6318,116,question,en,0.0,1.0,0.5,0.5
b6319,116,question,en,0.0,1.0,0.5,0.5
b6320,92,question,en,0.0,1.0,0.5,0.5
b6321,78,question,en,0.0,1.0,0.5,0.5
b6322,78,question,en,0.0,1.0,0.5,0.5
b6323,115,question,en,0.0,1.0,0.5,0.5
b6324,78,question,en,0.0,1.0,0.5,0.5
b6325,114,question,en,0.0,1.0,0.5,0.5
b6326,78,question,en,0.0,1.0,0.5,0.5
b6327,81,question,en,0.0,1.0,0.5,0.5
b6328,78,question,en,0.0,1.0,0.5,0.5
b6329,81,question,en,0.0,1.0,0.5,0.5
b6330,116,question,en,0.0,1.0,0.5,0.5
b6331,78,question,en,0.0,1.0,0.5,0.5
b6332,92,question,en,0.0,1.0,0.5,0.5
b6333,116,question,en,0.0,1.0,0.5,0.5
b6334,78,question,en,0.0,1.0,0.5,0.5
b6335,81,question,en,0.0,1.0,0.5,0.5
b6336,114,question,en,0.0,1.0,0.5,0.5
b6337,78,question,en,0.0,1.0,0.5,0.5
b6338,116,question,en,0.0,1.0,0.5,0.5
b6339,116,question,en,0.0,1.0,0.5,0.5
b6340,115,question,en,0.0,1.0,0.5,0.5
b6341,72,question,en,0.0,1.0,0.5,0.5
b6342,78,question,en,0.0,1.0,0.5,0.5
b6343,133,question,en,0.0,1.0,0.5,0.5
b6344,78,question,en,0.0,1.0,0.5,0.5
b6345,78,question,en,0.0,1.0,0.5,0.5
b6346,92,question,en,0.0,1.0,0.5,0.5
b6347,78,question,en,0.0,1.0,0.5,0.5
b6348,133,question,en,0.0,1.0,0.5,0.5
b6349,116,question,en,0.0,1.0,0.5,0.5
b6350,78,question,en,0.0,1.0,0.5,0.5
b6351,78,question,en,0.0,1.0,0.5,0.5
b6352,113,question,en,0.0,1.0,0.5,0.5
b6353,78,question,en,0.0,1.0,0.5,0.5
b6354,113,question,en,0.0,1.0,0.5,0.5
b6355,78,question,en,0.0,1.0,0.5,0.5
b6356,78,question,en,0.0,1.0,0.5,0.5
b6357,78,question,en,0.0,1.0,0.5,0.5
b6358,78,question,en,0.0,1.0,0.5,0.5
b6359,113,question,en,0.0,1.0,0.5,0.5
b6360,92,question,en,0.0,1.0,0.5,0.5
b6361,133,question,en,0.0,1.0,0.5,0.5
b6362,78,question,en,0.0,1.0,0.5,0.5
b6363,81,question,en,0.0,1.0,0.5,0.5
b6364,113,question,en,0.0,1.0,0.5,0.5
b6365,78,question,en,0.0,1.0,0.5,0.5
b6366,78,question,en,0.0,1.0,0.5,0.5
b6367,92,question,en,0.0,1.0,0.5,0.5
b6368,72,question,en,0.0,1.0,0.5,0.5
b6369,78,question,en,0.0,1.0,0.5,0.5
b6370,78,question,en,0.0,1.0,0.5,0.5
b6371,81,question,en,0.0,1.0,0.5,0.5
b6372,113,question,en,0.0,1.0,0.5,0.5
b6373,112,question,en,0.0,1.0,0.5,0.5
b6374,94,question,en,0.0,1.0,0.5,0.5
b6375,78,question,en,0.0,1.0,0.5,0.5
b6376,94,question,en,0.0,1.0,0.5,0.5
b6377,78,question,en,0.0,1.0,0.5,0.5
b5056,121,question,en,0.0,1.0,0.5,0.5
b5057,124,question,en,0.0,1.0,0.5,0.5
b5058,119,question,en,0.0,1.0,0.5,0.5
b5059,120,question,en,0.0,1.0,0.5,0.5
b5060,90,question,en,0.0,1.0,0.5,0.5
b5061,119,question,en,0.0,1.0,0.5,0.5
b5062,119,question,en,0.0,1.0,0.5,0.5
b5063,119,question,en,0.0,1.0,0.5,0.5
b5064,119,question,en,0.0,1.0,0.5,0.5
b5065,120,question,en,0.0,1.0,0.5,0.5
b5066,121,question,en,0.0,1.0,0.5,0.5
b5067,119,question,en,0.0,1.0,0.5,0.5
b5068,119,question,en,0.0,1.0,0.5,0.5
b5069,119,question,en,0.0,1.0,0.5,0.5
b5070,121,question,en,0.0,1.0,0.5,0.5
b5071,90,question,en,0.0,1.0,0.5,0.5
b5072,121,question,en,0.0,1.0,0.5,0.5
b5073,95,question,en,0.0,1.0,0.5,0.5
b5074,87,question,en,0.0,1.0,0.5,0.5
b5075,90,question,en,0.0,1.0,0.5,0.5
b5076,95,question,en,0.0,1.0,0.5,0.5
b5077,90,question,en,0.0,1.0,0.5,0.5
b5078,119,question,en,0.0,1.0,0.5,0.5
b5079,95,question,en,0.0,1.0,0.5,0.5
b5080,122,question,en,0.0,1.0,0.5,0.5
b5081,119,question,en,0.0,1.0,0.5,0.5
b5082,128,question,en,0.0,1.0,0.5,0.5
b5083,119,question,en,0.0,1.0,0.5,0.5
b2559,105,question,en,0.0,1.0,0.5,0.5
b2560,72,question,en,0.0,1.0,0.5,0.5
b2561,135,question,en,0.0,1.0,0.5,0.5
b2562,72,question,en,0.0,1.0,0.5,0.5
b2563,135,question,en,0.0,1.0,0.5,0.5
b2564,72,question,en,0.0,1.0,0.5,0.5
b2565,135,question,en,0.0,1.0,0.5,0.5
b2566,135,question,en,0.0,1.0,0.5,0.5
b2567,81,question,en,0.0,1.0,0.5,0.5
b2568,81,question,en,0.0,1.0,0.5,0.5
b2569,81,question,en,0.0,1.0,0.5,0.5
b2570,81,question,en,0.0,1.0,0.5,0.5
b2571,81,question,en,0.0,1.0,0.5,0.5
b2572,81,question,en,0.0,1.0,0.5,0.5
b2573,81,question,en,0.0,1.0,0.5,0.5
b2574,116,question,en,0.0,1.0,0.5,0.5
b2575,81,question,en,0.0,1.0,0.5,0.5
b2577,133,question,en,0.0,1.0,0.5,0.5
b2578,78,question,en,0.0,1.0,0.5,0.5
b2579,133,question,en,0.0,1.0,0.5,0.5
b2580,78,question,en,0.0,1.0,0.5,0.5
b2581,78,question,en,0.0,1.0,0.5,0.5
b2582,78,question,en,0.0,1.0,0.5,0.5
b2583,78,question,en,0.0,1.0,0.5,0.5
b2584,78,question,en,0.0,1.0,0.5,0.5
b2585,74,question,en,0.0,1.0,0.5,0.5
b2586,78,question,en,0.0,1.0,0.5,0.5
b2587,133,question,en,0.0,1.0,0.5,0.5
b2588,81,question,en,0.0,1.0,0.5,0.5
b3561,78,question,en,0.0,1.0,0.5,0.5
b3562,83,question,en,0.0,1.0,0.5,0.5
b3563,144,question,en,0.0,1.0,0.5,0.5
b3565,98,question,en,0.0,1.0,0.5,0.5
b3566,78,question,en,0.0,1.0,0.5,0.5
b3567,83,question,en,0.0,1.0,0.5,0.5
b3568,104,question,en,0.0,1.0,0.5,0.5
b3569,98,question,en,0.0,1.0,0.5,0.5
b3570,71,question,en,0.0,1.0,0.5,0.5
b3571,78,question,en,0.0,1.0,0.5,0.5
b3572,134,question,en,0.0,1.0,0.5,0.5
b3573,134,question,en,0.0,1.0,0.5,0.5
b3574,78,question,en,0.0,1.0,0.5,0.5
b3575,133,question,en,0.0,1.0,0.5,0.5
b3576,108,question,en,0.0,1.0,0.5,0.5
b3577,109,question,en,0.0,1.0,0.5,0.5
b3578,112,question,en,0.0,1.0,0.5,0.5
b3579,107,question,en,0.0,1.0,0.5,0.5
b3580,107,question,en,0.0,1.0,0.5,0.5
b3581,144,question,en,0.0,1.0,0.5,0.5
b3582,107,question,en,0.0,1.0,0.5,0.5
b3583,107,question,en,0.0,1.0,0.5,0.5
b3584,107,question,en,0.0,1.0,0.5,0.5
b3585,107,question,en,0.0,1.0,0.5,0.5
b3586,107,question,en,0.0,1.0,0.5,0.5
b3587,119,question,en,0.0,1.0,0.5,0.5
b3589,144,question,en,0.0,1.0,0.5,0.5
b3590,85,question,en,0.0,1.0,0.5,0.5
b3591,107,question,en,0.0,1.0,0.5,0.5
b3592,110,question,en,0.0,1.0,0.5,0.5
b3593,107,question,en,0.0,1.0,0.5,0.5
b3594,109,question,en,0.0,1.0,0.5,0.5
b3595,117,question,en,0.0,1.0,0.5,0.5
b3596,93,question,en,0.0,1.0,0.5,0.5
b3597,117,question,en,0.0,1.0,0.5,0.5
b3598,93,question,en,0.0,1.0,0.5,0.5
b3599,112,question,en,0.0,1.0,0.5,0.5
b3600,106,question,en,0.0,1.0,0.5,0.5
b3601,93,question,en,0.0,1.0,0.5,0.5
b3602,79,question,en,0.0,1.0,0.5,0.5
b3603,93,question,en,0.0,1.0,0.5,0.5
b3604,93,question,en,0.0,1.0,0.5,0.5
b3605,93,question,en,0.0,1.0,0.5,0.5
b3606,93,question,en,0.0,1.0,0.5,0.5
b3607,93,question,en,0.0,1.0,0.5,0.5
b3608,106,question,en,0.0,1.0,0.5,0.5
b3609,117,question,en,0.0,1.0,0.5,0.5
b3610,117,question,en,0.0,1.0,0.5,0.5
b6154,115,question,en,0.0,1.0,0.5,0.5
b6155,115,question,en,0.0,1.0,0.5,0.5
b6156,115,question,en,0.0,1.0,0.5,0.5
b6157,115,question,en,0.0,1.0,0.5,0.5
b6158,115,question,en,0.0,1.0,0.5,0.5
b6159,124,question,en,0.0,1.0,0.5,0.5
b6160,124,question,en,0.0,1.0,0.5,0.5
b6161,124,question,en,0.0,1.0,0.5,0.5
b6162,124,question,en,0.0,1.0,0.5,0.5
b6163,124,question,en,0.0,1.0,0.5,0.5
b6164,113,question,en,0.0,1.0,0.5,0.5
b6165,113,question,en,0.0,1.0,0.5,0.5
b6166,113,question,en,0.0,1.0,0.5,0.5
b6167,113,question,en,0.0,1.0,0.5,0.5
b6168,113,question,en,0.0,1.0,0.5,0.5
b6169,108,question,en,0.0,1.0,0.5,0.5
b6170,108,question,en,0.0,1.0,0.5,0.5
b6171,108,question,en,0.0,1.0,0.5,0.5
b6172,108,question,en,0.0,1.0,0.5,0.5
b6173,108,question,en,0.0,1.0,0.5,0.5
b6174,108,question,en,0.0,1.0,0.5,0.5
b6175,108,question,en,0.0,1.0,0.5,0.5
b6176,108,question,en,0.0,1.0,0.5,0.5
b6177,108,question,en,0.0,1.0,0.5,0.5
b6178,108,question,en,0.0,1.0,0.5,0.5
b6179,111,question,en,0.0,1.0,0.5,0.5
b6180,111,question,en,0.0,1.0,0.5,0.5
b6181,111,question,en,0.0,1.0,0.5,0.5
b6182,111,question,en,0.0,1.0,0.5,0.5
b6183,111,question,en,0.0,1.0,0.5,0.5
b6184,111,question,en,0.0,1.0,0.5,0.5
b6185,111,question,en,0.0,1.0,0.5,0.5
b6186,111,question,en,0.0,1.0,0.5,0.5
b6187,111,question,en,0.0,1.0,0.5,0.5
b6188,111,question,en,0.0,1.0,0.5,0.5
b6189,137,question,en,0.0,1.0,0.5,0.5
b6190,137,question,en,0.0,1.0,0.5,0.5
b6191,137,question,en,0.0,1.0,0.5,0.5
b6192,137,question,en,0.0,1.0,0.5,0.5
b6193,137,question,en,0.0,1.0,0.5,0.5
b6194,125,question,en,0.0,1.0,0.5,0.5
b6195,125,question,en,0.0,1.0,0.5,0.5
b6196,125,question,en,0.0,1.0,0.5,0.5
b6197,125,question,en,0.0,1.0,0.5,0.5
b6198,125,question,en,0.0,1.0,0.5,0.5
b6199,110,question,en,0.0,1.0,0.5,0.5
b6200,110,question,en,0.0,1.0,0.5,0.5
b6201,110,question,en,0.0,1.0,0.5,0.5
b6202,110,question,en,0.0,1.0,0.5,0.5
b6203,110,question,en,0.0,1.0,0.5,0.5
b11399,74,question,en,0.0,1.0,0.5,0.5
b11400,80,question,en,0.0,1.0,0.5,0.5
b11401,83,question,en,0.0,1.0,0.5,0.5
b11402,86,question,en,0.0,1.0,0.5,0.5
b11405,77,question,en,0.0,1.0,0.5,0.5
b11406,71,question,en,0.0,1.0,0.5,0.5
b11407,85,question,en,0.0,1.0,0.5,0.5
b11408,119,question,en,0.0,1.0,0.5,0.5
b11409,76,question,en,0.0,1.0,0.5,0.5
b11410,105,question,en,0.0,1.0,0.5,0.5
b11411,105,question,en,0.0,1.0,0.5,0.5
b11412,86,question,en,0.0,1.0,0.5,0.5
b11414,118,question,en,0.0,1.0,0.5,0.5
b11415,85,question,en,0.0,1.0,0.5,0.5
b11416,98,question,en,0.0,1.0,0.5,0.5
b11417,83,question,en,0.0,1.0,0.5,0.5
b11418,119,question,en,0.0,1.0,0.5,0.5
b11419,76,question,en,0.0,1.0,0.5,0.5
b11420,105,question,en,0.0,1.0,0.5,0.5
b11422,71,question,en,0.0,1.0,0.5,0.5
b11423,85,question,en,0.0,1.0,0.5,0.5
b11425,83,question,en,0.0,1.0,0.5,0.5
b11427,77,question,en,0.0,1.0,0.5,0.5
b7657,88,question,en,0.0,1.0,0.5,0.5
b7659,120,question,en,0.0,1.0,0.5,0.5
b7660,74,question,en,0.0,1.0,0.5,0.5
b7661,85,question,en,0.0,1.0,0.5,0.5
b7662,71,question,en,0.0,1.0,0.5,0.5
b7663,78,question,en,0.0,1.0,0.5,0.5
b7664,100,question,en,0.0,1.0,0.5,0.5
b7665,74,question,en,0.0,1.0,0.5,0.5
b7666,86,question,en,0.0,1.0,0.5,0.5
b7667,83,question,en,0.0,1.0,0.5,0.5
b7668,85,question,en,0.0,1.0,0.5,0.5
b7669,130,question,en,0.0,1.0,0.5,0.5
b7670,84,question,en,0.0,1.0,0.5,0.5
b7671,76,question,en,0.0,1.0,0.5,0.5
b7672,73,question,en,0.0,1.0,0.5,0.5
b7673,83,question,en,0.0,1.0,0.5,0.5
b7674,96,question,en,0.0,1.0,0.5,0.5
b7675,77,question,en,0.0,1.0,0.5,0.5
b7676,94,question,en,0.0,1.0,0.5,0.5
b7677,77,question,en,0.0,1.0,0.5,0.5
b7678,71,question,en,0.0,1.0,0.5,0.5
b7679,78,question,en,0.0,1.0,0.5,0.5
b7680,131,question,en,0.0,1.0,0.5,0.5
b7681,74,question,en,0.0,1.0,0.5,0.5
b7682,86,question,en,0.0,1.0,0.5,0.5
b7683,85,question,en,0.0,1.0,0.5,0.5
b7684,99,question,en,0.0,1.0,0.5,0.5
b7685,78,question,en,0.0,1.0,0.5,0.5
b7686,77,question,en,0.0,1.0,0.5,0.5
b3211,71,question,en,0.0,1.0,0.5,0.5
b7181,85,question,en,0.0,1.0,0.5,0.5
b7182,77,question,en,0.0,1.0,0.5,0.5
b7183,76,question,en,0.0,1.0,0.5,0.5
b7184,85,question,en,0.0,1.0,0.5,0.5
b7185,77,question,en,0.0,1.0,0.5,0.5
b7186,76,question,en,0.0,1.0,0.5,0.5
b7187,77,question,en,0.0,1.0,0.5,0.5
b7188,85,question,en,0.0,1.0,0.5,0.5
b7189,83,question,en,0.0,1.0,0.5,0.5
b7190,85,question,en,0.0,1.0,0.5,0.5
b7191,76,question,en,0.0,1.0,0.5,0.5
b7192,85,question,en,0.0,1.0,0.5,0.5
b7193,85,question,en,0.0,1.0,0.5,0.5
b7194,85,question,en,0.0,1.0,0.5,0.5
b7195,77,question,en,0.0,1.0,0.5,0.5
b7196,85,question,en,0.0,1.0,0.5,0.5
b7197,83,question,en,0.0,1.0,0.5,0.5
b7198,85,question,en,0.0,1.0,0.5,0.5
b7199,76,question,en,0.0,1.0,0.5,0.5
b7200,85,question,en,0.0,1.0,0.5,0.5
b7201,85,question,en,0.0,1.0,0.5,0.5
b7202,77,question,en,0.0,1.0,0.5,0.5
b7203,77,question,en,0.0,1.0,0.5,0.5
b7204,85,question,en,0.0,1.0,0.5,0.5
b7205,83,question,en,0.0,1.0,0.5,0.5
b7206,83,question,en,0.0,1.0,0.5,0.5
b7207,76,question,en,0.0,1.0,0.5,0.5
b7208,76,question,en,0.0,1.0,0.5,0.5
b7209,85,question,en,0.0,1.0,0.5,0.5
b7210,85,question,en,0.0,1.0,0.5,0.5
b7211,85,question,en,0.0,1.0,0.5,0.5
b7212,77,question,en,0.0,1.0,0.5,0.5
b7213,85,question,en,0.0,1.0,0.5,0.5
b7214,85,question,en,0.0,1.0,0.5,0.5
b7215,76,question,en,0.0,1.0,0.5,0.5
b7216,76,question,en,0.0,1.0,0.5,0.5
b7217,85,question,en,0.0,1.0,0.5,0.5
b7218,76,question,en,0.0,1.0,0.5,0.5
b7219,77,question,en,0.0,1.0,0.5,0.5
b7220,76,question,en,0.0,1.0,0.5,0.5
b7221,76,question,en,0.0,1.0,0.5,0.5
b7222,85,question,en,0.0,1.0,0.5,0.5
b7223,83,question,en,0.0,1.0,0.5,0.5
b7224,76,question,en,0.0,1.0,0.5,0.5
b7225,85,question,en,0.0,1.0,0.5,0.5
b7226,77,question,en,0.0,1.0,0.5,0.5
b7227,83,question,en,0.0,1.0,0.5,0.5
b7228,76,question,en,0.0,1.0,0.5,0.5
b7229,85,question,en,0.0,1.0,0.5,0.5
b7230,83,question,en,0.0,1.0,0.5,0.5
b7581,84,question,en,0.0,1.0,0.5,0.5
b7509,85,question,en,0.0,1.0,0.5,0.5
b7511,85,question,en,0.0,1.0,0.5,0.5
b7512,85,question,en,0.0,1.0,0.5,0.5
b7513,85,question,en,0.0,1.0,0.5,0.5
b7514,85,question,en,0.0,1.0,0.5,0.5
b7517,85,question,en,0.0,1.0,0.5,0.5
b7520,85,question,en,0.0,1.0,0.5,0.5
b7525,85,question,en,0.0,1.0,0.5,0.5
b7536,77,question,en,0.0,1.0,0.5,0.5
b7537,77,question,en,0.0,1.0,0.5,0.5
b7546,77,question,en,0.0,1.0,0.5,0.5
b7550,77,question,en,0.0,1.0,0.5,0.5
b7552,77,question,en,0.0,1.0,0.5,0.5
b7553,82,question,en,0.0,1.0,0.5,0.5
b7554,106,question,en,0.0,1.0,0.5,0.5
b7555,106,question,en,0.0,1.0,0.5,0.5
b7556,106,question,en,0.0,1.0,0.5,0.5
b7558,76,question,en,0.0,1.0,0.5,0.5
b7560,76,question,en,0.0,1.0,0.5,0.5
b7562,76,question,en,0.0,1.0,0.5,0.5
b7564,76,question,en,0.0,1.0,0.5,0.5
b7565,76,question,en,0.0,1.0,0.5,0.5
b7567,76,question,en,0.0,1.0,0.5,0.5
b7572,76,question,en,0.0,1.0,0.5,0.5
b7574,76,question,en,0.0,1.0,0.5,0.5
b7578,84,question,en,0.0,1.0,0.5,0.5
b7579,84,question,en,0.0,1.0,0.5,0.5
b7580,84,question,en,0.0,1.0,0.5,0.5
b7582,83,question,en,0.0,1.0,0.5,0.5
b7584,83,question,en,0.0,1.0,0.5,0.5
b7585,83,question,en,0.0,1.0,0.5,0.5
b7586,83,question,en,0.0,1.0,0.5,0.5
b7588,83,question,en,0.0,1.0,0.5,0.5
b7590,83,question,en,0.0,1.0,0.5,0.5
b7591,83,question,en,0.0,1.0,0.5,0.5
b7592,83,question,en,0.0,1.0,0.5,0.5
b7593,83,question,en,0.0,1.0,0.5,0.5
b7594,83,question,en,0.0,1.0,0.5,0.5
b7595,83,question,en,0.0,1.0,0.5,0.5
b7596,83,question,en,0.0,1.0,0.5,0.5
b7597,83,question,en,0.0,1.0,0.5,0.5
b7601,83,question,en,0.0,1.0,0.5,0.5
b7603,132,question,en,0.0,1.0,0.5,0.5
b7604,132,question,en,0.0,1.0,0.5,0.5
b7605,132,question,en,0.0,1.0,0.5,0.5
b7606,132,question,en,0.0,1.0,0.5,0.5
b6876,94,question,en,0.0,1.0,0.5,0.5
b6877,94,question,en,0.0,1.0,0.5,0.5
b6878,94,question,en,0.0,1.0,0.5,0.5
b6879,94,question,en,0.0,1.0,0.5,0.5
b6880,94,question,en,0.0,1.0,0.5,0.5
b6881,94,question,en,0.0,1.0,0.5,0.5
b6882,94,question,en,0.0,1.0,0.5,0.5
b6883,129,question,en,0.0,1.0,0.5,0.5
b6884,94,question,en,0.0,1.0,0.5,0.5
b6885,94,question,en,0.0,1.0,0.5,0.5
b6886,94,question,en,0.0,1.0,0.5,0.5
b6887,94,question,en,0.0,1.0,0.5,0.5
b6888,94,question,en,0.0,1.0,0.5,0.5
b6889,94,question,en,0.0,1.0,0.5,0.5
b6890,94,question,en,0.0,1.0,0.5,0.5
b6891,129,question,en,0.0,1.0,0.5,0.5
b6892,94,question,en,0.0,1.0,0.5,0.5
b6893,94,question,en,0.0,1.0,0.5,0.5
b6894,94,question,en,0.0,1.0,0.5,0.5
b6895,94,question,en,0.0,1.0,0.5,0.5
b6896,94,question,en,0.0,1.0,0.5,0.5
b6897,129,question,en,0.0,1.0,0.5,0.5
b6898,94,question,en,0.0,1.0,0.5,0.5
b6899,94,question,en,0.0,1.0,0.5,0.5
b6900,94,question,en,0.0,1.0,0.5,0.5
b6901,118,question,en,0.0,1.0,0.5,0.5
b6902,118,question,en,0.0,1.0,0.5,0.5
b6903,118,question,en,0.0,1.0,0.5,0.5
b6904,118,question,en,0.0,1.0,0.5,0.5
b6905,118,question,en,0.0,1.0,0.5,0.5
b6906,81,question,en,0.0,1.0,0.5,0.5
b6907,118,question,en,0.0,1.0,0.5,0.5
b6908,118,question,en,0.0,1.0,0.5,0.5
b6909,118,question,en,0.0,1.0,0.5,0.5
b6910,118,question,en,0.0,1.0,0.5,0.5
b6911,118,question,en,0.0,1.0,0.5,0.5
b6912,118,question,en,0.0,1.0,0.5,0.5
b6913,118,question,en,0.0,1.0,0.5,0.5
b6914,118,question,en,0.0,1.0,0.5,0.5
b6915,81,question,en,0.0,1.0,0.5,0.5
b6916,75,question,en,0.0,1.0,0.5,0.5
b6917,75,question,en,0.0,1.0,0.5,0.5
b6918,75,question,en,0.0,1.0,0.5,0.5
b6919,75,question,en,0.0,1.0,0.5,0.5
b6920,75,question,en,0.0,1.0,0.5,0.5
b6921,130,question,en,0.0,1.0,0.5,0.5
b6922,130,question,en,0.0,1.0,0.5,0.5
b6923,130,question,en,0.0,1.0,0.5,0.5
b6924,130,question,en,0.0,1.0,0.5,0.5
b6925,130,question,en,0.0,1.0,0.5,0.5
b3064,85,question,en,0.0,1.0,0.5,0.5
b3098,77,question,en,0.0,1.0,0.5,0.5
b3099,77,question,en,0.0,1.0,0.5,0.5
b3100,85,question,en,0.0,1.0,0.5,0.5
b3101,85,question,en,0.0,1.0,0.5,0.5
b3102,77,question,en,0.0,1.0,0.5,0.5
b3103,77,question,en,0.0,1.0,0.5,0.5
b3104,85,question,en,0.0,1.0,0.5,0.5
b3106,83,question,en,0.0,1.0,0.5,0.5
b3107,83,question,en,0.0,1.0,0.5,0.5
b3109,76,question,en,0.0,1.0,0.5,0.5
b3110,76,question,en,0.0,1.0,0.5,0.5
b3111,76,question,en,0.0,1.0,0.5,0.5
b3115,83,question,en,0.0,1.0,0.5,0.5
b3130,83,question,en,0.0,1.0,0.5,0.5
b3131,83,question,en,0.0,1.0,0.5,0.5
b3150,83,question,en,0.0,1.0,0.5,0.5
b3153,96,question,en,0.0,1.0,0.5,0.5
b4762,77,question,en,0.0,1.0,0.5,0.5
b4764,85,question,en,0.0,1.0,0.5,0.5
b4765,83,question,en,0.0,1.0,0.5,0.5
b4772,85,question,en,0.0,1.0,0.5,0.5
b4777,85,question,en,0.0,1.0,0.5,0.5
b4781,76,question,en,0.0,1.0,0.5,0.5
b4784,83,question,en,0.0,1.0,0.5,0.5
b4790,83,question,en,0.0,1.0,0.5,0.5
b4791,83,question,en,0.0,1.0,0.5,0.5
b4796,85,question,en,0.0,1.0,0.5,0.5
b4797,83,question,en,0.0,1.0,0.5,0.5
b4990,76,question,en,0.0,1.0,0.5,0.5
b4993,76,question,en,0.0,1.0,0.5,0.5
b4999,77,question,en,0.0,1.0,0.5,0.5
b5004,83,question,en,0.0,1.0,0.5,0.5
b5005,83,question,en,0.0,1.0,0.5,0.5
b5008,77,question,en,0.0,1.0,0.5,0.5
b5011,83,question,en,0.0,1.0,0.5,0.5
b5012,76,question,en,0.0,1.0,0.5,0.5
b5016,85,question,en,0.0,1.0,0.5,0.5
b5020,77,question,en,0.0,1.0,0.5,0.5
b5022,77,question,en,0.0,1.0,0.5,0.5
b5128,77,question,en,0.0,1.0,0.5,0.5
b5130,77,question,en,0.0,1.0,0.5,0.5
b5136,85,question,en,0.0,1.0,0.5,0.5
b5137,77,question,en,0.0,1.0,0.5,0.5
b5149,76,question,en,0.0,1.0,0.5,0.5
b5155,85,question,en,0.0,1.0,0.5,0.5
b5161,76,question,en,0.0,1.0,0.5,0.5
b5165,85,question,en,0.0,1.0,0.5,0.5
b5166,83,question,en,0.0,1.0,0.5,0.5
b11686,181|22|2,question,en,0.0,1.0,0.5,0.5
b11687,18|183|7,question,en,0.0,1.0,0.5,0.5
b11688,4|2|182,question,en,0.0,1.0,0.5,0.5
b11689,22|184|2,question,en,0.0,1.0,0.5,0.5
b11690,181|2|5,question,en,0.0,1.0,0.5,0.5
b11691,183|7|6,question,en,0.0,1.0,0.5,0.5
b11799,181|2|5,question,en,0.0,1.0,0.5,0.5
b11800,183|16|2,question,en,0.0,1.0,0.5,0.5
b11801,7|182|10,question,en,0.0,1.0,0.5,0.5
b11802,184|2|19,question,en,0.0,1.0,0.5,0.5
b11803,183|2|5,question,en,0.0,1.0,0.5,0.5
b11804,181|18|7,question,en,0.0,1.0,0.5,0.5
b12037,28|29|184|181,question,en,0.0,1.0,0.5,0.5
b12038,181|184|26|24,question,en,0.0,1.0,0.5,0.5
b12039,181|184|24|25,question,en,0.0,1.0,0.5,0.5
b12040,181|184|24|43,question,en,0.0,1.0,0.5,0.5
b12041,181|184|33|24,question,en,0.0,1.0,0.5,0.5
b12042,181|184|26|24,question,en,0.0,1.0,0.5,0.5
b12043,181|184|36|37,question,en,0.0,1.0,0.5,0.5
b12044,181|184|34|35,question,en,0.0,1.0,0.5,0.5
b12045,181|184|48|24,question,en,0.0,1.0,0.5,0.5
b12046,181|50|184|24,question,en,0.0,1.0,0.5,0.5
b11967,181|184|34|35,question,en,0.0,1.0,0.5,0.5
b11968,181|44|45|184,question,en,0.0,1.0,0.5,0.5
b11969,181|184|34|35,question,en,0.0,1.0,0.5,0.5
b11970,181|184|36|37,question,en,0.0,1.0,0.5,0.5
b11971,181|184|24|40,question,en,0.0,1.0,0.5,0.5
b11972,181|184|33|24,question,en,0.0,1.0,0.5,0.5
b11973,181|184|26|24,question,en,0.0,1.0,0.5,0.5
b11974,181|44|45|184,question,en,0.0,1.0,0.5,0.5
b11975,181|184|36|37,question,en,0.0,1.0,0.5,0.5
b11976,181|184|48|24,question,en,0.0,1.0,0.5,0.5
b12117,181|184|24|40,question,en,0.0,1.0,0.5,0.5
b12118,181|50|184|24,question,en,0.0,1.0,0.5,0.5
b12119,181|184|31|32,question,en,0.0,1.0,0.5,0.5
b12120,181|42|184|34,question,en,0.0,1.0,0.5,0.5
b12121,181|184|24|25,question,en,0.0,1.0,0.5,0.5
b12122,181|184|36|37,question,en,0.0,1.0,0.5,0.5
b12123,181|44|45|184,question,en,0.0,1.0,0.5,0.5
b12124,181|39|184|38,question,en,0.0,1.0,0.5,0.5
b12125,28|29|184|181,question,en,0.0,1.0,0.5,0.5
b12126,181|184|26|24,question,en,0.0,1.0,0.5,0.5
b12027,181|39|184|38,question,en,0.0,1.0,0.5,0.5
b12028,183|184|24|43,question,en,0.0,1.0,0.5,0.5
b12029,181|184|31|32,question,en,0.0,1.0,0.5,0.5
b12030,181|184|24|43,question,en,0.0,1.0,0.5,0.5
b12031,28|184|27|29|181,question,en,0.0,1.0,0.5,0.5
b12032,181|50|184|24,question,en,0.0,1.0,0.5,0.5
b12033,181|184|34|35,question,en,0.0,1.0,0.5,0.5
b12034,181|184|33|24,question,en,0.0,1.0,0.5,0.5
b12035,28|29|184|181,question,en,0.0,1.0,0.5,0.5
b12036,28|29|184|181,question,en,0.0,1.0,0.5,0.5
b12147,181|184|33|24,question,en,0.0,1.0,0.5,0.5
b12148,181|39|184|38,question,en,0.0,1.0,0.5,0.5
b12149,181|184|36|37,question,en,0.0,1.0,0.5,0.5
b12150,181|184|26|24,question,en,0.0,1.0,0.5,0.5
b12151,181|184|24|40,question,en,0.0,1.0,0.5,0.5
b12152,181|39|184|38,question,en,0.0,1.0,0.5,0.5
b12153,181|184|34|35,question,en,0.0,1.0,0.5,0.5
b12154,181|184|24|25,question,en,0.0,1.0,0.5,0.5
b12155,181|184|47|46,question,en,0.0,1.0,0.5,0.5
b12156,181|184|31|32,question,en,0.0,1.0,0.5,0.5
b11907,181|184|48|24,question,en,0.0,1.0,0.5,0.5
b11908,181|184|36|37,question,en,0.0,1.0,0.5,0.5
b11909,181|44|45|184,question,en,0.0,1.0,0.5,0.5
b11910,181|184|24|43,question,en,0.0,1.0,0.5,0.5
b11911,41|184|181|24,question,en,0.0,1.0,0.5,0.5
b11912,181|44|45|184,question,en,0.0,1.0,0.5,0.5
b11913,181|184|24|25,question,en,0.0,1.0,0.5,0.5
b11914,181|42|184|34,question,en,0.0,1.0,0.5,0.5
b11915,181|184|33|24,question,en,0.0,1.0,0.5,0.5
b11916,181|184|31|32,question,en,0.0,1.0,0.5,0.5
b12137,28|29|184|181,question,en,0.0,1.0,0.5,0.5
b12138,181|184|26|24,question,en,0.0,1.0,0.5,0.5
b12139,28|29|184|181,question,en,0.0,1.0,0.5,0.5
b12140,181|184|31|32,question,en,0.0,1.0,0.5,0.5
b12141,181|184|47|46,question,en,0.0,1.0,0.5,0.5
b12142,41|184|181|24,question,en,0.0,1.0,0.5,0.5
b12143,181|184|26|24,question,en,0.0,1.0,0.5,0.5
b12144,181|184|24|25,question,en,0.0,1.0,0.5,0.5
b12145,28|29|184|181,question,en,0.0,1.0,0.5,0.5
b12146,181|184|34|35,question,en,0.0,1.0,0.5,0.5
b11977,181|184|24|40,question,en,0.0,1.0,0.5,0.5
b11978,41|184|181|24,question,en,0.0,1.0,0.5,0.5
b11979,181|184|24|43,question,en,0.0,1.0,0.5,0.5
b11980,181|184|33|24,question,en,0.0,1.0,0.5,0.5
b11981,181|42|184|34,question,en,0.0,1.0,0.5,0.5
b11982,181|184|33|24,question,en,0.0,1.0,0.5,0.5
b11983,181|44|45|184,question,en,0.0,1.0,0.5,0.5
b11984,181|184|24|43,question,en,0.0,1.0,0.5,0.5
b11985,28|29|184|181,question,en,0.0,1.0,0.5,0.5
b11986,181|44|45|184,question,en,0.0,1.0,0.5,0.5
b11877,181|184|34|35,question,en,0.0,1.0,0.5,0.5
b11878,181|44|45|184,question,en,0.0,1.0,0.5,0.5
b11879,181|39|184|38,question,en,0.0,1.0,0.5,0.5
b11880,28|29|184|181,question,en,0.0,1.0,0.5,0.5
b11881,181|184|24|40,question,en,0.0,1.0,0.5,0.5
b11882,181|42|184|34,question,en,0.0,1.0,0.5,0.5
b11883,28|29|184|181,question,en,0.0,1.0,0.5,0.5
b11884,181|184|36|37,question,en,0.0,1.0,0.5,0.5
b11885,181|184|24|25,question,en,0.0,1.0,0.5,0.5
b11886,181|39|184|38,question,en,0.0,1.0,0.5,0.5
b12017,183|182|24|43,question,en,0.0,1.0,0.5,0.5
b12018,183|31|32|182,question,en,0.0,1.0,0.5,0.5
b12019,39|183|182|38,question,en,0.0,1.0,0.5,0.5
b12020,183|182|24|25,question,en,0.0,1.0,0.5,0.5
b12021,50|183|182|24,question,en,0.0,1.0,0.5,0.5
b12022,183|31|32|182,question,en,0.0,1.0,0.5,0.5
b12023,183|182|33|24,question,en,0.0,1.0,0.5,0.5
b12024,183|36|37|182,question,en,0.0,1.0,0.5,0.5
b12025,183|44|45|182,question,en,0.0,1.0,0.5,0.5
b12026,183|31|32|182,question,en,0.0,1.0,0.5,0.5
b11887,183|182|24|43,question,en,0.0,1.0,0.5,0.5
b11888,183|31|32|182,question,en,0.0,1.0,0.5,0.5
b11889,39|183|182|38,question,en,0.0,1.0,0.5,0.5
b11890,183|182|33|24,question,en,0.0,1.0,0.5,0.5
b11891,183|182|34|35,question,en,0.0,1.0,0.5,0.5
b11892,183|182|24|40,question,en,0.0,1.0,0.5,0.5
b11893,183|182|48|24,question,en,0.0,1.0,0.5,0.5
b11894,183|182|26|24,question,en,0.0,1.0,0.5,0.5
b11895,28|29|183|182,question,en,0.0,1.0,0.5,0.5
b11896,183|182|24|25,question,en,0.0,1.0,0.5,0.5
b11857,183|182|34|35,question,en,0.0,1.0,0.5,0.5
b11858,39|183|182|38,question,en,0.0,1.0,0.5,0.5
b11859,50|183|182|24,question,en,0.0,1.0,0.5,0.5
b11860,183|36|37|182,question,en,0.0,1.0,0.5,0.5
b11861,42|183|34|182,question,en,0.0,1.0,0.5,0.5
b11862,183|182|33|24,question,en,0.0,1.0,0.5,0.5
b11863,183|182|24|40,question,en,0.0,1.0,0.5,0.5
b11864,183|182|26|24,question,en,0.0,1.0,0.5,0.5
b11865,183|182|24|25,question,en,0.0,1.0,0.5,0.5
b11866,183|182|48|24,question,en,0.0,1.0,0.5,0.5
b11917,183|31|32|182,question,en,0.0,1.0,0.5,0.5
b11918,39|183|182|38,question,en,0.0,1.0,0.5,0.5
b11919,183|44|45|182,question,en,0.0,1.0,0.5,0.5
b11920,183|182|34|35,question,en,0.0,1.0,0.5,0.5
b11921,28|29|183|182,question,en,0.0,1.0,0.5,0.5
b11922,183|182|24|25,question,en,0.0,1.0,0.5,0.5
b11923,39|183|182|38,question,en,0.0,1.0,0.5,0.5
b11924,41|183|182|24,question,en,0.0,1.0,0.5,0.5
b11925,183|182|24|43,question,en,0.0,1.0,0.5,0.5
b11926,28|29|183|182,question,en,0.0,1.0,0.5,0.5
b11837,183|182|24|25,question,en,0.0,1.0,0.5,0.5
b11838,183|31|32|182,question,en,0.0,1.0,0.5,0.5
b11839,28|29|183|182,question,en,0.0,1.0,0.5,0.5
b11840,183|31|32|182,question,en,0.0,1.0,0.5,0.5
b11841,183|36|37|182,question,en,0.0,1.0,0.5,0.5
b11842,183|182|34|35,question,en,0.0,1.0,0.5,0.5
b11843,183|182|24|43,question,en,0.0,1.0,0.5,0.5
b11844,183|44|45|182,question,en,0.0,1.0,0.5,0.5
b11845,39|183|182|38,question,en,0.0,1.0,0.5,0.5
b11846,183|182|26|24,question,en,0.0,1.0,0.5,0.5
b12177,42|182|34|183,question,en,0.0,1.0,0.5,0.5
b12178,42|182|34|183,question,en,0.0,1.0,0.5,0.5
b12179,183|182|34|35,question,en,0.0,1.0,0.5,0.5
b12180,183|182|34|35,question,en,0.0,1.0,0.5,0.5
b12181,183|182|34|35,question,en,0.0,1.0,0.5,0.5
b12182,183|182|34|35,question,en,0.0,1.0,0.5,0.5
b12183,42|182|34|183,question,en,0.0,1.0,0.5,0.5
b12184,183|182|34|35,question,en,0.0,1.0,0.5,0.5
b12185,183|182|34|35,question,en,0.0,1.0,0.5,0.5
b12186,183|182|34|35,question,en,0.0,1.0,0.5,0.5
b12107,183|182|24|40,question,en,0.0,1.0,0.5,0.5
b12108,183|182|24|25,question,en,0.0,1.0,0.5,0.5
b12109,183|182|24|43,question,en,0.0,1.0,0.5,0.5
b12110,183|182|24|43,question,en,0.0,1.0,0.5,0.5
b12111,183|182|34|35,question,en,0.0,1.0,0.5,0.5
b12112,183|27|182|36|37,question,en,0.0,1.0,0.5,0.5
b12113,183|182|33|24,question,en,0.0,1.0,0.5,0.5
b12114,183|36|37|182,question,en,0.0,1.0,0.5,0.5
b12115,183|182|34|35,question,en,0.0,1.0,0.5,0.5
b12116,183|182|26|24,question,en,0.0,1.0,0.5,0.5
b12197,39|183|182|38,question,en,0.0,1.0,0.5,0.5
b12198,42|182|34|183,question,en,0.0,1.0,0.5,0.5
b12199,41|183|182|24,question,en,0.0,1.0,0.5,0.5
b12200,182|42|31|183,question,en,0.0,1.0,0.5,0.5
b12201,183|182|26|24,question,en,0.0,1.0,0.5,0.5
b12202,183|182|26|24,question,en,0.0,1.0,0.5,0.5
b12203,183|182|33|24,question,en,0.0,1.0,0.5,0.5
b12204,183|182|26|24,question,en,0.0,1.0,0.5,0.5
b12205,183|182|26|24,question,en,0.0,1.0,0.5,0.5
b12206,183|27|24|26|182,question,en,0.0,1.0,0.5,0.5
b11947,183|182|33|24,question,en,0.0,1.0,0.5,0.5
b11948,183|182|33|24,question,en,0.0,1.0,0.5,0.5
b11949,183|182|33|24,question,en,0.0,1.0,0.5,0.5
b11950,183|182|33|24,question,en,0.0,1.0,0.5,0.5
b11951,183|182|26|24,question,en,0.0,1.0,0.5,0.5
b11952,183|182|26|24,question,en,0.0,1.0,0.5,0.5
b11953,183|182|26|24,question,en,0.0,1.0,0.5,0.5
b11954,183|182|33|24,question,en,0.0,1.0,0.5,0.5
b11955,183|36|37|182,question,en,0.0,1.0,0.5,0.5
b11956,183|182|33|24,question,en,0.0,1.0,0.5,0.5
b12157,183|182|24|43,question,en,0.0,1.0,0.5,0.5
b12158,183|182|24|25,question,en,0.0,1.0,0.5,0.5
b12159,183|182|24|43,question,en,0.0,1.0,0.5,0.5
b12160,183|182|24|25,question,en,0.0,1.0,0.5,0.5
b12161,183|182|24|43,question,en,0.0,1.0,0.5,0.5
b12162,183|182|24|25,question,en,0.0,1.0,0.5,0.5
b12163,183|182|24|25,question,en,0.0,1.0,0.5,0.5
b12164,183|182|24|43,question,en,0.0,1.0,0.5,0.5
b12165,183|182|24|43,question,en,0.0,1.0,0.5,0.5
b12166,183|182|24|43,question,en,0.0,1.0,0.5,0.5
b11827,41|182|181|24,question,en,0.0,1.0,0.5,0.5
b11828,181|182|24|40,question,en,0.0,1.0,0.5,0.5
b11829,181|182|24|40,question,en,0.0,1.0,0.5,0.5
b11830,41|182|181|24,question,en,0.0,1.0,0.5,0.5
b11831,181|50|182|24,question,en,0.0,1.0,0.5,0.5
b11832,181|182|24|40,question,en,0.0,1.0,0.5,0.5
b11833,41|182|181|24,question,en,0.0,1.0,0.5,0.5
b11834,181|182|24|40,question,en,0.0,1.0,0.5,0.5
b11835,181|182|24|40,question,en,0.0,1.0,0.5,0.5
b11836,41|182|181|24,question,en,0.0,1.0,0.5,0.5
b11997,181|182|24|40,question,en,0.0,1.0,0.5,0.5
b11998,181|50|182|24,question,en,0.0,1.0,0.5,0.5
b11999,27|24|40|182|181,question,en,0.0,1.0,0.5,0.5
b12000,41|182|181|24,question,en,0.0,1.0,0.5,0.5
b12001,181|182|24|40,question,en,0.0,1.0,0.5,0.5
b12002,181|50|182|24,question,en,0.0,1.0,0.5,0.5
b12003,181|182|24|40,question,en,0.0,1.0,0.5,0.5
b12004,181|182|24|40,question,en,0.0,1.0,0.5,0.5
b12005,181|50|182|24,question,en,0.0,1.0,0.5,0.5
b12006,41|182|181|24,question,en,0.0,1.0,0.5,0.5
b11927,181|182|24|40,question,en,0.0,1.0,0.5,0.5
b11928,41|182|181|24,question,en,0.0,1.0,0.5,0.5
b11929,41|182|181|24,question,en,0.0,1.0,0.5,0.5
b11930,181|50|182|24,question,en,0.0,1.0,0.5,0.5
b11931,181|182|24|43,question,en,0.0,1.0,0.5,0.5
b11932,181|182|48|24,question,en,0.0,1.0,0.5,0.5
b11933,181|182|48|24,question,en,0.0,1.0,0.5,0.5
b11934,181|182|48|24,question,en,0.0,1.0,0.5,0.5
b11935,181|182|48|24,question,en,0.0,1.0,0.5,0.5
b11936,181|182|48|24,question,en,0.0,1.0,0.5,0.5
b11817,181|182|48|24,question,en,0.0,1.0,0.5,0.5
b11818,181|47|46|182,question,en,0.0,1.0,0.5,0.5
b11819,181|31|32|182,question,en,0.0,1.0,0.5,0.5
b11820,181|47|46|182,question,en,0.0,1.0,0.5,0.5
b11821,181|31|32|182,question,en,0.0,1.0,0.5,0.5
b11822,181|47|46|182,question,en,0.0,1.0,0.5,0.5
b11823,181|47|46|182,question,en,0.0,1.0,0.5,0.5
b11824,181|47|46|182,question,en,0.0,1.0,0.5,0.5
b11825,181|47|46|182,question,en,0.0,1.0,0.5,0.5
b11826,181|182|48|24,question,en,0.0,1.0,0.5,0.5
b11897,181|47|46|182,question,en,0.0,1.0,0.5,0.5
b11898,181|31|32|182,question,en,0.0,1.0,0.5,0.5
b11899,28|29|181|182,question,en,0.0,1.0,0.5,0.5
b11900,28|29|181|182,question,en,0.0,1.0,0.5,0.5
b11901,28|29|181|182,question,en,0.0,1.0,0.5,0.5
b11902,181|36|37|182,question,en,0.0,1.0,0.5,0.5
b11903,181|39|182|38,question,en,0.0,1.0,0.5,0.5
b11904,181|39|182|38,question,en,0.0,1.0,0.5,0.5
b11905,28|29|181|182,question,en,0.0,1.0,0.5,0.5
b11906,28|29|181|182,question,en,0.0,1.0,0.5,0.5
b11847,28|29|184|183,question,en,0.0,1.0,0.5,0.5
b11848,183|184|36|37,question,en,0.0,1.0,0.5,0.5
b11849,39|183|184|38,question,en,0.0,1.0,0.5,0.5
b11850,28|29|184|183,question,en,0.0,1.0,0.5,0.5
b11851,183|184|36|37,question,en,0.0,1.0,0.5,0.5
b11852,183|184|36|37,question,en,0.0,1.0,0.5,0.5
b11853,28|29|184|183,question,en,0.0,1.0,0.5,0.5
b11854,28|29|184|183,question,en,0.0,1.0,0.5,0.5
b11855,28|29|184|183,question,en,0.0,1.0,0.5,0.5
b11856,183|184|36|37,question,en,0.0,1.0,0.5,0.5
b11957,28|29|184|183,question,en,0.0,1.0,0.5,0.5
b11958,183|184|36|37,question,en,0.0,1.0,0.5,0.5
b11959,183|184|36|37,question,en,0.0,1.0,0.5,0.5
b11960,183|184|36|37,question,en,0.0,1.0,0.5,0.5
b11961,184|31|49|183,question,en,0.0,1.0,0.5,0.5
b11962,184|31|32|183,question,en,0.0,1.0,0.5,0.5
b11963,184|31|32|183,question,en,0.0,1.0,0.5,0.5
b11964,184|31|32|183,question,en,0.0,1.0,0.5,0.5
b11965,184|31|32|183,question,en,0.0,1.0,0.5,0.5
b11966,184|31|49|183,question,en,0.0,1.0,0.5,0.5
b11937,184|31|32|183,question,en,0.0,1.0,0.5,0.5
b11938,184|31|32|183,question,en,0.0,1.0,0.5,0.5
b11939,184|31|32|183,question,en,0.0,1.0,0.5,0.5
b11940,184|31|32|183,question,en,0.0,1.0,0.5,0.5
b11941,42|184|34|183,question,en,0.0,1.0,0.5,0.5
b11942,184|31|32|183,question,en,0.0,1.0,0.5,0.5
b11943,184|31|32|183,question,en,0.0,1.0,0.5,0.5
b11944,184|31|32|183,question,en,0.0,1.0,0.5,0.5
b11945,184|31|32|183,question,en,0.0,1.0,0.5,0.5
b11946,184|31|32|183,question,en,0.0,1.0,0.5,0.5
b11807,184|31|32|183,question,en,0.0,1.0,0.5,0.5
b11808,44|45|184|183,question,en,0.0,1.0,0.5,0.5
b11809,44|45|184|183,question,en,0.0,1.0,0.5,0.5
b11810,44|184|49|183,question,en,0.0,1.0,0.5,0.5
b11811,44|45|184|183,question,en,0.0,1.0,0.5,0.5
b11812,44|45|184|183,question,en,0.0,1.0,0.5,0.5
b11813,44|45|184|183,question,en,0.0,1.0,0.5,0.5
b11814,44|45|184|183,question,en,0.0,1.0,0.5,0.5
b11815,42|184|34|183,question,en,0.0,1.0,0.5,0.5
b11816,42|184|34|183,question,en,0.0,1.0,0.5,0.5
b12087,42|184|34|183,question,en,0.0,1.0,0.5,0.5
b12088,183|184|34|35,question,en,0.0,1.0,0.5,0.5
b12089,183|184|34|35,question,en,0.0,1.0,0.5,0.5
b12090,183|184|26|24,question,en,0.0,1.0,0.5,0.5
b12091,183|184|24|25,question,en,0.0,1.0,0.5,0.5
b12092,183|184|24|25,question,en,0.0,1.0,0.5,0.5
b12093,183|184|24|25,question,en,0.0,1.0,0.5,0.5
b12094,183|184|24|25,question,en,0.0,1.0,0.5,0.5
b12095,183|184|24|25,question,en,0.0,1.0,0.5,0.5
b12096,183|184|24|25,question,en,0.0,1.0,0.5,0.5
b12047,181|182|26|24,question,en,0.0,1.0,0.5,0.5
b12048,181|182|26|24,question,en,0.0,1.0,0.5,0.5
b12049,181|182|26|24,question,en,0.0,1.0,0.5,0.5
b12050,181|182|26|24,question,en,0.0,1.0,0.5,0.5
b12051,181|182|26|24,question,en,0.0,1.0,0.5,0.5
b12052,181|182|26|24,question,en,0.0,1.0,0.5,0.5
b12053,181|182|26|24,question,en,0.0,1.0,0.5,0.5
b12054,181|182|26|24,question,en,0.0,1.0,0.5,0.5
b12055,181|182|26|24,question,en,0.0,1.0,0.5,0.5
b12056,181|182|26|24,question,en,0.0,1.0,0.5,0.5
b12067,181|182|26|24,question,en,0.0,1.0,0.5,0.5
b12068,181|182|24|25,question,en,0.0,1.0,0.5,0.5
b12069,181|182|24|25,question,en,0.0,1.0,0.5,0.5
b12070,181|182|24|25,question,en,0.0,1.0,0.5,0.5
b12071,181|182|24|25,question,en,0.0,1.0,0.5,0.5
b12072,181|182|24|25,question,en,0.0,1.0,0.5,0.5
b12073,181|182|24|25,question,en,0.0,1.0,0.5,0.5
b12074,181|182|24|25,question,en,0.0,1.0,0.5,0.5
b12075,181|182|24|25,question,en,0.0,1.0,0.5,0.5
b12076,181|182|33|24,question,en,0.0,1.0,0.5,0.5
b11867,181|182|33|24,question,en,0.0,1.0,0.5,0.5
b11868,181|182|33|24,question,en,0.0,1.0,0.5,0.5
b11869,181|182|33|24,question,en,0.0,1.0,0.5,0.5
b11870,181|182|33|24,question,en,0.0,1.0,0.5,0.5
b11871,181|182|33|24,question,en,0.0,1.0,0.5,0.5
b11872,181|182|33|24,question,en,0.0,1.0,0.5,0.5
b11873,181|182|33|24,question,en,0.0,1.0,0.5,0.5
b11874,181|182|33|24,question,en,0.0,1.0,0.5,0.5
b11875,181|182|33|24,question,en,0.0,1.0,0.5,0.5
b11876,181|182|33|24,question,en,0.0,1.0,0.5,0.5
b12057,181|182|24|43,question,en,0.0,1.0,0.5,0.5
b12058,181|182|24|43,question,en,0.0,1.0,0.5,0.5
b12059,181|182|24|40,question,en,0.0,1.0,0.5,0.5
b12060,181|182|24|40,question,en,0.0,1.0,0.5,0.5
b12061,181|182|24|40,question,en,0.0,1.0,0.5,0.5
b12062,181|182|24|40,question,en,0.0,1.0,0.5,0.5
b12063,181|182|24|40,question,en,0.0,1.0,0.5,0.5
b12064,181|50|182|24,question,en,0.0,1.0,0.5,0.5
b12065,41|182|181|24,question,en,0.0,1.0,0.5,0.5
b12066,41|182|181|24,question,en,0.0,1.0,0.5,0.5
b12007,41|183|184|24,question,en,0.0,1.0,0.5,0.5
b12008,50|183|184|24,question,en,0.0,1.0,0.5,0.5
b12009,183|184|48|24,question,en,0.0,1.0,0.5,0.5
b12010,183|184|48|24,question,en,0.0,1.0,0.5,0.5
b12011,183|184|48|24,question,en,0.0,1.0,0.5,0.5
b12012,44|45|184|183,question,en,0.0,1.0,0.5,0.5
b12013,44|45|184|183,question,en,0.0,1.0,0.5,0.5
b12014,44|45|184|183,question,en,0.0,1.0,0.5,0.5
b12015,44|45|184|183,question,en,0.0,1.0,0.5,0.5
b12016,44|45|184|183,question,en,0.0,1.0,0.5,0.5
b11987,44|45|184|183,question,en,0.0,1.0,0.5,0.5
b11988,44|45|184|183,question,en,0.0,1.0,0.5,0.5
b11989,44|184|183|27|45,question,en,0.0,1.0,0.5,0.5
b11990,44|45|184|183,question,en,0.0,1.0,0.5,0.5
b11991,44|45|184|183,question,en,0.0,1.0,0.5,0.5
b11992,44|45|184|183,question,en,0.0,1.0,0.5,0.5
b11993,44|45|184|183,question,en,0.0,1.0,0.5,0.5
b11994,44|45|184|183,question,en,0.0,1.0,0.5,0.5
b11995,39|183|184|38,question,en,0.0,1.0,0.5,0.5
b11996,39|183|184|38,question,en,0.0,1.0,0.5,0.5
b12097,183|184|36|37,question,en,0.0,1.0,0.5,0.5
b12098,183|184|36|37,question,en,0.0,1.0,0.5,0.5
b12099,183|184|36|37,question,en,0.0,1.0,0.5,0.5
b12100,183|184|36|37,question,en,0.0,1.0,0.5,0.5
b12101,183|184|36|37,question,en,0.0,1.0,0.5,0.5
b12102,183|184|36|37,question,en,0.0,1.0,0.5,0.5
b12103,183|184|36|37,question,en,0.0,1.0,0.5,0.5
b12104,183|184|36|37,question,en,0.0,1.0,0.5,0.5
b12105,183|184|36|37,question,en,0.0,1.0,0.5,0.5
b12106,183|31|32|184,question,en,0.0,1.0,0.5,0.5
b12187,183|31|32|184,question,en,0.0,1.0,0.5,0.5
b12188,183|31|32|184,question,en,0.0,1.0,0.5,0.5
b12189,183|31|32|184,question,en,0.0,1.0,0.5,0.5
b12190,183|31|32|184,question,en,0.0,1.0,0.5,0.5
b12191,183|31|32|184,question,en,0.0,1.0,0.5,0.5
b12192,183|31|32|184,question,en,0.0,1.0,0.5,0.5
b12193,183|31|32|184,question,en,0.0,1.0,0.5,0.5
b12194,183|31|32|184,question,en,0.0,1.0,0.5,0.5
b12195,183|31|32|184,question,en,0.0,1.0,0.5,0.5
b12196,28|29|184|183,question,en,0.0,1.0,0.5,0.5
b12167,42|31|184|183,question,en,0.0,1.0,0.5,0.5
b12168,183|184|34|35,question,en,0.0,1.0,0.5,0.5
b12169,42|184|34|183,question,en,0.0,1.0,0.5,0.5
b12170,183|184|34|35,question,en,0.0,1.0,0.5,0.5
b12171,183|184|34|35,question,en,0.0,1.0,0.5,0.5
b12172,183|184|34|35,question,en,0.0,1.0,0.5,0.5
b12173,183|184|34|35,question,en,0.0,1.0,0.5,0.5
b12174,42|184|34|183,question,en,0.0,1.0,0.5,0.5
b12175,183|184|34|35,question,en,0.0,1.0,0.5,0.5
b12176,42|184|34|183,question,en,0.0,1.0,0.5,0.5
b11786,181|56|182|52,question,en,0.0,1.0,0.5,0.5
b11787,52|57|183|184,question,en,0.0,1.0,0.5,0.5
b11788,183|184|53|181|54|52,question,en,0.0,1.0,0.5,0.5
b11789,56|183|54|182,question,en,0.0,1.0,0.5,0.5
b11790,52|56|183|184,question,en,0.0,1.0,0.5,0.5
b11791,182|181|56|55|52,question,en,0.0,1.0,0.5,0.5
b11792,184|182|181|56|52,question,en,0.0,1.0,0.5,0.5
b11793,53|182|181|54|52,question,en,0.0,1.0,0.5,0.5
b11794,183|184|52|56|55,question,en,0.0,1.0,0.5,0.5
b11795,53|57|182|181|54,question,en,0.0,1.0,0.5,0.5
b11796,183|184|56|54|58,question,en,0.0,1.0,0.5,0.5
b11797,184|53|52|181|58,question,en,0.0,1.0,0.5,0.5
b11798,183|184|52|56|58,question,en,0.0,1.0,0.5,0.5
b11738,53|182|181|54|52,question,en,0.0,1.0,0.5,0.5
b11739,52|183|184|54,question,en,0.0,1.0,0.5,0.5
b11740,52|183|184|181,question,en,0.0,1.0,0.5,0.5
b11741,184|53|181|54|52,question,en,0.0,1.0,0.5,0.5
b11742,183|184|57|52|56,question,en,0.0,1.0,0.5,0.5
b11743,183|182|52|56|55,question,en,0.0,1.0,0.5,0.5
b11744,53|182|181|54|52,question,en,0.0,1.0,0.5,0.5
b11745,184|57|181|56|54,question,en,0.0,1.0,0.5,0.5
b11746,183|53|182|52|55,question,en,0.0,1.0,0.5,0.5
b11747,52|181|182,question,en,0.0,1.0,0.5,0.5
b11748,183|184|52|54|58,question,en,0.0,1.0,0.5,0.5
b11749,52|181|182|58,question,en,0.0,1.0,0.5,0.5
b11750,52|184|181|58,question,en,0.0,1.0,0.5,0.5
b11662,60|181|56|54|52,question,en,0.0,1.0,0.5,0.5
b11663,52|184|53|63,question,en,0.0,1.0,0.5,0.5
b11664,183|66|53|52|54,question,en,0.0,1.0,0.5,0.5
b11665,57|182|59|52|56,question,en,0.0,1.0,0.5,0.5
b11666,60|181|56|54|52,question,en,0.0,1.0,0.5,0.5
b11667,52|56|184|64,question,en,0.0,1.0,0.5,0.5
b11668,183|57|300|55|56,question,en,0.0,1.0,0.5,0.5
b11669,66|53|182|52|54,question,en,0.0,1.0,0.5,0.5
b11670,184|67|56|54|58,question,en,0.0,1.0,0.5,0.5
b11671,52|300|181|56|58,question,en,0.0,1.0,0.5,0.5
b11776,52|56|64|182,question,en,0.0,1.0,0.5,0.5
b11777,52|60|181,question,en,0.0,1.0,0.5,0.5
b11778,184|57|59|52|56,question,en,0.0,1.0,0.5,0.5
b11779,52|183|53|63,question,en,0.0,1.0,0.5,0.5
b11780,52|56|184|68,question,en,0.0,1.0,0.5,0.5
b11781,57|60|181|56|54,question,en,0.0,1.0,0.5,0.5
b11782,52|184|53|59,question,en,0.0,1.0,0.5,0.5
b11783,52|183|66|53,question,en,0.0,1.0,0.5,0.5
b11784,300|182|52|55|58,question,en,0.0,1.0,0.5,0.5
b11785,52|65|181|56|58,question,en,0.0,1.0,0.5,0.5
b11708,71,question,en,0.0,1.0,0.5,0.5
b11709,74,question,en,0.0,1.0,0.5,0.5
b11710,86,question,en,0.0,1.0,0.5,0.5
b11711,122,question,en,0.0,1.0,0.5,0.5
b11712,138,question,en,0.0,1.0,0.5,0.5
b11713,88,question,en,0.0,1.0,0.5,0.5
b11714,72,question,en,0.0,1.0,0.5,0.5
b11715,86,question,en,0.0,1.0,0.5,0.5
b11716,98,question,en,0.0,1.0,0.5,0.5
b11717,101,question,en,0.0,1.0,0.5,0.5
b11718,77,question,en,0.0,1.0,0.5,0.5
b11719,89,question,en,0.0,1.0,0.5,0.5
b11720,133,question,en,0.0,1.0,0.5,0.5
b11721,138,question,en,0.0,1.0,0.5,0.5
b11722,83,question,en,0.0,1.0,0.5,0.5
b11723,77,question,en,0.0,1.0,0.5,0.5
b11724,92,question,en,0.0,1.0,0.5,0.5
b11725,85,question,en,0.0,1.0,0.5,0.5
b11726,76,question,en,0.0,1.0,0.5,0.5
b11727,135,question,en,0.0,1.0,0.5,0.5
b11728,85,question,en,0.0,1.0,0.5,0.5
b11729,120,question,en,0.0,1.0,0.5,0.5
b11730,129,question,en,0.0,1.0,0.5,0.5
b11731,105,question,en,0.0,1.0,0.5,0.5
b11732,85,question,en,0.0,1.0,0.5,0.5
b11733,76,question,en,0.0,1.0,0.5,0.5
b11734,74,question,en,0.0,1.0,0.5,0.5
b11735,71,question,en,0.0,1.0,0.5,0.5
b11736,83,question,en,0.0,1.0,0.5,0.5
b11737,83,question,en,0.0,1.0,0.5,0.5
b11672,76|134|88|143,question,en,0.0,1.0,0.5,0.5
b11673,80|119|77|143,question,en,0.0,1.0,0.5,0.5
b11674,86|76|219|143,question,en,0.0,1.0,0.5,0.5
b11675,76|134|112|143,question,en,0.0,1.0,0.5,0.5
b11653,164|146|156|176|153|196,question,en,0.0,1.0,0.5,0.5
b11676,148|159|177|150,question,en,0.0,1.0,0.5,0.5
b11677,150|177|149|146,question,en,0.0,1.0,0.5,0.5
b11678,148|177|155|156,question,en,0.0,1.0,0.5,0.5
b11679,148|170|150|177|149,question,en,0.0,1.0,0.5,0.5
b11680,177|167|150|168,question,en,0.0,1.0,0.5,0.5
b11681,148|150|169|155|177|153,question,en,0.0,1.0,0.5,0.5
b11682,148|167|177|153|149,question,en,0.0,1.0,0.5,0.5
b11683,150|177|157|153|149,question,en,0.0,1.0,0.5,0.5
b11684,152|148|150|177|153,question,en,0.0,1.0,0.5,0.5
b11685,169|150|177|157|149|151,question,en,0.0,1.0,0.5,0.5
b11705,150|175|155|178|156|153|158|196,question,en,0.0,1.0,0.5,0.5
b11706,170|150|148|162|178|158|196,question,en,0.0,1.0,0.5,0.5
b11707,148|164|146|165|178|151|149|196,question,en,0.0,1.0,0.5,0.5
b1348,184|182|26|24,question,en,0.0,1.0,0.5,0.5
b1349,183|182|48|24,question,en,0.0,1.0,0.5,0.5
b1351,181|184|33|24,question,en,0.0,1.0,0.5,0.5
b1354,28|184|30|29|182,question,en,0.0,1.0,0.5,0.5
b1355,181|31|32|182,question,en,0.0,1.0,0.5,0.5
b1356,179|184|24|45|181,question,en,0.0,1.0,0.5,0.5
b1358,28|29|184|181,question,en,0.0,1.0,0.5,0.5
b1360,181|42|184|34,question,en,0.0,1.0,0.5,0.5
b1363,181|183|31|32,question,en,0.0,1.0,0.5,0.5
b1365,181|39|184|38,question,en,0.0,1.0,0.5,0.5
b1366,183|31|32|182,question,en,0.0,1.0,0.5,0.5
b1371,182|184|24|40,question,en,0.0,1.0,0.5,0.5
b1372,181|183|24|40,question,en,0.0,1.0,0.5,0.5
b1373,50|184|182|24,question,en,0.0,1.0,0.5,0.5
b1374,50|183|182|24,question,en,0.0,1.0,0.5,0.5
b1375,44|184|27|45|182,question,en,0.0,1.0,0.5,0.5
b11279,88,question,en,0.0,1.0,0.5,0.5
b11280,85,question,en,0.0,1.0,0.5,0.5
b11281,96,question,en,0.0,1.0,0.5,0.5
b11282,76,question,en,0.0,1.0,0.5,0.5
b11283,138,question,en,0.0,1.0,0.5,0.5
b11285,86,question,en,0.0,1.0,0.5,0.5
b11286,77,question,en,0.0,1.0,0.5,0.5
b11287,98,question,en,0.0,1.0,0.5,0.5
b11288,133,question,en,0.0,1.0,0.5,0.5
b11289,119,question,en,0.0,1.0,0.5,0.5
b11290,83,question,en,0.0,1.0,0.5,0.5
b11292,76,question,en,0.0,1.0,0.5,0.5
b11293,71,question,en,0.0,1.0,0.5,0.5
b11294,74,question,en,0.0,1.0,0.5,0.5
b11295,83,question,en,0.0,1.0,0.5,0.5
b11296,77,question,en,0.0,1.0,0.5,0.5
b11297,98,question,en,0.0,1.0,0.5,0.5
b11298,133,question,en,0.0,1.0,0.5,0.5
b11300,85,question,en,0.0,1.0,0.5,0.5
b11301,116,question,en,0.0,1.0,0.5,0.5
b11302,78,question,en,0.0,1.0,0.5,0.5
b11303,131,question,en,0.0,1.0,0.5,0.5
b11304,76,question,en,0.0,1.0,0.5,0.5
b11305,77,question,en,0.0,1.0,0.5,0.5
b11306,83,question,en,0.0,1.0,0.5,0.5
b11307,119,question,en,0.0,1.0,0.5,0.5
b2126,53|63|182|52|56,question,en,0.0,1.0,0.5,0.5
b2127,53|60|182|56|54,question,en,0.0,1.0,0.5,0.5
b2130,60|182|52|56|54,question,en,0.0,1.0,0.5,0.5
b2131,52|54|182|67,question,en,0.0,1.0,0.5,0.5
b2132,66|53|182|52|54,question,en,0.0,1.0,0.5,0.5
b2133,53|182|59|52|54,question,en,0.0,1.0,0.5,0.5
b2589,121,question,en,0.0,1.0,0.5,0.5
b2590,87,question,en,0.0,1.0,0.5,0.5
b2591,95,question,en,0.0,1.0,0.5,0.5
b2592,121,question,en,0.0,1.0,0.5,0.5
b2593,90,question,en,0.0,1.0,0.5,0.5
b2594,73,question,en,0.0,1.0,0.5,0.5
b2597,95,question,en,0.0,1.0,0.5,0.5
b2598,87,question,en,0.0,1.0,0.5,0.5
b2599,121,question,en,0.0,1.0,0.5,0.5
b2601,121,question,en,0.0,1.0,0.5,0.5
b2602,121,question,en,0.0,1.0,0.5,0.5
b2604,119,question,en,0.0,1.0,0.5,0.5
b2607,119,question,en,0.0,1.0,0.5,0.5
b2608,90,question,en,0.0,1.0,0.5,0.5
b2609,120,question,en,0.0,1.0,0.5,0.5
b2610,120,question,en,0.0,1.0,0.5,0.5
b2612,119,question,en,0.0,1.0,0.5,0.5
b2613,119,question,en,0.0,1.0,0.5,0.5
b2614,73,question,en,0.0,1.0,0.5,0.5
b2615,90,question,en,0.0,1.0,0.5,0.5
b2616,87,question,en,0.0,1.0,0.5,0.5
b2617,119,question,en,0.0,1.0,0.5,0.5
b2618,119,question,en,0.0,1.0,0.5,0.5
b2619,121,question,en,0.0,1.0,0.5,0.5
b2620,119,question,en,0.0,1.0,0.5,0.5
b2621,119,question,en,0.0,1.0,0.5,0.5
b2622,90,question,en,0.0,1.0,0.5,0.5
b2626,87,question,en,0.0,1.0,0.5,0.5
b2627,122,question,en,0.0,1.0,0.5,0.5
b2628,99,question,en,0.0,1.0,0.5,0.5
b5457,177|159|149|150,question,en,0.0,1.0,0.5,0.5
b5458,177|159|149|153,question,en,0.0,1.0,0.5,0.5
b5459,177|159|149|150,question,en,0.0,1.0,0.5,0.5
b5460,148|179|155|177|156|149,question,en,0.0,1.0,0.5,0.5
b5461,148|177|157|149,question,en,0.0,1.0,0.5,0.5
b1039,183|185|26|24,question,en,0.0,1.0,0.5,0.5
b1040,183|27|24|185|25,question,en,0.0,1.0,0.5,0.5
b1042,184|185|33|24,question,en,0.0,1.0,0.5,0.5
b1044,181|185|24|40,question,en,0.0,1.0,0.5,0.5
b1045,24|30|185|181|33,question,en,0.0,1.0,0.5,0.5
b1046,181|185|24|40,question,en,0.0,1.0,0.5,0.5
b1047,183|31|32|185,question,en,0.0,1.0,0.5,0.5
b1048,181|185|36|37,question,en,0.0,1.0,0.5,0.5
b1049,181|42|31|183,question,en,0.0,1.0,0.5,0.5
b1050,181|185|36|37,question,en,0.0,1.0,0.5,0.5
b1053,39|183|185|38,question,en,0.0,1.0,0.5,0.5
b1054,44|45|185|183,question,en,0.0,1.0,0.5,0.5
b1055,183|27|24|26|185,question,en,0.0,1.0,0.5,0.5
b1056,179|183|38|39|185,question,en,0.0,1.0,0.5,0.5
b1057,28|29|185|183,question,en,0.0,1.0,0.5,0.5
b1058,42|30|34|185|181,question,en,0.0,1.0,0.5,0.5
b1059,181|184|24|43,question,en,0.0,1.0,0.5,0.5
b1061,181|42|34|185,question,en,0.0,1.0,0.5,0.5
b1063,183|24|23|181|33,question,en,0.0,1.0,0.5,0.5
b1067,28|29|184|183,question,en,0.0,1.0,0.5,0.5
b1490,184|181|56|55|52,question,en,0.0,1.0,0.5,0.5
b1491,179|183|184|53|56|54,question,en,0.0,1.0,0.5,0.5
b1492,183|53|185|56|54,question,en,0.0,1.0,0.5,0.5
b1493,179|185|181|56|54|52,question,en,0.0,1.0,0.5,0.5
b1494,179|185|181|54|52,question,en,0.0,1.0,0.5,0.5
b1495,179|183|53|185|55|56,question,en,0.0,1.0,0.5,0.5
b1496,181|185|52|55|54,question,en,0.0,1.0,0.5,0.5
b1497,183|53|185|52|54,question,en,0.0,1.0,0.5,0.5
b1498,52|183|184|53,question,en,0.0,1.0,0.5,0.5
b1499,181|185|53|52,question,en,0.0,1.0,0.5,0.5
b368,183|24|30|185|33,question,en,0.0,1.0,0.5,0.5
b370,181|48|185|24,question,en,0.0,1.0,0.5,0.5
b371,183|184|33|24,question,en,0.0,1.0,0.5,0.5
b372,27|24|26|185|181,question,en,0.0,1.0,0.5,0.5
b373,183|24|23|185|25,question,en,0.0,1.0,0.5,0.5
b374,183|31|32|30|185,question,en,0.0,1.0,0.5,0.5
b375,181|29|185|28,question,en,0.0,1.0,0.5,0.5
b376,183|185|24|43,question,en,0.0,1.0,0.5,0.5
b378,181|183|24|40,question,en,0.0,1.0,0.5,0.5
b380,181|185|36|37,question,en,0.0,1.0,0.5,0.5
b382,183|184|36|37,question,en,0.0,1.0,0.5,0.5
b383,185|31|32|183,question,en,0.0,1.0,0.5,0.5
b384,44|45|185|183,question,en,0.0,1.0,0.5,0.5
b386,39|183|184|38,question,en,0.0,1.0,0.5,0.5
b388,44|45|185|184,question,en,0.0,1.0,0.5,0.5
b390,181|44|45|185,question,en,0.0,1.0,0.5,0.5
b391,39|183|185|38,question,en,0.0,1.0,0.5,0.5
b394,183|35|30|185|34,question,en,0.0,1.0,0.5,0.5
b259,183|182|24|25,question,en,0.0,1.0,0.5,0.5
b261,181|184|31|32,question,en,0.0,1.0,0.5,0.5
b266,181|184|26|24,question,en,0.0,1.0,0.5,0.5
b273,179|44|183|45|181,question,en,0.0,1.0,0.5,0.5
b275,179|184|35|30|34|181,question,en,0.0,1.0,0.5,0.5
b276,183|35|30|34|182,question,en,0.0,1.0,0.5,0.5
b277,181|31|32|182,question,en,0.0,1.0,0.5,0.5
b278,183|27|46|181|47,question,en,0.0,1.0,0.5,0.5
b279,28|29|183|182,question,en,0.0,1.0,0.5,0.5
b280,181|39|182|38,question,en,0.0,1.0,0.5,0.5
b284,183|27|24|182|33,question,en,0.0,1.0,0.5,0.5
b1287,183|24|23|181|25,question,en,0.0,1.0,0.5,0.5
b1288,183|185|26|24,question,en,0.0,1.0,0.5,0.5
b1289,183|184|33|24,question,en,0.0,1.0,0.5,0.5
b1290,181|185|24|43,question,en,0.0,1.0,0.5,0.5
b1291,184|47|46|183,question,en,0.0,1.0,0.5,0.5
b1292,181|185|33|24,question,en,0.0,1.0,0.5,0.5
b1294,41|185|181|24,question,en,0.0,1.0,0.5,0.5
b1297,181|185|48|24,question,en,0.0,1.0,0.5,0.5
b1298,181|183|26|24,question,en,0.0,1.0,0.5,0.5
b1299,181|185|24|40,question,en,0.0,1.0,0.5,0.5
b1300,181|50|185|24,question,en,0.0,1.0,0.5,0.5
b1301,181|183|31|32,question,en,0.0,1.0,0.5,0.5
b1303,44|45|185|183,question,en,0.0,1.0,0.5,0.5
b1304,183|30|185|36|37,question,en,0.0,1.0,0.5,0.5
b1305,28|29|185|183,question,en,0.0,1.0,0.5,0.5
b1306,183|184|34|35,question,en,0.0,1.0,0.5,0.5
b1310,181|39|185|38,question,en,0.0,1.0,0.5,0.5
b1311,28|29|185|183,question,en,0.0,1.0,0.5,0.5
b1312,181|183|24|40,question,en,0.0,1.0,0.5,0.5
b1313,28|29|185|183,question,en,0.0,1.0,0.5,0.5
b1314,183|47|185|46,question,en,0.0,1.0,0.5,0.5
b1315,181|39|185|38,question,en,0.0,1.0,0.5,0.5
b1316,28|184|30|29|185,question,en,0.0,1.0,0.5,0.5
b2078,182|59|52|56|54,question,en,0.0,1.0,0.5,0.5
b2079,64|182|52|56|54,question,en,0.0,1.0,0.5,0.5
b2080,56|54|60|182,question,en,0.0,1.0,0.5,0.5
b2081,52|56|68|182,question,en,0.0,1.0,0.5,0.5
b2082,52|56|182|59,question,en,0.0,1.0,0.5,0.5
b2084,52|56|182|63,question,en,0.0,1.0,0.5,0.5
b2085,63|182|52|56|54,question,en,0.0,1.0,0.5,0.5
b1887,179|53|61|181|55|52,question,en,0.0,1.0,0.5,0.5
b1888,184|53|60|56|54,question,en,0.0,1.0,0.5,0.5
b1890,183|53|59|52|54,question,en,0.0,1.0,0.5,0.5
b1891,179|63|185|52|56,question,en,0.0,1.0,0.5,0.5
b1892,181|53|64|52,question,en,0.0,1.0,0.5,0.5
b1893,60|185|52|56|54,question,en,0.0,1.0,0.5,0.5
b1894,179|183|63|52|56|54,question,en,0.0,1.0,0.5,0.5
b1895,179|53|185|59|52|54,question,en,0.0,1.0,0.5,0.5
b197,181|183|24|25,question,en,0.0,1.0,0.5,0.5
b198,185|31|32|183,question,en,0.0,1.0,0.5,0.5
b199,183|184|33|24,question,en,0.0,1.0,0.5,0.5
b200,24|51|26|185|181,question,en,0.0,1.0,0.5,0.5
b201,28|29|184|183,question,en,0.0,1.0,0.5,0.5
b203,39|183|185|38,question,en,0.0,1.0,0.5,0.5
b204,41|185|181|24,question,en,0.0,1.0,0.5,0.5
b205,181|44|185|49,question,en,0.0,1.0,0.5,0.5
b206,183|31|32|185,question,en,0.0,1.0,0.5,0.5
b208,181|183|24|25,question,en,0.0,1.0,0.5,0.5
b209,181|42|31|185,question,en,0.0,1.0,0.5,0.5
b212,183|184|27|24|26,question,en,0.0,1.0,0.5,0.5
b216,183|184|24|23|25,question,en,0.0,1.0,0.5,0.5
b217,181|185|48|24,question,en,0.0,1.0,0.5,0.5
b218,50|184|185|24,question,en,0.0,1.0,0.5,0.5
b220,31|27|32|185|181,question,en,0.0,1.0,0.5,0.5
b2748,71,question,en,0.0,1.0,0.5,0.5
b2749,71,question,en,0.0,1.0,0.5,0.5
b2751,71,question,en,0.0,1.0,0.5,0.5
b2753,71,question,en,0.0,1.0,0.5,0.5
b2754,71,question,en,0.0,1.0,0.5,0.5
b2757,71,question,en,0.0,1.0,0.5,0.5
b2758,71,question,en,0.0,1.0,0.5,0.5
b2759,71,question,en,0.0,1.0,0.5,0.5
b2760,71,question,en,0.0,1.0,0.5,0.5
b2761,71,question,en,0.0,1.0,0.5,0.5
b2762,71,question,en,0.0,1.0,0.5,0.5
b2763,71,question,en,0.0,1.0,0.5,0.5
b2764,71,question,en,0.0,1.0,0.5,0.5
b2765,71,question,en,0.0,1.0,0.5,0.5
b2766,71,question,en,0.0,1.0,0.5,0.5
b2767,71,question,en,0.0,1.0,0.5,0.5
b2768,86,question,en,0.0,1.0,0.5,0.5
b2769,86,question,en,0.0,1.0,0.5,0.5
b2770,103,question,en,0.0,1.0,0.5,0.5
b2771,96,question,en,0.0,1.0,0.5,0.5
b2772,96,question,en,0.0,1.0,0.5,0.5
b2774,86,question,en,0.0,1.0,0.5,0.5
b2778,86,question,en,0.0,1.0,0.5,0.5
b2779,106,question,en,0.0,1.0,0.5,0.5
b2780,82,question,en,0.0,1.0,0.5,0.5
b2781,86,question,en,0.0,1.0,0.5,0.5
b2782,96,question,en,0.0,1.0,0.5,0.5
b2783,106,question,en,0.0,1.0,0.5,0.5
b2784,86,question,en,0.0,1.0,0.5,0.5
b2785,86,question,en,0.0,1.0,0.5,0.5
b2786,86,question,en,0.0,1.0,0.5,0.5
b2787,106,question,en,0.0,1.0,0.5,0.5
b2788,86,question,en,0.0,1.0,0.5,0.5
b2790,86,question,en,0.0,1.0,0.5,0.5
b2791,86,question,en,0.0,1.0,0.5,0.5
b2792,86,question,en,0.0,1.0,0.5,0.5
b2794,96,question,en,0.0,1.0,0.5,0.5
b2795,86,question,en,0.0,1.0,0.5,0.5
b2796,86,question,en,0.0,1.0,0.5,0.5
b2797,98,question,en,0.0,1.0,0.5,0.5
b2798,84,question,en,0.0,1.0,0.5,0.5
b2799,84,question,en,0.0,1.0,0.5,0.5
b2800,98,question,en,0.0,1.0,0.5,0.5
b2802,98,question,en,0.0,1.0,0.5,0.5
b2803,98,question,en,0.0,1.0,0.5,0.5
b1317,181|183|33|24,question,en,0.0,1.0,0.5,0.5
b1319,183|185|26|24,question,en,0.0,1.0,0.5,0.5
b1320,179|183|24|181|25,question,en,0.0,1.0,0.5,0.5
b1322,44|45|185|183,question,en,0.0,1.0,0.5,0.5
b1323,181|50|185|24,question,en,0.0,1.0,0.5,0.5
b1327,181|185|24|43,question,en,0.0,1.0,0.5,0.5
b1328,181|183|31|32,question,en,0.0,1.0,0.5,0.5
b1329,28|30|29|185|181,question,en,0.0,1.0,0.5,0.5
b1330,181|185|24|40,question,en,0.0,1.0,0.5,0.5
b1331,181|44|45|183,question,en,0.0,1.0,0.5,0.5
b1332,183|31|32|185,question,en,0.0,1.0,0.5,0.5
b1334,179|183|31|32|185,question,en,0.0,1.0,0.5,0.5
b1335,183|185|24|43,question,en,0.0,1.0,0.5,0.5
b1336,183|27|24|26|185,question,en,0.0,1.0,0.5,0.5
b1339,185|31|32|184,question,en,0.0,1.0,0.5,0.5
b1340,181|44|185|49,question,en,0.0,1.0,0.5,0.5
b1341,183|31|184|42|30,question,en,0.0,1.0,0.5,0.5
b1342,181|183|36|37,question,en,0.0,1.0,0.5,0.5
b1343,185|183|48|24,question,en,0.0,1.0,0.5,0.5
b1344,185|31|32|183,question,en,0.0,1.0,0.5,0.5
b288,181|182|26|24,question,en,0.0,1.0,0.5,0.5
b289,183|24|51|182|33,question,en,0.0,1.0,0.5,0.5
b292,183|31|32|182,question,en,0.0,1.0,0.5,0.5
b294,183|182|24|43,question,en,0.0,1.0,0.5,0.5
b295,181|42|34|182,question,en,0.0,1.0,0.5,0.5
b297,183|184|24|40,question,en,0.0,1.0,0.5,0.5
b298,183|24|23|182|25,question,en,0.0,1.0,0.5,0.5
b299,27|35|34|182|181,question,en,0.0,1.0,0.5,0.5
b301,42|182|34|183,question,en,0.0,1.0,0.5,0.5
b306,183|27|24|182|33,question,en,0.0,1.0,0.5,0.5
b308,35|30|34|182|181,question,en,0.0,1.0,0.5,0.5
b1148,183|24|23|181|25,question,en,0.0,1.0,0.5,0.5
b1149,184|182|48|24,question,en,0.0,1.0,0.5,0.5
b1151,182|184|24|43,question,en,0.0,1.0,0.5,0.5
b1152,181|184|33|24,question,en,0.0,1.0,0.5,0.5
b1154,28|29|184|181,question,en,0.0,1.0,0.5,0.5
b1156,181|31|32|182,question,en,0.0,1.0,0.5,0.5
b1159,183|44|30|45|181,question,en,0.0,1.0,0.5,0.5
b1161,183|27|24|181|25,question,en,0.0,1.0,0.5,0.5
b1167,179|35|34|182|181,question,en,0.0,1.0,0.5,0.5
b1168,181|183|31|32,question,en,0.0,1.0,0.5,0.5
b1169,183|182|24|40,question,en,0.0,1.0,0.5,0.5
b1170,28|29|181|182,question,en,0.0,1.0,0.5,0.5
b1171,184|36|37|182,question,en,0.0,1.0,0.5,0.5
b1172,181|183|24|40,question,en,0.0,1.0,0.5,0.5
b1174,183|42|30|34|182,question,en,0.0,1.0,0.5,0.5
b1176,28|29|184|181,question,en,0.0,1.0,0.5,0.5
b6676,121,question,en,0.0,1.0,0.5,0.5
b6677,87,question,en,0.0,1.0,0.5,0.5
b6678,120,question,en,0.0,1.0,0.5,0.5
b6679,120,question,en,0.0,1.0,0.5,0.5
b6680,120,question,en,0.0,1.0,0.5,0.5
b6681,95,question,en,0.0,1.0,0.5,0.5
b6682,120,question,en,0.0,1.0,0.5,0.5
b6683,120,question,en,0.0,1.0,0.5,0.5
b6684,87,question,en,0.0,1.0,0.5,0.5
b6685,120,question,en,0.0,1.0,0.5,0.5
b6686,87,question,en,0.0,1.0,0.5,0.5
b6687,87,question,en,0.0,1.0,0.5,0.5
b6688,95,question,en,0.0,1.0,0.5,0.5
b6689,87,question,en,0.0,1.0,0.5,0.5
b6690,87,question,en,0.0,1.0,0.5,0.5
b6691,120,question,en,0.0,1.0,0.5,0.5
b6692,95,question,en,0.0,1.0,0.5,0.5
b6693,87,question,en,0.0,1.0,0.5,0.5
b6694,90,question,en,0.0,1.0,0.5,0.5
b6695,120,question,en,0.0,1.0,0.5,0.5
b6696,120,question,en,0.0,1.0,0.5,0.5
b6697,95,question,en,0.0,1.0,0.5,0.5
b6698,121,question,en,0.0,1.0,0.5,0.5
b6699,119,question,en,0.0,1.0,0.5,0.5
b6700,93,question,en,0.0,1.0,0.5,0.5
b6701,121,question,en,0.0,1.0,0.5,0.5
b6702,109,question,en,0.0,1.0,0.5,0.5
b6703,123,question,en,0.0,1.0,0.5,0.5
b6704,121,question,en,0.0,1.0,0.5,0.5
b6705,93,question,en,0.0,1.0,0.5,0.5
b6706,119,question,en,0.0,1.0,0.5,0.5
b6707,95,question,en,0.0,1.0,0.5,0.5
b6708,119,question,en,0.0,1.0,0.5,0.5
b6709,107,question,en,0.0,1.0,0.5,0.5
b6710,128,question,en,0.0,1.0,0.5,0.5
b6711,121,question,en,0.0,1.0,0.5,0.5
b6712,87,question,en,0.0,1.0,0.5,0.5
b6713,80,question,en,0.0,1.0,0.5,0.5
b6714,87,question,en,0.0,1.0,0.5,0.5
b6715,79,question,en,0.0,1.0,0.5,0.5
b6716,119,question,en,0.0,1.0,0.5,0.5
b6717,128,question,en,0.0,1.0,0.5,0.5
b6718,119,question,en,0.0,1.0,0.5,0.5
b6719,93,question,en,0.0,1.0,0.5,0.5
b6720,128,question,en,0.0,1.0,0.5,0.5
b6721,112,question,en,0.0,1.0,0.5,0.5
b6722,119,question,en,0.0,1.0,0.5,0.5
b6723,122,question,en,0.0,1.0,0.5,0.5
b6724,93,question,en,0.0,1.0,0.5,0.5
b6725,121,question,en,0.0,1.0,0.5,0.5
b6726,109,question,en,0.0,1.0,0.5,0.5
b6727,112,question,en,0.0,1.0,0.5,0.5
b6728,93,question,en,0.0,1.0,0.5,0.5
b6729,79,question,en,0.0,1.0,0.5,0.5
b6730,93,question,en,0.0,1.0,0.5,0.5
b6731,119,question,en,0.0,1.0,0.5,0.5
b6732,119,question,en,0.0,1.0,0.5,0.5
b6733,95,question,en,0.0,1.0,0.5,0.5
b6734,119,question,en,0.0,1.0,0.5,0.5
b6735,121,question,en,0.0,1.0,0.5,0.5
b6736,95,question,en,0.0,1.0,0.5,0.5
b6737,112,question,en,0.0,1.0,0.5,0.5
b6738,119,question,en,0.0,1.0,0.5,0.5
b6739,79,question,en,0.0,1.0,0.5,0.5
b6740,144,question,en,0.0,1.0,0.5,0.5
b6741,120,question,en,0.0,1.0,0.5,0.5
b6742,93,question,en,0.0,1.0,0.5,0.5
b6743,99,question,en,0.0,1.0,0.5,0.5
b6744,120,question,en,0.0,1.0,0.5,0.5
b6745,142,question,en,0.0,1.0,0.5,0.5
b6746,99,question,en,0.0,1.0,0.5,0.5
b6747,87,question,en,0.0,1.0,0.5,0.5
b6748,95,question,en,0.0,1.0,0.5,0.5
b6749,121,question,en,0.0,1.0,0.5,0.5
b6750,128,question,en,0.0,1.0,0.5,0.5
b6751,112,question,en,0.0,1.0,0.5,0.5
b6752,119,question,en,0.0,1.0,0.5,0.5
b6753,112,question,en,0.0,1.0,0.5,0.5
b6754,112,question,en,0.0,1.0,0.5,0.5
b6755,112,question,en,0.0,1.0,0.5,0.5
b6756,123,question,en,0.0,1.0,0.5,0.5
b6757,119,question,en,0.0,1.0,0.5,0.5
b6758,119,question,en,0.0,1.0,0.5,0.5
b6759,119,question,en,0.0,1.0,0.5,0.5
b6760,107,question,en,0.0,1.0,0.5,0.5
b6761,79,question,en,0.0,1.0,0.5,0.5
b6762,93,question,en,0.0,1.0,0.5,0.5
b6763,120,question,en,0.0,1.0,0.5,0.5
b6764,90,question,en,0.0,1.0,0.5,0.5
b6765,109,question,en,0.0,1.0,0.5,0.5
b6766,122,question,en,0.0,1.0,0.5,0.5
b6767,87,question,en,0.0,1.0,0.5,0.5
b6768,144,question,en,0.0,1.0,0.5,0.5
b6769,107,question,en,0.0,1.0,0.5,0.5
b6770,109,question,en,0.0,1.0,0.5,0.5
b6771,120,question,en,0.0,1.0,0.5,0.5
b6772,119,question,en,0.0,1.0,0.5,0.5
b6773,79,question,en,0.0,1.0,0.5,0.5
b6774,130,question,en,0.0,1.0,0.5,0.5
b6775,128,question,en,0.0,1.0,0.5,0.5
b848,181|183|48|24,question,en,0.0,1.0,0.5,0.5
b849,183|185|24|40,question,en,0.0,1.0,0.5,0.5
b850,183|185|26|24,question,en,0.0,1.0,0.5,0.5
b853,183|31|32|185,question,en,0.0,1.0,0.5,0.5
b854,24|23|185|181|25,question,en,0.0,1.0,0.5,0.5
b855,181|185|34|35,question,en,0.0,1.0,0.5,0.5
b857,179|183|31|32|185,question,en,0.0,1.0,0.5,0.5
b858,181|50|185|24,question,en,0.0,1.0,0.5,0.5
b861,41|185|181|24,question,en,0.0,1.0,0.5,0.5
b862,183|24|23|181|25,question,en,0.0,1.0,0.5,0.5
b863,183|31|32|185,question,en,0.0,1.0,0.5,0.5
b864,185|31|32|183,question,en,0.0,1.0,0.5,0.5
b866,44|45|185|183,question,en,0.0,1.0,0.5,0.5
b867,179|183|35|185|34,question,en,0.0,1.0,0.5,0.5
b868,41|185|181|24,question,en,0.0,1.0,0.5,0.5
b869,181|44|45|184,question,en,0.0,1.0,0.5,0.5
b870,179|31|184|32|30|185,question,en,0.0,1.0,0.5,0.5
b874,183|30|185|36|37,question,en,0.0,1.0,0.5,0.5
b875,185|183|34|35,question,en,0.0,1.0,0.5,0.5
b876,179|44|45|185|181,question,en,0.0,1.0,0.5,0.5
b877,28|179|183|184|29,question,en,0.0,1.0,0.5,0.5
b397,181|50|183|24,question,en,0.0,1.0,0.5,0.5
b398,183|184|24|30|43,question,en,0.0,1.0,0.5,0.5
b399,31|32|30|185|181,question,en,0.0,1.0,0.5,0.5
b400,183|47|185|46,question,en,0.0,1.0,0.5,0.5
b401,24|23|185|181|25,question,en,0.0,1.0,0.5,0.5
b402,183|24|26|30|181,question,en,0.0,1.0,0.5,0.5
b403,183|44|184|30|45,question,en,0.0,1.0,0.5,0.5
b405,181|39|185|38,question,en,0.0,1.0,0.5,0.5
b406,181|183|47|46,question,en,0.0,1.0,0.5,0.5
b408,42|31|185|183,question,en,0.0,1.0,0.5,0.5
b410,181|44|45|185,question,en,0.0,1.0,0.5,0.5
b411,42|30|34|185|181,question,en,0.0,1.0,0.5,0.5
b413,181|39|183|38,question,en,0.0,1.0,0.5,0.5
b414,42|30|34|185|181,question,en,0.0,1.0,0.5,0.5
b415,41|185|181|24,question,en,0.0,1.0,0.5,0.5
b417,183|184|26|24,question,en,0.0,1.0,0.5,0.5
b420,183|185|24|40,question,en,0.0,1.0,0.5,0.5
b8302,44|184|183|30|49,question,en,0.0,1.0,0.5,0.5
b514,181|183|33|24,question,en,0.0,1.0,0.5,0.5
b516,179|44|183|45|185,question,en,0.0,1.0,0.5,0.5
b518,181|185|24|25,question,en,0.0,1.0,0.5,0.5
b519,30|185|181|36|37,question,en,0.0,1.0,0.5,0.5
b520,183|185|24|25,question,en,0.0,1.0,0.5,0.5
b521,24|40|30|185|181,question,en,0.0,1.0,0.5,0.5
b523,179|42|30|34|185|181,question,en,0.0,1.0,0.5,0.5
b524,181|185|31|32,question,en,0.0,1.0,0.5,0.5
b525,181|183|34|35,question,en,0.0,1.0,0.5,0.5
b526,28|29|185|183,question,en,0.0,1.0,0.5,0.5
b527,179|183|35|185|34,question,en,0.0,1.0,0.5,0.5
b528,183|24|40|30|185,question,en,0.0,1.0,0.5,0.5
b529,183|24|30|185|50,question,en,0.0,1.0,0.5,0.5
b530,185|31|32|183,question,en,0.0,1.0,0.5,0.5
b531,181|185|34|35,question,en,0.0,1.0,0.5,0.5
b532,181|50|184|24,question,en,0.0,1.0,0.5,0.5
b534,181|42|34|185,question,en,0.0,1.0,0.5,0.5
b538,185|31|32|183,question,en,0.0,1.0,0.5,0.5
b539,179|35|185|34|181,question,en,0.0,1.0,0.5,0.5
b540,28|45|184|183,question,en,0.0,1.0,0.5,0.5
b7929,53|60|181|56|54,question,en,0.0,1.0,0.5,0.5
b7930,184|53|59|52|54,question,en,0.0,1.0,0.5,0.5
b7931,53|185|59|55|54,question,en,0.0,1.0,0.5,0.5
b7932,56|183|60|54,question,en,0.0,1.0,0.5,0.5
b7933,184|68|55|56|54,question,en,0.0,1.0,0.5,0.5
b7934,181|53|63|52,question,en,0.0,1.0,0.5,0.5
b7935,56|183|54|67,question,en,0.0,1.0,0.5,0.5
b7936,185|59|52|56|54,question,en,0.0,1.0,0.5,0.5
b7937,53|63|181|54|52,question,en,0.0,1.0,0.5,0.5
b7938,184|60|52|56|54,question,en,0.0,1.0,0.5,0.5
b823,181|183|24|40,question,en,0.0,1.0,0.5,0.5
b824,50|184|182|24,question,en,0.0,1.0,0.5,0.5
b825,183|47|46|182,question,en,0.0,1.0,0.5,0.5
b826,184|31|32|30|182,question,en,0.0,1.0,0.5,0.5
b827,39|184|182|38,question,en,0.0,1.0,0.5,0.5
b829,181|184|48|24,question,en,0.0,1.0,0.5,0.5
b830,28|184|27|45|182,question,en,0.0,1.0,0.5,0.5
b831,181|182|24|43,question,en,0.0,1.0,0.5,0.5
b832,184|31|32|30|181,question,en,0.0,1.0,0.5,0.5
b833,41|183|184|24,question,en,0.0,1.0,0.5,0.5
b834,181|184|33|24,question,en,0.0,1.0,0.5,0.5
b835,181|183|36|37,question,en,0.0,1.0,0.5,0.5
b836,181|50|184|24,question,en,0.0,1.0,0.5,0.5
b837,183|42|30|34|181,question,en,0.0,1.0,0.5,0.5
b838,179|183|184|35|34,question,en,0.0,1.0,0.5,0.5
b840,184|182|34|35,question,en,0.0,1.0,0.5,0.5
b842,42|182|34|183,question,en,0.0,1.0,0.5,0.5
b843,181|182|26|24,question,en,0.0,1.0,0.5,0.5
b845,42|183|34|182,question,en,0.0,1.0,0.5,0.5
b846,181|31|32|182,question,en,0.0,1.0,0.5,0.5
b847,182|184|33|24,question,en,0.0,1.0,0.5,0.5
b423,183|185|24|25,question,en,0.0,1.0,0.5,0.5
b424,183|27|24|26|185,question,en,0.0,1.0,0.5,0.5
b425,181|183|36|37,question,en,0.0,1.0,0.5,0.5
b427,183|185|24|40,question,en,0.0,1.0,0.5,0.5
b428,181|185|24|40,question,en,0.0,1.0,0.5,0.5
b430,181|185|36|37,question,en,0.0,1.0,0.5,0.5
b431,179|183|24|185|43,question,en,0.0,1.0,0.5,0.5
b432,41|185|181|24,question,en,0.0,1.0,0.5,0.5
b435,41|27|24|185|181,question,en,0.0,1.0,0.5,0.5
b439,44|185|49|183,question,en,0.0,1.0,0.5,0.5
b440,185|31|32|183,question,en,0.0,1.0,0.5,0.5
b442,181|39|185|38,question,en,0.0,1.0,0.5,0.5
b444,28|179|184|30|29|185,question,en,0.0,1.0,0.5,0.5
b445,28|29|181|185,question,en,0.0,1.0,0.5,0.5
b446,183|184|34|35,question,en,0.0,1.0,0.5,0.5
b447,183|27|46|181|47,question,en,0.0,1.0,0.5,0.5
b448,179|183|35|30|185|34,question,en,0.0,1.0,0.5,0.5
b449,41|179|183|24|185,question,en,0.0,1.0,0.5,0.5
b451,184|31|32|183,question,en,0.0,1.0,0.5,0.5
b8331,53|194|182|56|54,question,en,0.0,1.0,0.5,0.5
b8332,194|181|54|52,question,en,0.0,1.0,0.5,0.5
b8333,183|53|194|56|54,question,en,0.0,1.0,0.5,0.5
b8334,194|53|182|52,question,en,0.0,1.0,0.5,0.5
b8335,194|53|181|52,question,en,0.0,1.0,0.5,0.5
b8336,183|53|194|54|58,question,en,0.0,1.0,0.5,0.5
b8338,183|194|56|54|58,question,en,0.0,1.0,0.5,0.5
b1867,52|56|182|70,question,en,0.0,1.0,0.5,0.5
b1868,53|182|59|52|54,question,en,0.0,1.0,0.5,0.5
b1869,55|56|182|70,question,en,0.0,1.0,0.5,0.5
b1870,63|182|52|56|54,question,en,0.0,1.0,0.5,0.5
b1871,66|53|182|52|55,question,en,0.0,1.0,0.5,0.5
b1873,52|56|182|59,question,en,0.0,1.0,0.5,0.5
b1874,53|60|182|56|54,question,en,0.0,1.0,0.5,0.5
b1875,52|54|182|67,question,en,0.0,1.0,0.5,0.5
b1876,182|59|52|56|54,question,en,0.0,1.0,0.5,0.5
b7149,145,question,en,0.0,1.0,0.5,0.5
b7150,145,question,en,0.0,1.0,0.5,0.5
b7151,145,question,en,0.0,1.0,0.5,0.5
b7152,145,question,en,0.0,1.0,0.5,0.5
b7153,145,question,en,0.0,1.0,0.5,0.5
b7154,140,question,en,0.0,1.0,0.5,0.5
b7155,140,question,en,0.0,1.0,0.5,0.5
b7156,140,question,en,0.0,1.0,0.5,0.5
b7157,140,question,en,0.0,1.0,0.5,0.5
b7158,140,question,en,0.0,1.0,0.5,0.5
b7159,112,question,en,0.0,1.0,0.5,0.5
b7160,112,question,en,0.0,1.0,0.5,0.5
b7161,112,question,en,0.0,1.0,0.5,0.5
b7162,112,question,en,0.0,1.0,0.5,0.5
b7163,112,question,en,0.0,1.0,0.5,0.5
b7164,136,question,en,0.0,1.0,0.5,0.5
b7165,136,question,en,0.0,1.0,0.5,0.5
b7166,136,question,en,0.0,1.0,0.5,0.5
b7167,136,question,en,0.0,1.0,0.5,0.5
b7168,136,question,en,0.0,1.0,0.5,0.5
b7169,136,question,en,0.0,1.0,0.5,0.5
b7170,136,question,en,0.0,1.0,0.5,0.5
b7171,136,question,en,0.0,1.0,0.5,0.5
b7172,141,question,en,0.0,1.0,0.5,0.5
b7173,141,question,en,0.0,1.0,0.5,0.5
b7174,141,question,en,0.0,1.0,0.5,0.5
b7175,141,question,en,0.0,1.0,0.5,0.5
b7176,141,question,en,0.0,1.0,0.5,0.5
b7177,141,question,en,0.0,1.0,0.5,0.5
b7178,141,question,en,0.0,1.0,0.5,0.5
b7179,141,question,en,0.0,1.0,0.5,0.5
b7180,141,question,en,0.0,1.0,0.5,0.5
b452,181|183|24|43,question,en,0.0,1.0,0.5,0.5
b453,184|182|26|24,question,en,0.0,1.0,0.5,0.5
b454,183|182|24|40,question,en,0.0,1.0,0.5,0.5
b455,184|24|23|182|33,question,en,0.0,1.0,0.5,0.5
b456,181|44|45|184,question,en,0.0,1.0,0.5,0.5
b457,183|24|23|182|25,question,en,0.0,1.0,0.5,0.5
b458,181|184|48|24,question,en,0.0,1.0,0.5,0.5
b461,184|24|30|181|33,question,en,0.0,1.0,0.5,0.5
b466,28|29|181|183,question,en,0.0,1.0,0.5,0.5
b467,183|184|27|46|47,question,en,0.0,1.0,0.5,0.5
b468,181|50|183|24,question,en,0.0,1.0,0.5,0.5
b469,28|179|184|29|182,question,en,0.0,1.0,0.5,0.5
b470,179|184|27|24|26|181,question,en,0.0,1.0,0.5,0.5
b471,179|183|42|34|182,question,en,0.0,1.0,0.5,0.5
b473,181|183|24|43,question,en,0.0,1.0,0.5,0.5
b474,183|31|32|182,question,en,0.0,1.0,0.5,0.5
b475,181|36|37|182,question,en,0.0,1.0,0.5,0.5
b476,184|31|32|182,question,en,0.0,1.0,0.5,0.5
b477,181|44|45|183,question,en,0.0,1.0,0.5,0.5
b478,42|184|34|182,question,en,0.0,1.0,0.5,0.5
b479,179|183|24|40|182,question,en,0.0,1.0,0.5,0.5
b8312,44|184|27|181|49,question,en,0.0,1.0,0.5,0.5
b8314,44|184|30|181|49,question,en,0.0,1.0,0.5,0.5
b12127,181|182|33|24,question,en,0.0,1.0,0.5,0.5
b12128,181|182|24|43,question,en,0.0,1.0,0.5,0.5
b12129,181|182|24|43,question,en,0.0,1.0,0.5,0.5
b12130,181|182|24|43,question,en,0.0,1.0,0.5,0.5
b12131,181|182|24|43,question,en,0.0,1.0,0.5,0.5
b12132,181|182|24|43,question,en,0.0,1.0,0.5,0.5
b12133,181|182|24|43,question,en,0.0,1.0,0.5,0.5
b12134,181|182|24|43,question,en,0.0,1.0,0.5,0.5
b12135,181|184|24|43,question,en,0.0,1.0,0.5,0.5
b12136,181|182|24|43,question,en,0.0,1.0,0.5,0.5
b11660,150|155|178|153|158|163|196,question,en,0.0,1.0,0.5,0.5
b11661,150|175|155|196|178|153|158|151,question,en,0.0,1.0,0.5,0.5
b1917,184|53|63|52|54,question,en,0.0,1.0,0.5,0.5
b1918,179|66|53|181|55|52,question,en,0.0,1.0,0.5,0.5
b1919,64|185|52|56|55,question,en,0.0,1.0,0.5,0.5
b1921,59|181|56|54|52,question,en,0.0,1.0,0.5,0.5
b1922,181|53|59|52,question,en,0.0,1.0,0.5,0.5
b1923,53|67|185|52|55,question,en,0.0,1.0,0.5,0.5
b1925,56|184|60|54,question,en,0.0,1.0,0.5,0.5
b1926,179|64|185|52|56|55,question,en,0.0,1.0,0.5,0.5
b596,181|183|33|24,question,en,0.0,1.0,0.5,0.5
b597,41|184|182|24,question,en,0.0,1.0,0.5,0.5
b599,50|184|24|182,question,en,0.0,1.0,0.5,0.5
b601,183|182|33|24,question,en,0.0,1.0,0.5,0.5
b604,181|182|24|25,question,en,0.0,1.0,0.5,0.5
b605,181|184|37|38,question,en,0.0,1.0,0.5,0.5
b606,183|184|36|37,question,en,0.0,1.0,0.5,0.5
b607,181|184|34|35,question,en,0.0,1.0,0.5,0.5
b609,181|39|184|38,question,en,0.0,1.0,0.5,0.5
b612,28|29|181|183,question,en,0.0,1.0,0.5,0.5
b615,183|31|32|30|182,question,en,0.0,1.0,0.5,0.5
b622,184|182|34|35,question,en,0.0,1.0,0.5,0.5
b623,41|183|182|24,question,en,0.0,1.0,0.5,0.5
b624,184|31|32|182,question,en,0.0,1.0,0.5,0.5
b2058,57|60|182|52|56,question,en,0.0,1.0,0.5,0.5
b2059,183|53|59|52|55,question,en,0.0,1.0,0.5,0.5
b2061,59|181|56|55|52,question,en,0.0,1.0,0.5,0.5
b2062,66|53|182|52|54,question,en,0.0,1.0,0.5,0.5
b2063,53|57|59|181|52,question,en,0.0,1.0,0.5,0.5
b2066,53|182|59|56|58,question,en,0.0,1.0,0.5,0.5
b2076,56|54|182|70,question,en,0.0,1.0,0.5,0.5
b2077,52|56|182|67,question,en,0.0,1.0,0.5,0.5
b3162,132,question,en,0.0,1.0,0.5,0.5
b3163,132,question,en,0.0,1.0,0.5,0.5
b3164,132,question,en,0.0,1.0,0.5,0.5
b3165,132,question,en,0.0,1.0,0.5,0.5
b3166,71,question,en,0.0,1.0,0.5,0.5
b3167,71,question,en,0.0,1.0,0.5,0.5
b3168,71,question,en,0.0,1.0,0.5,0.5
b3169,71,question,en,0.0,1.0,0.5,0.5
b3170,71,question,en,0.0,1.0,0.5,0.5
b3171,71,question,en,0.0,1.0,0.5,0.5
b3172,71,question,en,0.0,1.0,0.5,0.5
b3173,71,question,en,0.0,1.0,0.5,0.5
b3174,71,question,en,0.0,1.0,0.5,0.5
b3175,71,question,en,0.0,1.0,0.5,0.5
b3176,71,question,en,0.0,1.0,0.5,0.5
b3177,71,question,en,0.0,1.0,0.5,0.5
b3178,71,question,en,0.0,1.0,0.5,0.5
b3179,71,question,en,0.0,1.0,0.5,0.5
b3180,71,question,en,0.0,1.0,0.5,0.5
b3181,71,question,en,0.0,1.0,0.5,0.5
b3182,71,question,en,0.0,1.0,0.5,0.5
b3183,71,question,en,0.0,1.0,0.5,0.5
b3184,71,question,en,0.0,1.0,0.5,0.5
b3185,71,question,en,0.0,1.0,0.5,0.5
b3186,71,question,en,0.0,1.0,0.5,0.5
b3187,71,question,en,0.0,1.0,0.5,0.5
b3188,71,question,en,0.0,1.0,0.5,0.5
b3189,71,question,en,0.0,1.0,0.5,0.5
b3190,71,question,en,0.0,1.0,0.5,0.5
b3191,71,question,en,0.0,1.0,0.5,0.5
b3192,71,question,en,0.0,1.0,0.5,0.5
b3193,71,question,en,0.0,1.0,0.5,0.5
b3194,71,question,en,0.0,1.0,0.5,0.5
b3195,71,question,en,0.0,1.0,0.5,0.5
b3196,71,question,en,0.0,1.0,0.5,0.5
b3197,71,question,en,0.0,1.0,0.5,0.5
b3198,71,question,en,0.0,1.0,0.5,0.5
b3199,71,question,en,0.0,1.0,0.5,0.5
b3200,71,question,en,0.0,1.0,0.5,0.5
b3201,71,question,en,0.0,1.0,0.5,0.5
b3202,71,question,en,0.0,1.0,0.5,0.5
b3203,71,question,en,0.0,1.0,0.5,0.5
b3204,71,question,en,0.0,1.0,0.5,0.5
b3205,71,question,en,0.0,1.0,0.5,0.5
b3206,71,question,en,0.0,1.0,0.5,0.5
b3207,71,question,en,0.0,1.0,0.5,0.5
b3208,71,question,en,0.0,1.0,0.5,0.5
b3209,71,question,en,0.0,1.0,0.5,0.5
b3210,71,question,en,0.0,1.0,0.5,0.5
b3212,71,question,en,0.0,1.0,0.5,0.5
b3213,71,question,en,0.0,1.0,0.5,0.5
b3215,71,question,en,0.0,1.0,0.5,0.5
b3216,71,question,en,0.0,1.0,0.5,0.5
b3217,71,question,en,0.0,1.0,0.5,0.5
b3218,71,question,en,0.0,1.0,0.5,0.5
b3219,83,question,en,0.0,1.0,0.5,0.5
b3220,71,question,en,0.0,1.0,0.5,0.5
b3221,71,question,en,0.0,1.0,0.5,0.5
b3222,71,question,en,0.0,1.0,0.5,0.5
b3223,71,question,en,0.0,1.0,0.5,0.5
b3224,71,question,en,0.0,1.0,0.5,0.5
b3226,71,question,en,0.0,1.0,0.5,0.5
b3227,71,question,en,0.0,1.0,0.5,0.5
b3229,71,question,en,0.0,1.0,0.5,0.5
b3230,71,question,en,0.0,1.0,0.5,0.5
b3231,71,question,en,0.0,1.0,0.5,0.5
b3232,71,question,en,0.0,1.0,0.5,0.5
b3233,71,question,en,0.0,1.0,0.5,0.5
b3235,71,question,en,0.0,1.0,0.5,0.5
b3236,71,question,en,0.0,1.0,0.5,0.5
b3237,71,question,en,0.0,1.0,0.5,0.5
b3238,71,question,en,0.0,1.0,0.5,0.5
b3239,71,question,en,0.0,1.0,0.5,0.5
b3240,71,question,en,0.0,1.0,0.5,0.5
b3241,71,question,en,0.0,1.0,0.5,0.5
b3242,71,question,en,0.0,1.0,0.5,0.5
b3244,71,question,en,0.0,1.0,0.5,0.5
b3246,83,question,en,0.0,1.0,0.5,0.5
b3247,71,question,en,0.0,1.0,0.5,0.5
b3248,71,question,en,0.0,1.0,0.5,0.5
b3251,71,question,en,0.0,1.0,0.5,0.5
b3254,71,question,en,0.0,1.0,0.5,0.5
b3256,71,question,en,0.0,1.0,0.5,0.5
b3257,71,question,en,0.0,1.0,0.5,0.5
b3258,71,question,en,0.0,1.0,0.5,0.5
b1376,181|183|24|43,question,en,0.0,1.0,0.5,0.5
b1377,184|182|24|25,question,en,0.0,1.0,0.5,0.5
b1378,42|183|34|182,question,en,0.0,1.0,0.5,0.5
b1379,182|184|48|24,question,en,0.0,1.0,0.5,0.5
b1380,181|184|26|24,question,en,0.0,1.0,0.5,0.5
b1381,28|29|182|183,question,en,0.0,1.0,0.5,0.5
b1382,181|184|24|43,question,en,0.0,1.0,0.5,0.5
b1383,182|184|24|40,question,en,0.0,1.0,0.5,0.5
b1384,44|30|45|182|181,question,en,0.0,1.0,0.5,0.5
b1385,28|184|30|29|181,question,en,0.0,1.0,0.5,0.5
b1387,181|184|24|40,question,en,0.0,1.0,0.5,0.5
b1388,41|183|184|24,question,en,0.0,1.0,0.5,0.5
b1389,28|29|184|181,question,en,0.0,1.0,0.5,0.5
b1391,183|184|26|24,question,en,0.0,1.0,0.5,0.5
b1392,181|42|34|183,question,en,0.0,1.0,0.5,0.5
b1396,181|182|24|25,question,en,0.0,1.0,0.5,0.5
b1397,181|183|26|24,question,en,0.0,1.0,0.5,0.5
b1399,35|30|34|182|181,question,en,0.0,1.0,0.5,0.5
b1400,184|47|46|182,question,en,0.0,1.0,0.5,0.5
b935,179|183|184|24|50,question,en,0.0,1.0,0.5,0.5
b937,28|183|32|181,question,en,0.0,1.0,0.5,0.5
b939,50|183|184|24,question,en,0.0,1.0,0.5,0.5
b941,181|184|24|43,question,en,0.0,1.0,0.5,0.5
b942,42|184|34|183,question,en,0.0,1.0,0.5,0.5
b943,181|44|45|182,question,en,0.0,1.0,0.5,0.5
b947,183|27|24|40|181,question,en,0.0,1.0,0.5,0.5
b948,183|184|36|37,question,en,0.0,1.0,0.5,0.5
b949,39|183|182|38,question,en,0.0,1.0,0.5,0.5
b950,50|183|182|24,question,en,0.0,1.0,0.5,0.5
b951,183|182|24|40,question,en,0.0,1.0,0.5,0.5
b953,181|184|31|32,question,en,0.0,1.0,0.5,0.5
b954,31|184|42|30|182,question,en,0.0,1.0,0.5,0.5
b955,184|24|23|182|25,question,en,0.0,1.0,0.5,0.5
b956,181|44|45|184,question,en,0.0,1.0,0.5,0.5
b957,183|184|27|36|37,question,en,0.0,1.0,0.5,0.5
b2844,98,question,en,0.0,1.0,0.5,0.5
b2845,100,question,en,0.0,1.0,0.5,0.5
b2847,84,question,en,0.0,1.0,0.5,0.5
b2848,101,question,en,0.0,1.0,0.5,0.5
b2849,100,question,en,0.0,1.0,0.5,0.5
b2850,91,question,en,0.0,1.0,0.5,0.5
b2851,101,question,en,0.0,1.0,0.5,0.5
b2852,101,question,en,0.0,1.0,0.5,0.5
b2853,102,question,en,0.0,1.0,0.5,0.5
b2858,76,question,en,0.0,1.0,0.5,0.5
b2859,76,question,en,0.0,1.0,0.5,0.5
b2868,83,question,en,0.0,1.0,0.5,0.5
b2871,84,question,en,0.0,1.0,0.5,0.5
b2872,98,question,en,0.0,1.0,0.5,0.5
b2874,86,question,en,0.0,1.0,0.5,0.5
b2875,83,question,en,0.0,1.0,0.5,0.5
b2876,103,question,en,0.0,1.0,0.5,0.5
b2877,98,question,en,0.0,1.0,0.5,0.5
b2878,104,question,en,0.0,1.0,0.5,0.5
b2879,105,question,en,0.0,1.0,0.5,0.5
b2880,71,question,en,0.0,1.0,0.5,0.5
b2881,71,question,en,0.0,1.0,0.5,0.5
b2882,78,question,en,0.0,1.0,0.5,0.5
b2883,84,question,en,0.0,1.0,0.5,0.5
b2884,106,question,en,0.0,1.0,0.5,0.5
b2885,107,question,en,0.0,1.0,0.5,0.5
b2886,98,question,en,0.0,1.0,0.5,0.5
b2887,78,question,en,0.0,1.0,0.5,0.5
b2888,78,question,en,0.0,1.0,0.5,0.5
b2889,84,question,en,0.0,1.0,0.5,0.5
b2890,71,question,en,0.0,1.0,0.5,0.5
b2891,77,question,en,0.0,1.0,0.5,0.5
b2892,103,question,en,0.0,1.0,0.5,0.5
b2893,71,question,en,0.0,1.0,0.5,0.5
b2894,71,question,en,0.0,1.0,0.5,0.5
b2895,82,question,en,0.0,1.0,0.5,0.5
b2896,98,question,en,0.0,1.0,0.5,0.5
b2897,71,question,en,0.0,1.0,0.5,0.5
b2898,103,question,en,0.0,1.0,0.5,0.5
b7261,85,question,en,0.0,1.0,0.5,0.5
b7262,85,question,en,0.0,1.0,0.5,0.5
b7264,85,question,en,0.0,1.0,0.5,0.5
b7265,85,question,en,0.0,1.0,0.5,0.5
b7272,85,question,en,0.0,1.0,0.5,0.5
b7277,85,question,en,0.0,1.0,0.5,0.5
b7278,85,question,en,0.0,1.0,0.5,0.5
b7279,85,question,en,0.0,1.0,0.5,0.5
b7280,85,question,en,0.0,1.0,0.5,0.5
b7281,85,question,en,0.0,1.0,0.5,0.5
b7283,85,question,en,0.0,1.0,0.5,0.5
b7284,85,question,en,0.0,1.0,0.5,0.5
b7285,85,question,en,0.0,1.0,0.5,0.5
b7286,77,question,en,0.0,1.0,0.5,0.5
b7287,77,question,en,0.0,1.0,0.5,0.5
b7292,77,question,en,0.0,1.0,0.5,0.5
b7293,77,question,en,0.0,1.0,0.5,0.5
b7294,77,question,en,0.0,1.0,0.5,0.5
b7296,77,question,en,0.0,1.0,0.5,0.5
b7300,77,question,en,0.0,1.0,0.5,0.5
b7301,77,question,en,0.0,1.0,0.5,0.5
b7303,77,question,en,0.0,1.0,0.5,0.5
b7304,77,question,en,0.0,1.0,0.5,0.5
b7311,76,question,en,0.0,1.0,0.5,0.5
b7312,76,question,en,0.0,1.0,0.5,0.5
b7317,76,question,en,0.0,1.0,0.5,0.5
b7319,76,question,en,0.0,1.0,0.5,0.5
b7331,76,question,en,0.0,1.0,0.5,0.5
b7332,84,question,en,0.0,1.0,0.5,0.5
b7333,84,question,en,0.0,1.0,0.5,0.5
b7339,83,question,en,0.0,1.0,0.5,0.5
b7344,83,question,en,0.0,1.0,0.5,0.5
b7345,83,question,en,0.0,1.0,0.5,0.5
b7347,83,question,en,0.0,1.0,0.5,0.5
b7348,83,question,en,0.0,1.0,0.5,0.5
b7350,83,question,en,0.0,1.0,0.5,0.5
b7351,83,question,en,0.0,1.0,0.5,0.5
b7352,83,question,en,0.0,1.0,0.5,0.5
b7353,83,question,en,0.0,1.0,0.5,0.5
b7354,83,question,en,0.0,1.0,0.5,0.5
b7355,83,question,en,0.0,1.0,0.5,0.5
b7357,83,question,en,0.0,1.0,0.5,0.5
b7358,71,question,en,0.0,1.0,0.5,0.5
b7949,85|120|74|143,question,en,0.0,1.0,0.5,0.5
b7950,85|78|77|143,question,en,0.0,1.0,0.5,0.5
b7951,85|143|106|73,question,en,0.0,1.0,0.5,0.5
b7952,124|83|77|143,question,en,0.0,1.0,0.5,0.5
b7953,143|83|76|78,question,en,0.0,1.0,0.5,0.5
b7954,76|83|93|143,question,en,0.0,1.0,0.5,0.5
b7955,85|121|74|143,question,en,0.0,1.0,0.5,0.5
b7956,129|80|105|143,question,en,0.0,1.0,0.5,0.5
b7957,76|89|74|143,question,en,0.0,1.0,0.5,0.5
b7958,87|78|74|143,question,en,0.0,1.0,0.5,0.5
b7959,85|83|119|143,question,en,0.0,1.0,0.5,0.5
b7960,85|134|119|143,question,en,0.0,1.0,0.5,0.5
b7961,76|120|77|143,question,en,0.0,1.0,0.5,0.5
b7962,100|71|76|143,question,en,0.0,1.0,0.5,0.5
b1093,183|24|26|30|181,question,en,0.0,1.0,0.5,0.5
b1095,183|185|33|24,question,en,0.0,1.0,0.5,0.5
b1097,179|183|39|46|181,question,en,0.0,1.0,0.5,0.5
b1099,183|34|35|185,question,en,0.0,1.0,0.5,0.5
b1102,179|183|31|32|185,question,en,0.0,1.0,0.5,0.5
b1103,181|185|26|24,question,en,0.0,1.0,0.5,0.5
b1104,181|183|24|43,question,en,0.0,1.0,0.5,0.5
b1105,35|30|185|34|181,question,en,0.0,1.0,0.5,0.5
b1106,181|185|31|32,question,en,0.0,1.0,0.5,0.5
b1107,181|183|48|24,question,en,0.0,1.0,0.5,0.5
b1109,185|31|32|183,question,en,0.0,1.0,0.5,0.5
b1110,183|27|24|185|50,question,en,0.0,1.0,0.5,0.5
b1111,179|44|183|185|49,question,en,0.0,1.0,0.5,0.5
b1112,183|185|24|40,question,en,0.0,1.0,0.5,0.5
b1113,181|185|24|40,question,en,0.0,1.0,0.5,0.5
b1114,185|184|36|37,question,en,0.0,1.0,0.5,0.5
b1115,50|184|185|24,question,en,0.0,1.0,0.5,0.5
b1116,179|42|34|185|181,question,en,0.0,1.0,0.5,0.5
b1117,183|185|24|43,question,en,0.0,1.0,0.5,0.5
b1118,181|183|31|32,question,en,0.0,1.0,0.5,0.5
b1119,184|35|30|34|181,question,en,0.0,1.0,0.5,0.5
b1120,185|31|32|183,question,en,0.0,1.0,0.5,0.5
b1121,179|183|42|34|185,question,en,0.0,1.0,0.5,0.5
b1122,183|31|32|185,question,en,0.0,1.0,0.5,0.5
b12077,181|184|34|35,question,en,0.0,1.0,0.5,0.5
b12078,181|44|45|184,question,en,0.0,1.0,0.5,0.5
b12079,181|39|184|38,question,en,0.0,1.0,0.5,0.5
b12080,181|184|31|32,question,en,0.0,1.0,0.5,0.5
b12081,181|184|24|40,question,en,0.0,1.0,0.5,0.5
b12082,181|39|184|38,question,en,0.0,1.0,0.5,0.5
b12083,181|184|31|32,question,en,0.0,1.0,0.5,0.5
b12084,181|184|26|24,question,en,0.0,1.0,0.5,0.5
b12085,181|184|31|32,question,en,0.0,1.0,0.5,0.5
b12086,181|50|184|24,question,en,0.0,1.0,0.5,0.5
b7973,131|85|120|143,question,en,0.0,1.0,0.5,0.5
b7974,74|83|87|143,question,en,0.0,1.0,0.5,0.5
b7975,83|120|97|143,question,en,0.0,1.0,0.5,0.5
b7976,85|76|87|143,question,en,0.0,1.0,0.5,0.5
b7977,85|134|84|143,question,en,0.0,1.0,0.5,0.5
b7978,85|128|120|143,question,en,0.0,1.0,0.5,0.5
b7979,74|143|77|78,question,en,0.0,1.0,0.5,0.5
b7980,85|118|80|143,question,en,0.0,1.0,0.5,0.5
b7981,119|92|77|143,question,en,0.0,1.0,0.5,0.5
b5842,85,question,en,0.0,1.0,0.5,0.5
b5843,85,question,en,0.0,1.0,0.5,0.5
b5844,85,question,en,0.0,1.0,0.5,0.5
b5845,76,question,en,0.0,1.0,0.5,0.5
b5846,77,question,en,0.0,1.0,0.5,0.5
b5847,83,question,en,0.0,1.0,0.5,0.5
b5848,83,question,en,0.0,1.0,0.5,0.5
b5849,85,question,en,0.0,1.0,0.5,0.5
b5850,85,question,en,0.0,1.0,0.5,0.5
b5851,77,question,en,0.0,1.0,0.5,0.5
b5852,77,question,en,0.0,1.0,0.5,0.5
b5853,76,question,en,0.0,1.0,0.5,0.5
b5854,77,question,en,0.0,1.0,0.5,0.5
b5855,85,question,en,0.0,1.0,0.5,0.5
b5856,83,question,en,0.0,1.0,0.5,0.5
b5857,85,question,en,0.0,1.0,0.5,0.5
b5858,85,question,en,0.0,1.0,0.5,0.5
b5859,85,question,en,0.0,1.0,0.5,0.5
b5860,85,question,en,0.0,1.0,0.5,0.5
b5861,83,question,en,0.0,1.0,0.5,0.5
b5862,76,question,en,0.0,1.0,0.5,0.5
b5863,76,question,en,0.0,1.0,0.5,0.5
b5864,83,question,en,0.0,1.0,0.5,0.5
b5865,85,question,en,0.0,1.0,0.5,0.5
b5866,85,question,en,0.0,1.0,0.5,0.5
b5867,76,question,en,0.0,1.0,0.5,0.5
b5868,77,question,en,0.0,1.0,0.5,0.5
b5869,77,question,en,0.0,1.0,0.5,0.5
b5870,85,question,en,0.0,1.0,0.5,0.5
b5871,85,question,en,0.0,1.0,0.5,0.5
b5872,77,question,en,0.0,1.0,0.5,0.5
b5873,77,question,en,0.0,1.0,0.5,0.5
b5874,77,question,en,0.0,1.0,0.5,0.5
b5875,85,question,en,0.0,1.0,0.5,0.5
b5876,85,question,en,0.0,1.0,0.5,0.5
b5877,76,question,en,0.0,1.0,0.5,0.5
b5878,76,question,en,0.0,1.0,0.5,0.5
b5879,83,question,en,0.0,1.0,0.5,0.5
b5880,77,question,en,0.0,1.0,0.5,0.5
b5881,76,question,en,0.0,1.0,0.5,0.5
b5882,77,question,en,0.0,1.0,0.5,0.5
b5883,85,question,en,0.0,1.0,0.5,0.5
b5884,77,question,en,0.0,1.0,0.5,0.5
b5885,77,question,en,0.0,1.0,0.5,0.5
b5886,77,question,en,0.0,1.0,0.5,0.5
b5887,76,question,en,0.0,1.0,0.5,0.5
b5888,77,question,en,0.0,1.0,0.5,0.5
b5889,77,question,en,0.0,1.0,0.5,0.5
b5890,77,question,en,0.0,1.0,0.5,0.5
b5891,77,question,en,0.0,1.0,0.5,0.5
b7457,108,question,en,0.0,1.0,0.5,0.5
b7458,107,question,en,0.0,1.0,0.5,0.5
b7459,107,question,en,0.0,1.0,0.5,0.5
b7460,83,question,en,0.0,1.0,0.5,0.5
b7461,77,question,en,0.0,1.0,0.5,0.5
b7462,77,question,en,0.0,1.0,0.5,0.5
b7463,76,question,en,0.0,1.0,0.5,0.5
b7464,77,question,en,0.0,1.0,0.5,0.5
b7465,85,question,en,0.0,1.0,0.5,0.5
b7466,85,question,en,0.0,1.0,0.5,0.5
b7467,85,question,en,0.0,1.0,0.5,0.5
b7468,77,question,en,0.0,1.0,0.5,0.5
b7469,85,question,en,0.0,1.0,0.5,0.5
b7470,77,question,en,0.0,1.0,0.5,0.5
b7471,77,question,en,0.0,1.0,0.5,0.5
b7472,77,question,en,0.0,1.0,0.5,0.5
b7473,85,question,en,0.0,1.0,0.5,0.5
b7474,83,question,en,0.0,1.0,0.5,0.5
b7475,83,question,en,0.0,1.0,0.5,0.5
b7476,85,question,en,0.0,1.0,0.5,0.5
b7477,85,question,en,0.0,1.0,0.5,0.5
b7478,85,question,en,0.0,1.0,0.5,0.5
b7479,83,question,en,0.0,1.0,0.5,0.5
b7480,76,question,en,0.0,1.0,0.5,0.5
b7481,76,question,en,0.0,1.0,0.5,0.5
b7482,77,question,en,0.0,1.0,0.5,0.5
b7483,76,question,en,0.0,1.0,0.5,0.5
b7484,83,question,en,0.0,1.0,0.5,0.5
b7485,77,question,en,0.0,1.0,0.5,0.5
b7486,85,question,en,0.0,1.0,0.5,0.5
b7487,77,question,en,0.0,1.0,0.5,0.5
b7488,77,question,en,0.0,1.0,0.5,0.5
b7489,77,question,en,0.0,1.0,0.5,0.5
b7490,85,question,en,0.0,1.0,0.5,0.5
b7491,77,question,en,0.0,1.0,0.5,0.5
b7492,85,question,en,0.0,1.0,0.5,0.5
b7493,76,question,en,0.0,1.0,0.5,0.5
b7494,85,question,en,0.0,1.0,0.5,0.5
b7495,77,question,en,0.0,1.0,0.5,0.5
b7496,85,question,en,0.0,1.0,0.5,0.5
b7497,85,question,en,0.0,1.0,0.5,0.5
b7498,76,question,en,0.0,1.0,0.5,0.5
b7500,85,question,en,0.0,1.0,0.5,0.5
b7501,83,question,en,0.0,1.0,0.5,0.5
b7504,77,question,en,0.0,1.0,0.5,0.5
b7505,85,question,en,0.0,1.0,0.5,0.5
b7506,77,question,en,0.0,1.0,0.5,0.5
b11805,147|150|146|176|153|196,question,en,0.0,1.0,0.5,0.5
b11806,170|150|164|176|153|196,question,en,0.0,1.0,0.5,0.5
