src,dst
b5700,b1434
b1434,b1983
b1983,b1433
b1433,b1440
b1440,b1442
b1442,b1980
b1980,b5697
b5697,b5702
b5702,b5703
b5703,b1431
b1431,b7745
b7745,b7740
b7740,b1959
b1959,b7741
b7741,b7742
b7742,b7743
b7743,b7744
b7744,b7739
b7739,b1952
b1952,b1953
b1953,b11262
b11262,b7731
b7731,b1962
b1962,b1963
b1963,b7730
b7730,b5701
b5701,b7732
b7732,b7733
b7733,b7734
b7734,b7735
b7735,b7736
b7736,b7737
b7737,b7738
b7738,b7773
b7773,b7765
b7765,b7766
b7766,b7767
b7767,b7768
b7768,b7769
b7769,b7770
b7770,b7771
b7771,b7772
b7772,b7764
b7764,b7774
b7774,b7775
b7775,b7776
b7776,b7777
b7777,b7746
b7746,b7747
b7747,b7748
b7748,b5688
b5688,b2012
b2012,b2015
b2015,b7749
b7749,b5690
b5690,b7762
b7762,b7763
b7763,b2001
b2001,b5699
b5699,b1430
b1430,b11263
b11263,b7761
b7761,b7760
b7760,b7759
b7759,b7758
b7758,b7757
b7757,b7756
b7756,b7755
b7755,b7754
b7754,b7753
b7753,b7752
b7752,b7751
b7751,b7750
b7750,b1480
b1480,b7697
b7697,b7698
b7698,b7699
b7699,b7687
b7687,b7688
b7688,b11266
b11266,b1916
b1916,b1920
b1920,b11265
b11265,b11267
b11267,b7696
b7696,b7583
b7583,b8370
b8370,b8371
b8371,b8372
b8372,b8373
b8373,b8374
b8374,b8375
b8375,b8376
b8376,b8377
b8377,b8369
b8369,b8346
b8346,b8347
b8347,b8348
b8348,b8362
b8362,b8363
b8363,b8364
b8364,b8365
b8365,b8354
b8354,b7658
b7658,b8349
b8349,b8350
b8350,b8351
b8351,b8352
b8352,b8353
b8353,b8355
b8355,b8356
b8356,b8357
b8357,b8358
b8358,b8359
b8359,b8360
b8360,b8361
b8361,b1457
b1457,b11260
b11260,b11261
b11261,b11259
b11259,b1458
b1458,b7714
b7714,b7715
b7715,b7716
b7716,b7717
b7717,b11268
b11268,b11264
b11264,b7718
b7718,b11269
b11269,b1924
b1924,b7711
b7711,b7703
b7703,b7704
b7704,b7705
b7705,b7706
b7706,b7707
b7707,b7708
b7708,b7709
b7709,b7710
b7710,b7702
b7702,b7712
b7712,b7713
b7713,b7695
b7695,b7701
b7701,b7700
b7700,b7729
b7729,b7728
b7728,b7727
b7727,b7726
b7726,b7725
b7725,b7724
b7724,b7723
b7723,b7722
b7722,b7721
b7721,b7720
b7720,b7719
b7719,b7886
b7886,b7878
b7878,b7879
b7879,b7880
b7880,b7881
b7881,b7882
b7882,b7883
b7883,b7884
b7884,b7885
b7885,b7877
b7877,b7887
b7887,b1222
b1222,b1224
b1224,b1226
b1226,b1231
b1231,b1239
b1239,b1243
b1243,b1213
b1213,b7898
b7898,b7899
b7899,b7900
b7900,b7901
b7901,b7902
b7902,b7903
b7903,b1210
b1210,b1212
b1212,b1244
b1244,b1216
b1216,b1220
b1220,b7872
b7872,b7873
b7873,b7874
b7874,b7875
b7875,b7876
b7876,b7842
b7842,b7870
b7870,b7871
b7871,b1256
b1256,b1260
b1260,b1264
b1264,b1265
b1265,b1266
b1266,b1267
b1267,b7869
b7869,b7843
b7843,b7844
b7844,b7845
b7845,b7846
b7846,b7847
b7847,b7848
b7848,b7849
b7849,b7863
b7863,b1247
b1247,b1250
b1250,b1252
b1252,b7858
b7858,b7859
b7859,b7860
b7860,b7861
b7861,b7862
b7862,b7897
b7897,b7864
b7864,b7865
b7865,b7866
b7866,b7867
b7867,b7868
b7868,b1157
b1157,b1134
b1134,b1135
b1135,b1136
b1136,b1139
b1139,b1141
b1141,b1142
b1142,b1153
b1153,b1155
b1155,b1132
b1132,b1158
b1158,b1160
b1160,b1162
b1162,b1163
b1163,b1164
b1164,b1165
b1165,b2037
b2037,b8337
b8337,b1697
b1697,b8457
b8457,b8458
b8458,b11452
b11452,b5588
b5588,b1127
b1127,b2041
b2041,b2047
b2047,b1129
b1129,b7890
b7890,b7910
b7910,b1191
b1191,b1194
b1194,b1196
b1196,b1197
b1197,b1199
b1199,b7888
b7888,b7889
b7889,b7909
b7909,b5612
b5612,b7891
b7891,b7892
b7892,b7893
b7893,b7894
b7894,b7895
b7895,b7896
b7896,b7850
b7850,b7908
b7908,b7907
b7907,b7906
b7906,b7905
b7905,b7904
b7904,b11426
b11426,b1184
b1184,b1180
b1180,b1175
b1175,b1173
b1173,b1166
b1166,b5609
b5609,b5607
b5607,b7802
b7802,b7794
b7794,b7795
b7795,b7796
b7796,b7797
b7797,b7798
b7798,b7799
b7799,b7800
b7800,b7801
b7801,b1386
b1386,b7803
b7803,b7804
b7804,b7805
b7805,b7806
b7806,b7807
b7807,b7808
b7808,b7809
b7809,b11377
b11377,b1346
b1346,b1347
b1347,b1350
b1350,b1352
b1352,b1353
b1353,b1357
b1357,b1359
b1359,b1361
b1361,b1390
b1390,b11386
b11386,b1362
b1362,b1364
b1364,b1367
b1367,b1368
b1368,b1369
b1369,b1370
b1370,b2022
b2022,b7793
b7793,b1394
b1394,b1395
b1395,b1398
b1398,b1401
b1401,b7792
b7792,b5628
b5628,b5629
b5629,b5630
b5630,b1409
b1409,b1345
b1345,b7791
b7791,b7790
b7790,b7789
b7789,b7788
b7788,b7787
b7787,b7786
b7786,b7785
b7785,b7784
b7784,b7783
b7783,b7782
b7782,b7781
b7781,b7780
b7780,b7779
b7779,b7778
b7778,b1393
b1393,b7830
b7830,b1307
b1307,b1308
b1308,b1309
b1309,b11413
b11413,b7826
b7826,b7827
b7827,b7828
b7828,b7829
b7829,b1302
b1302,b7831
b7831,b7832
b7832,b7833
b7833,b7834
b7834,b7835
b7835,b7836
b7836,b7837
b7837,b1272
b1272,b7851
b7851,b7852
b7852,b7853
b7853,b7854
b7854,b7855
b7855,b7856
b7856,b7857
b7857,b1270
b1270,b7838
b7838,b1273
b1273,b1278
b1278,b1281
b1281,b1285
b1285,b1293
b1293,b1295
b1295,b1296
b1296,b7818
b7818,b7810
b7810,b7811
b7811,b7812
b7812,b7813
b7813,b7814
b7814,b7815
b7815,b7816
b7816,b7817
b7817,b1338
b1338,b7819
b7819,b7820
b7820,b7821
b7821,b7822
b7822,b7823
b7823,b7824
b7824,b7825
b7825,b8366
b8366,b1337
b1337,b1333
b1333,b11404
b11404,b11403
b11403,b11398
b11398,b1326
b1326,b1325
b1325,b1324
b1324,b1321
b1321,b1318
b1318,b11424
b11424,b11421
b11421,b7841
b7841,b7840
b7840,b7839
b7839,b6658
b6658,b1613
b1613,b7404
b7404,b1740
b1740,b1742
b1742,b6659
b6659,b7386
b7386,b7388
b7388,b7391
b7391,b7392
b7392,b7370
b7370,b7372
b7372,b1608
b1608,b6638
b6638,b6639
b6639,b6640
b6640,b6641
b6641,b6642
b6642,b6643
b6643,b7374
b7374,b1749
b1749,b1754
b1754,b8440
b8440,b6656
b6656,b6657
b6657,b8442
b8442,b8443
b8443,b7366
b7366,b8439
b8439,b6655
b6655,b8441
b8441,b6647
b6647,b1626
b1626,b6644
b6644,b6645
b6645,b6646
b6646,b6637
b6637,b6648
b6648,b6649
b6649,b6650
b6650,b6651
b6651,b6652
b6652,b6653
b6653,b6654
b6654,b1593
b1593,b8410
b8410,b8411
b8411,b8412
b8412,b8413
b8413,b8414
b8414,b8415
b8415,b8416
b8416,b8426
b8426,b8427
b8427,b8428
b8428,b8429
b8429,b8430
b8430,b8431
b8431,b8433
b8433,b8396
b8396,b8397
b8397,b8398
b8398,b8399
b8399,b8400
b8400,b1587
b1587,b8432
b8432,b8434
b8434,b8435
b8435,b8436
b8436,b8437
b8437,b8438
b8438,b6629
b6629,b6622
b6622,b6623
b6623,b6624
b6624,b1605
b1605,b7419
b7419,b6628
b6628,b6621
b6621,b6630
b6630,b6631
b6631,b6632
b6632,b6633
b6633,b6634
b6634,b6635
b6635,b6636
b6636,b6620
b6620,b6619
b6619,b6618
b6618,b6617
b6617,b6616
b6616,b6615
b6615,b6614
b6614,b6613
b6613,b6612
b6612,b1757
b1757,b1600
b1600,b8445
b8445,b1655
b1655,b7338
b7338,b8444
b8444,b8446
b8446,b8447
b8447,b1711
b1711,b6991
b6991,b6993
b6993,b6996
b6996,b6973
b6973,b6977
b6977,b6980
b6980,b6955
b6955,b6956
b6956,b6964
b6964,b6966
b6966,b6938
b6938,b6940
b6940,b6941
b6941,b93
b93,b1704
b1704,b6986
b6986,b3152
b3152,b75
b75,b83
b83,b1669
b1669,b3588
b3588,b3564
b3564,b3539
b3539,b3514
b3514,b3476
b3476,b3466
b3466,b8540
b8540,b8450
b8450,b8448
b8448,b8449
b8449,b1651
b1651,b8451
b8451,b6675
b6675,b6667
b6667,b6668
b6668,b6669
b6669,b6670
b6670,b6671
b6671,b6672
b6672,b6673
b6673,b6674
b6674,b6666
b6666,b1641
b1641,b8461
b8461,b1633
b1633,b1628
b1628,b1629
b1629,b8462
b8462,b1634
b1634,b6662
b6662,b6663
b6663,b6664
b6664,b6665
b6665,b6937
b6937,b6948
b6948,b8463
b8463,b6933
b6933,b6935
b6935,b6936
b6936,b6946
b6946,b8459
b8459,b8460
b8460,b8395
b8395,b6944
b6944,b1646
b1646,b6661
b6661,b6660
b6660,b6781
b6781,b6779
b6779,b6845
b6845,b1720
b1720,b1865
b1865,b6053
b6053,b11299
b11299,b11308
b11308,b11284
b11284,b11291
b11291,b11276
b11276,b1872
b1872,b8384
b8384,b8385
b8385,b8386
b8386,b8387
b8387,b11278
b11278,b6044
b6044,b11277
b11277,b8388
b8388,b1879
b1879,b1857
b1857,b8406
b8406,b8407
b8407,b8408
b8408,b8409
b8409,b1862
b1862,b1863
b1863,b8405
b8405,b1849
b1849,b8380
b8380,b8389
b8389,b8390
b8390,b8391
b8391,b8392
b8392,b8393
b8393,b7529
b7529,b8378
b8378,b8379
b8379,b1885
b1885,b8381
b8381,b8382
b8382,b8383
b8383,b8401
b8401,b8402
b8402,b8403
b8403,b8404
b8404,b5753
b5753,b1506
b1506,b1507
b1507,b6011
b6011,b6015
b6015,b1504
b1504,b5760
b5760,b5706
b5706,b6027
b6027,b6029
b6029,b6032
b6032,b6035
b6035,b6005
b6005,b8367
b8367,b8368
b8368,b1500
b1500,b1501
b1501,b11274
b11274,b11272
b11272,b1889
b1889,b11270
b11270,b11271
b11271,b11273
b11273,b1523
b1523,b1850
b1850,b1517
b1517,b6026
b6026,b6025
b6025,b6024
b6024,b1896
b1896,b11275
b11275,b6584
b6584,b6611
b6611,b1768
b1768,b6580
b6580,b6581
b6581,b6582
b6582,b6583
b6583,b6610
b6610,b6585
b6585,b6586
b6586,b6587
b6587,b6588
b6588,b6589
b6589,b1577
b1577,b6565
b6565,b1778
b1778,b1780
b1780,b1782
b1782,b6564
b6564,b1570
b1570,b1571
b1571,b6609
b6609,b6604
b6604,b6596
b6596,b6597
b6597,b6598
b6598,b6599
b6599,b6600
b6600,b6601
b6601,b6602
b6602,b6603
b6603,b6627
b6627,b6605
b6605,b6606
b6606,b6607
b6607,b6608
b6608,b8424
b8424,b8425
b8425,b8394
b8394,b6626
b6626,b6625
b6625,b8423
b8423,b8422
b8422,b8421
b8421,b8420
b8420,b8419
b8419,b8418
b8418,b8417
b8417,b1584
b1584,b1578
b1578,b6561
b6561,b1800
b1800,b1555
b1555,b6559
b6559,b6560
b6560,b1799
b1799,b6562
b6562,b6563
b6563,b1788
b1788,b1784
b1784,b1832
b1832,b1838
b1838,b1550
b1550,b6557
b6557,b1817
b1817,b1566
b1566,b1558
b1558,b1563
b1563,b6590
b6590,b6591
b6591,b6592
b6592,b6593
b6593,b6594
b6594,b6595
b6595,b6579
b6579,b6578
b6578,b6577
b6577,b6576
b6576,b6575
b6575,b6574
b6574,b6573
b6573,b6572
b6572,b6571
b6571,b6570
b6570,b6569
b6569,b6568
b6568,b6567
b6567,b6566
b6566,b6558
b6558,b4755
b4755,b443
b443,b11613
b11613,b450
b450,b459
b459,b460
b460,b462
b462,b463
b463,b464
b464,b441
b441,b8554
b8554,b5084
b5084,b4959
b4959,b4952
b4952,b4893
b4893,b4837
b4837,b4839
b4839,b4841
b4841,b438
b438,b437
b437,b436
b436,b434
b434,b4727
b4727,b4750
b4750,b4746
b4746,b433
b433,b429
b429,b426
b426,b422
b422,b4513
b4513,b4537
b4537,b4568
b4568,b4583
b4583,b5217
b5217,b5200
b5200,b5126
b5126,b488
b488,b8552
b8552,b4610
b4610,b487
b487,b485
b485,b483
b483,b482
b482,b481
b481,b480
b480,b472
b472,b465
b465,b4812
b4812,b4806
b4806,b4827
b4827,b4825
b4825,b2873
b2873,b2867
b2867,b4843
b4843,b11656
b11656,b381
b381,b385
b385,b11654
b11654,b11655
b11655,b4425
b4425,b11657
b11657,b11658
b11658,b387
b387,b389
b389,b392
b392,b4422
b4422,b4421
b4421,b4439
b4439,b4435
b4435,b4477
b4477,b4472
b4472,b4495
b4495,b379
b379,b377
b377,b11659
b11659,b4667
b4667,b412
b412,b416
b416,b418
b418,b419
b419,b421
b421,b4736
b4736,b4660
b4660,b4662
b4662,b409
b409,b4654
b4654,b4615
b4615,b4622
b4622,b2909
b2909,b2922
b2922,b2923
b2923,b4597
b4597,b2834
b2834,b407
b407,b404
b404,b11652
b11652,b11651
b11651,b11650
b11650,b11649
b11649,b11648
b11648,b11647
b11647,b11646
b11646,b11645
b11645,b11644
b11644,b11643
b11643,b396
b396,b395
b395,b393
b393,b5297
b5297,b5303
b5303,b5304
b5304,b579
b579,b582
b582,b585
b585,b586
b586,b587
b587,b588
b588,b594
b594,b595
b595,b2684
b2684,b573
b573,b572
b572,b5272
b5272,b5271
b5271,b571
b571,b569
b569,b567
b567,b564
b564,b562
b562,b560
b560,b557
b557,b2611
b2611,b5302
b5302,b8011
b8011,b2600
b2600,b2603
b2603,b2605
b2605,b2606
b2606,b5310
b5310,b610
b610,b611
b611,b613
b613,b614
b614,b616
b616,b556
b556,b2641
b2641,b2625
b2625,b2624
b2624,b2623
b2623,b608
b608,b603
b603,b602
b602,b600
b600,b598
b598,b522
b522,b503
b503,b504
b504,b510
b510,b511
b511,b512
b512,b513
b513,b515
b515,b517
b517,b502
b502,b11574
b11574,b2773
b2773,b5264
b5264,b5265
b5265,b5266
b5266,b501
b501,b498
b498,b494
b494,b2801
b2801,b2793
b2793,b2789
b2789,b2777
b2777,b2776
b2776,b2775
b2775,b5227
b5227,b536
b536,b551
b551,b549
b549,b548
b548,b2756
b2756,b2755
b2755,b2752
b2752,b2750
b2750,b5273
b5273,b544
b544,b537
b537,b369
b369,b535
b535,b533
b533,b5270
b5270,b5269
b5269,b5268
b5268,b5267
b5267,b8456
b8456,b202
b202,b207
b207,b8455
b8455,b8452
b8452,b1683
b1683,b8454
b8454,b8453
b8453,b3975
b3975,b3971
b3971,b3994
b3994,b4050
b4050,b223
b223,b210
b210,b211
b211,b213
b213,b214
b214,b215
b215,b219
b219,b221
b221,b222
b222,b11775
b11775,b224
b224,b225
b225,b11751
b11751,b11752
b11752,b11753
b11753,b11754
b11754,b11755
b11755,b4066
b4066,b11774
b11774,b11773
b11773,b11772
b11772,b11771
b11771,b11770
b11770,b11769
b11769,b11768
b11768,b11767
b11767,b11766
b11766,b11765
b11765,b3356
b3356,b3225
b3225,b3228
b3228,b8531
b8531,b3148
b3148,b3429
b3429,b3349
b3349,b3214
b3214,b3338
b3338,b3255
b3255,b3259
b3259,b3260
b3260,b3977
b3977,b3981
b3981,b3982
b3982,b3962
b3962,b3234
b3234,b3253
b3253,b3252
b3252,b3250
b3250,b3249
b3249,b3245
b3245,b17
b17,b30
b30,b3146
b3146,b3136
b3136,b3156
b3156,b4113
b4113,b147
b147,b148
b148,b50
b50,b155
b155,b4136
b4136,b4137
b4137,b4111
b4111,b138
b138,b4086
b4086,b4088
b4088,b4068
b4068,b4073
b4073,b4078
b4078,b4059
b4059,b4061
b4061,b11756
b11756,b117
b117,b102
b102,b101
b101,b3633
b3633,b3639
b3639,b3638
b3638,b3676
b3676,b3672
b3672,b3784
b3784,b3810
b3810,b3808
b3808,b3935
b3935,b3108
b3108,b3947
b3947,b3968
b3968,b4358
b4358,b326
b326,b328
b328,b330
b330,b2989
b2989,b2991
b2991,b2993
b2993,b2995
b2995,b4355
b4355,b4345
b4345,b4361
b4361,b4363
b4363,b2987
b2987,b4372
b4372,b4373
b4373,b4374
b4374,b4379
b4379,b4380
b4380,b4341
b4341,b4369
b4369,b4366
b4366,b320
b320,b312
b312,b311
b311,b310
b310,b309
b309,b307
b307,b305
b305,b304
b304,b303
b303,b302
b302,b300
b300,b296
b296,b352
b352,b2945
b2945,b2955
b2955,b340
b340,b341
b341,b346
b346,b347
b347,b348
b348,b350
b350,b2935
b2935,b354
b354,b358
b358,b361
b361,b363
b363,b364
b364,b365
b365,b367
b367,b293
b293,b2931
b2931,b2930
b2930,b2928
b2928,b2924
b2924,b2966
b2966,b4415
b4415,b4411
b4411,b2986
b2986,b2983
b2983,b2973
b2973,b4398
b4398,b4393
b4393,b338
b338,b337
b337,b331
b331,b4233
b4233,b244
b244,b254
b254,b256
b256,b257
b257,b258
b258,b260
b260,b4338
b4338,b4277
b4277,b239
b239,b4240
b4240,b4185
b4185,b4173
b4173,b4133
b4133,b4134
b4134,b3028
b3028,b4327
b4327,b262
b262,b237
b237,b234
b234,b231
b231,b230
b230,b228
b228,b227
b227,b226
b226,b11764
b11764,b11763
b11763,b11762
b11762,b11761
b11761,b11760
b11760,b11759
b11759,b11758
b11758,b11757
b11757,b287
b287,b291
b291,b290
b290,b11704
b11704,b11703
b11703,b11702
b11702,b11701
b11701,b11700
b11700,b11699
b11699,b11698
b11698,b11697
b11697,b11696
b11696,b11695
b11695,b11694
b11694,b11693
b11693,b11692
b11692,b7015
b7015,b286
b286,b285
b285,b283
b283,b282
b282,b281
b281,b274
b274,b272
b272,b271
b271,b270
b270,b269
b269,b268
b268,b267
b267,b265
b265,b264
b264,b263
b263,b5494
b5494,b959
b959,b958
b958,b952
b952,b946
b946,b945
b945,b2118
b2118,b5497
b5497,b5495
b5495,b960
b960,b944
b944,b940
b940,b938
b938,b936
b936,b934
b934,b933
b933,b932
b932,b930
b930,b928
b928,b925
b925,b920
b920,b918
b918,b917
b917,b909
b909,b908
b908,b2096
b2096,b5519
b5519,b2086
b2086,b2083
b2083,b11254
b11254,b984
b984,b978
b978,b977
b977,b975
b975,b972
b972,b971
b971,b907
b907,b2100
b2100,b969
b969,b967
b967,b966
b966,b964
b964,b962
b962,b11498
b11498,b11493
b11493,b11490
b11490,b2129
b2129,b5493
b5493,b11248
b11248,b11247
b11247,b11246
b11246,b11245
b11245,b11244
b11244,b2128
b2128,b886
b886,b883
b883,b882
b882,b11505
b11505,b873
b873,b872
b872,b5483
b5483,b2134
b2134,b11243
b11243,b11242
b11242,b5492
b5492,b5491
b5491,b5490
b5490,b5489
b5489,b901
b901,b893
b893,b891
b891,b2124
b2124,b2122
b2122,b2121
b2121,b1082
b1082,b11255
b11255,b2065
b2065,b2064
b2064,b2060
b2060,b2057
b2057,b8320
b8320,b8319
b8319,b1084
b1084,b1087
b1087,b1074
b1074,b1071
b1071,b8318
b8318,b8317
b8317,b8316
b8316,b8315
b8315,b8313
b8313,b8311
b8311,b8310
b8310,b8309
b8309,b8308
b8308,b8307
b8307,b8306
b8306,b8305
b8305,b8341
b8341,b7016
b7016,b7014
b7014,b7011
b7011,b7010
b7010,b7009
b7009,b7006
b7006,b7005
b7005,b2050
b2050,b8345
b8345,b8344
b8344,b8343
b8343,b8342
b8342,b8304
b8304,b8340
b8340,b8339
b8339,b2054
b2054,b1108
b1108,b1101
b1101,b1100
b1100,b1098
b1098,b1096
b1096,b1094
b1094,b1089
b1089,b11252
b11252,b11256
b11256,b5537
b5537,b1016
b1016,b1013
b1013,b1007
b1007,b1006
b1006,b11253
b11253,b11251
b11251,b11250
b11250,b11249
b11249,b1001
b1001,b1000
b1000,b999
b999,b993
b993,b1023
b1023,b8303
b8303,b1066
b1066,b1065
b1065,b1064
b1064,b1062
b1062,b1060
b1060,b1052
b1052,b1051
b1051,b1043
b1043,b1041
b1041,b1038
b1038,b1035
b1035,b1028
b1028,b1027
b1027,b1025
b1025,b618
b618,b1022
b1022,b1020
b1020,b1019
b1019,b1018
b1018,b11258
b11258,b11257
b11257,b697
b697,b719
b719,b715
b715,b712
b712,b711
b711,b709
b709,b2359
b2359,b2352
b2352,b5407
b5407,b707
b707,b704
b704,b702
b702,b701
b701,b700
b700,b699
b699,b696
b696,b694
b694,b693
b693,b5387
b5387,b5385
b5385,b5388
b5388,b732
b732,b2250
b2250,b2248
b2248,b753
b753,b748
b748,b746
b746,b742
b742,b2276
b2276,b2275
b2275,b2265
b2265,b2264
b2264,b2290
b2290,b2279
b2279,b738
b738,b737
b737,b733
b733,b690
b690,b730
b730,b728
b728,b725
b725,b724
b724,b723
b723,b5418
b5418,b2341
b2341,b5411
b5411,b5410
b5410,b5317
b5317,b666
b666,b652
b652,b649
b649,b647
b647,b643
b643,b5361
b5361,b5358
b5358,b2542
b2542,b2576
b2576,b669
b669,b635
b635,b633
b633,b630
b630,b627
b627,b626
b626,b2596
b2596,b2595
b2595,b625
b625,b621
b621,b620
b620,b619
b619,b617
b617,b672
b672,b689
b689,b688
b688,b683
b683,b680
b680,b679
b679,b677
b677,b675
b675,b2405
b2405,b5374
b5374,b674
b674,b673
b673,b11241
b11241,b2452
b2452,b5364
b5364,b5363
b5363,b671
b671,b670
b670,b5477
b5477,b844
b844,b841
b841,b839
b839,b5482
b5482,b5481
b5481,b5480
b5480,b5479
b5479,b5478
b5478,b851
b851,b2145
b2145,b2144
b2144,b2143
b2143,b828
b828,b822
b822,b821
b821,b819
b819,b817
b817,b813
b813,b811
b811,b810
b810,b5476
b5476,b5487
b5487,b871
b871,b865
b865,b2142
b2142,b2141
b2141,b5488
b5488,b2255
b2255,b5486
b5486,b5485
b5485,b5484
b5484,b860
b860,b859
b859,b856
b856,b852
b852,b5452
b5452,b5438
b5438,b5436
b5436,b5439
b5439,b5453
b5453,b793
b793,b795
b795,b797
b797,b798
b798,b799
b799,b778
b778,b772
b772,b773
b773,b774
b774,b771
b771,b770
b770,b769
b769,b767
b767,b775
b775,b2179
b2179,b766
b766,b779
b779,b781
b781,b788
b788,b765
b765,b764
b764,b761
b761,b760
b760,b791
b791,b758
b758,b2241
b2241,b2171
b2171,b2166
b2166,b2164
b2164,b2251
b2251,b2160
b2160,b2258
b2258,b2237
b2237,b800
b800,b2228
b2228,b804
b804,b5671
b5671,b158
b158,b159
b159,b160
b160,b161
b161,b162
b162,b163
b163,b164
b164,b165
b165,b166
b166,b167
b167,b71
b71,b72
b72,b73
b73,b74
b74,b76
b76,b77
b77,b78
b78,b79
b79,b80
b80,b5574
b5574,b5575
b5575,b5576
b5576,b5577
b5577,b5578
b5578,b5579
b5579,b100
b100,b103
b103,b104
b104,b105
b105,b106
b106,b107
b107,b108
b108,b31
b31,b32
b32,b33
b33,b34
b34,b35
b35,b36
b36,b37
b37,b38
b38,b39
b39,b40
b40,b187
b187,b188
b188,b189
b189,b190
b190,b191
b191,b192
b192,b193
b193,b194
b194,b195
b195,b196
b196,b51
b51,b52
b52,b53
b53,b54
b54,b55
b55,b56
b56,b57
b57,b58
b58,b59
b59,b60
b60,b41
b41,b42
b42,b43
b43,b44
b44,b45
b45,b46
b46,b47
b47,b48
b48,b49
b49,b5608
b5608,b5610
b5610,b5611
b5611,b5613
b5613,b5600
b5600,b5601
b5601,b5558
b5558,b5559
b5559,b5560
b5560,b5561
b5561,b5562
b5562,b5563
b5563,b5614
b5614,b5615
b5615,b5616
b5616,b5617
b5617,b5618
b5618,b5619
b5619,b5620
b5620,b5621
b5621,b5622
b5622,b5623
b5623,b168
b168,b169
b169,b170
b170,b171
b171,b172
b172,b173
b173,b174
b174,b175
b175,b176
b176,b177
b177,b11
b11,b12
b12,b13
b13,b14
b14,b15
b15,b16
b16,b18
b18,b19
b19,b20
b20,b129
b129,b130
b130,b131
b131,b132
b132,b133
b133,b134
b134,b135
b135,b136
b136,b137
b137,b178
b178,b179
b179,b180
b180,b181
b181,b182
b182,b183
b183,b184
b184,b185
b185,b186
b186,b149
b149,b150
b150,b151
b151,b152
b152,b153
b153,b154
b154,b156
b156,b157
b157,b5548
b5548,b5549
b5549,b5550
b5550,b5551
b5551,b5552
b5552,b5553
b5553,b5554
b5554,b5555
b5555,b5556
b5556,b5557
b5557,b5520
b5520,b5521
b5521,b5522
b5522,b5523
b5523,b5524
b5524,b5525
b5525,b5526
b5526,b5527
b5527,b5528
b5528,b5529
b5529,b5530
b5530,b5531
b5531,b5532
b5532,b5533
b5533,b5534
b5534,b5535
b5535,b5536
b5536,b5538
b5538,b5539
b5539,b139
b139,b140
b140,b141
b141,b142
b142,b143
b143,b144
b144,b145
b145,b146
b146,b5624
b5624,b5625
b5625,b5626
b5626,b5627
b5627,b5631
b5631,b5632
b5632,b5633
b5633,b5564
b5564,b5565
b5565,b5566
b5566,b5567
b5567,b5568
b5568,b5569
b5569,b5570
b5570,b5571
b5571,b5572
b5572,b5573
b5573,b5599
b5599,b5602
b5602,b5603
b5603,b5604
b5604,b5605
b5605,b5606
b5606,b119
b119,b120
b120,b121
b121,b122
b122,b123
b123,b124
b124,b125
b125,b126
b126,b127
b127,b128
b128,b91
b91,b92
b92,b94
b94,b95
b95,b96
b96,b97
b97,b98
b98,b99
b99,b878
b878,b879
b879,b880
b880,b881
b881,b884
b884,b885
b885,b887
b887,b888
b888,b889
b889,b890
b890,b892
b892,b894
b894,b895
b895,b896
b896,b897
b897,b898
b898,b899
b899,b900
b900,b902
b902,b961
b961,b963
b963,b965
b965,b968
b968,b970
b970,b973
b973,b974
b974,b976
b976,b979
b979,b980
b980,b981
b981,b982
b982,b903
b903,b904
b904,b905
b905,b906
b906,b910
b910,b911
b911,b912
b912,b913
b913,b914
b914,b915
b915,b916
b916,b919
b919,b921
b921,b922
b922,b923
b923,b924
b924,b926
b926,b927
b927,b929
b929,b931
b931,b681
b681,b682
b682,b684
b684,b685
b685,b686
b686,b687
b687,b691
b691,b692
b692,b695
b695,b698
b698,b703
b703,b705
b705,b706
b706,b708
b708,b739
b739,b740
b740,b741
b741,b743
b743,b744
b744,b745
b745,b747
b747,b749
b749,b750
b750,b751
b751,b752
b752,b754
b754,b755
b755,b756
b756,b757
b757,b759
b759,b762
b762,b763
b763,b1150
b1150,b794
b794,b796
b796,b801
b801,b802
b802,b803
b803,b805
b805,b806
b806,b807
b807,b808
b808,b809
b809,b812
b812,b814
b814,b815
b815,b816
b816,b818
b818,b820
b820,b1008
b1008,b1009
b1009,b1010
b1010,b1011
b1011,b1012
b1012,b1014
b1014,b1015
b1015,b1017
b1017,b1021
b1021,b1024
b1024,b1026
b1026,b1029
b1029,b1030
b1030,b1031
b1031,b1032
b1032,b1033
b1033,b1034
b1034,b1036
b1036,b1037
b1037,b229
b229,b232
b232,b233
b233,b235
b235,b236
b236,b238
b238,b240
b240,b241
b241,b242
b242,b243
b243,b245
b245,b246
b246,b247
b247,b248
b248,b249
b249,b250
b250,b251
b251,b252
b252,b253
b253,b255
b255,b1525
b1525,b1526
b1526,b1527
b1527,b1528
b1528,b1529
b1529,b1402
b1402,b1403
b1403,b1404
b1404,b1405
b1405,b1406
b1406,b1407
b1407,b1408
b1408,b1410
b1410,b1738
b1738,b1739
b1739,b1741
b1741,b1743
b1743,b1744
b1744,b1745
b1745,b1746
b1746,b1747
b1747,b1540
b1540,b1543
b1543,b1544
b1544,b1545
b1545,b1546
b1546,b1547
b1547,b1548
b1548,b1549
b1549,b1565
b1565,b1567
b1567,b1568
b1568,b1569
b1569,b1572
b1572,b1573
b1573,b1574
b1574,b1575
b1575,b1576
b1576,b1579
b1579,b1665
b1665,b1666
b1666,b1667
b1667,b1668
b1668,b1670
b1670,b1671
b1671,b1672
b1672,b1673
b1673,b1674
b1674,b1432
b1432,b1435
b1435,b1436
b1436,b1437
b1437,b1438
b1438,b1439
b1439,b1603
b1603,b1604
b1604,b1606
b1606,b1607
b1607,b1609
b1609,b1610
b1610,b1611
b1611,b1612
b1612,b1614
b1614,b1615
b1615,b1541
b1541,b1542
b1542,b1728
b1728,b1729
b1729,b1730
b1730,b1731
b1731,b1732
b1732,b1733
b1733,b1734
b1734,b1735
b1735,b1736
b1736,b1737
b1737,b1510
b1510,b1511
b1511,b1512
b1512,b1513
b1513,b1514
b1514,b1515
b1515,b1516
b1516,b1518
b1518,b1519
b1519,b1647
b1647,b1648
b1648,b1649
b1649,b1650
b1650,b1652
b1652,b1653
b1653,b1654
b1654,b1520
b1520,b1521
b1521,b1522
b1522,b1524
b1524,b1556
b1556,b1557
b1557,b1559
b1559,b1560
b1560,b1561
b1561,b1562
b1562,b1564
b1564,b1502
b1502,b1503
b1503,b1505
b1505,b1508
b1508,b1509
b1509,b1455
b1455,b1456
b1456,b1459
b1459,b1551
b1551,b1552
b1552,b1553
b1553,b1554
b1554,b1446
b1446,b1447
b1447,b1448
b1448,b1449
b1449,b1450
b1450,b1451
b1451,b1452
b1452,b1453
b1453,b1454
b1454,b1787
b1787,b1789
b1789,b1790
b1790,b1791
b1791,b1792
b1792,b1793
b1793,b1794
b1794,b1795
b1795,b1796
b1796,b1421
b1421,b1422
b1422,b1423
b1423,b1424
b1424,b1425
b1425,b1426
b1426,b1427
b1427,b1428
b1428,b1429
b1429,b1636
b1636,b1637
b1637,b1638
b1638,b1639
b1639,b1640
b1640,b1642
b1642,b1643
b1643,b1644
b1644,b1645
b1645,b1627
b1627,b1630
b1630,b1631
b1631,b1632
b1632,b1635
b1635,b1977
b1977,b1978
b1978,b1979
b1979,b1981
b1981,b1982
b1982,b1984
b1984,b1985
b1985,b1986
b1986,b1927
b1927,b1928
b1928,b1929
b1929,b1930
b1930,b1931
b1931,b1932
b1932,b1933
b1933,b1934
b1934,b1935
b1935,b1936
b1936,b2125
b2125,b1957
b1957,b1958
b1958,b1960
b1960,b1961
b1961,b1964
b1964,b1965
b1965,b1966
b1966,b2048
b2048,b2049
b2049,b2051
b2051,b2052
b2052,b2053
b2053,b2055
b2055,b2056
b2056,b1937
b1937,b1938
b1938,b1939
b1939,b1940
b1940,b1941
b1941,b1942
b1942,b1943
b1943,b1944
b1944,b1945
b1945,b1946
b1946,b1967
b1967,b1968
b1968,b1969
b1969,b1970
b1970,b1971
b1971,b1972
b1972,b1973
b1973,b1974
b1974,b1975
b1975,b1976
b1976,b1833
b1833,b1834
b1834,b1835
b1835,b1836
b1836,b1837
b1837,b1839
b1839,b1840
b1840,b1841
b1841,b1864
b1864,b1866
b1866,b1842
b1842,b1843
b1843,b1844
b1844,b1845
b1845,b1846
b1846,b1847
b1847,b1848
b1848,b1851
b1851,b1947
b1947,b1948
b1948,b1949
b1949,b1950
b1950,b1951
b1951,b1954
b1954,b1955
b1955,b1956
b1956,b8071
b8071,b8072
b8072,b8073
b8073,b8074
b8074,b8075
b8075,b8296
b8296,b8297
b8297,b8298
b8298,b8299
b8299,b8300
b8300,b8301
b8301,b8196
b8196,b8197
b8197,b8198
b8198,b8199
b8199,b8200
b8200,b8201
b8201,b8202
b8202,b8203
b8203,b8204
b8204,b8156
b8156,b8157
b8157,b8158
b8158,b8159
b8159,b8160
b8160,b8161
b8161,b8162
b8162,b8163
b8163,b8164
b8164,b8165
b8165,b8062
b8062,b8063
b8063,b8064
b8064,b8065
b8065,b8066
b8066,b8067
b8067,b8068
b8068,b8069
b8069,b8070
b8070,b8276
b8276,b8277
b8277,b8278
b8278,b8279
b8279,b8280
b8280,b8281
b8281,b8282
b8282,b8283
b8283,b8284
b8284,b8285
b8285,b8266
b8266,b8267
b8267,b8268
b8268,b8269
b8269,b8270
b8270,b8271
b8271,b8272
b8272,b8273
b8273,b8274
b8274,b8275
b8275,b8086
b8086,b8087
b8087,b8088
b8088,b8089
b8089,b8090
b8090,b8091
b8091,b8092
b8092,b8093
b8093,b8094
b8094,b8095
b8095,b8042
b8042,b8043
b8043,b8044
b8044,b8045
b8045,b8046
b8046,b8047
b8047,b8048
b8048,b8049
b8049,b8050
b8050,b8051
b8051,b8106
b8106,b8107
b8107,b8108
b8108,b8109
b8109,b8110
b8110,b8111
b8111,b8112
b8112,b8113
b8113,b8114
b8114,b8115
b8115,b8205
b8205,b8206
b8206,b8207
b8207,b8208
b8208,b8209
b8209,b8210
b8210,b8211
b8211,b8212
b8212,b8213
b8213,b8214
b8214,b8176
b8176,b8177
b8177,b8178
b8178,b8179
b8179,b8180
b8180,b8181
b8181,b8182
b8182,b8183
b8183,b8184
b8184,b8185
b8185,b8215
b8215,b8216
b8216,b8217
b8217,b8218
b8218,b8219
b8219,b8220
b8220,b8221
b8221,b8222
b8222,b8223
b8223,b8224
b8224,b8116
b8116,b8117
b8117,b8118
b8118,b8119
b8119,b8120
b8120,b8121
b8121,b8122
b8122,b8123
b8123,b8124
b8124,b8125
b8125,b8032
b8032,b8033
b8033,b8034
b8034,b8035
b8035,b8036
b8036,b8037
b8037,b8038
b8038,b8039
b8039,b8040
b8040,b8041
b8041,b8022
b8022,b8023
b8023,b8024
b8024,b8025
b8025,b8026
b8026,b8027
b8027,b8028
b8028,b8029
b8029,b8030
b8030,b8031
b8031,b8225
b8225,b8226
b8226,b8227
b8227,b8228
b8228,b8229
b8229,b8230
b8230,b8231
b8231,b8232
b8232,b8233
b8233,b8234
b8234,b8126
b8126,b8127
b8127,b8128
b8128,b8129
b8129,b8130
b8130,b8131
b8131,b8132
b8132,b8133
b8133,b8134
b8134,b8135
b8135,b8136
b8136,b8137
b8137,b8138
b8138,b8139
b8139,b8140
b8140,b8141
b8141,b8142
b8142,b8143
b8143,b8144
b8144,b8145
b8145,b8286
b8286,b8287
b8287,b8288
b8288,b8289
b8289,b8290
b8290,b8291
b8291,b8292
b8292,b8293
b8293,b8294
b8294,b8295
b8295,b8186
b8186,b8187
b8187,b8188
b8188,b8189
b8189,b8190
b8190,b8191
b8191,b8192
b8192,b8193
b8193,b8194
b8194,b8195
b8195,b8255
b8255,b8256
b8256,b8257
b8257,b8258
b8258,b8259
b8259,b8260
b8260,b8261
b8261,b8262
b8262,b8263
b8263,b8264
b8264,b8265
b8265,b8321
b8321,b8322
b8322,b8323
b8323,b8324
b8324,b8325
b8325,b8326
b8326,b8327
b8327,b8328
b8328,b8329
b8329,b8330
b8330,b2007
b2007,b2008
b2008,b2009
b2009,b2010
b2010,b2011
b2011,b2013
b2013,b2014
b2014,b2016
b2016,b6054
b6054,b6055
b6055,b6056
b6056,b6057
b6057,b6058
b6058,b6059
b6059,b6060
b6060,b6061
b6061,b6062
b6062,b6063
b6063,b6064
b6064,b6065
b6065,b6066
b6066,b6067
b6067,b6068
b6068,b6069
b6069,b6070
b6070,b6071
b6071,b6072
b6072,b6073
b6073,b6074
b6074,b6075
b6075,b6076
b6076,b6077
b6077,b6078
b6078,b6079
b6079,b6080
b6080,b6081
b6081,b6082
b6082,b6083
b6083,b6084
b6084,b6085
b6085,b6086
b6086,b6087
b6087,b6088
b6088,b6089
b6089,b6090
b6090,b6091
b6091,b6092
b6092,b6093
b6093,b6094
b6094,b6095
b6095,b6096
b6096,b6097
b6097,b6098
b6098,b6099
b6099,b6100
b6100,b6101
b6101,b6102
b6102,b6103
b6103,b4758
b4758,b4759
b4759,b4760
b4760,b4761
b4761,b4763
b4763,b4766
b4766,b4767
b4767,b4768
b4768,b4769
b4769,b4770
b4770,b4771
b4771,b4773
b4773,b4774
b4774,b4775
b4775,b4776
b4776,b4778
b4778,b4779
b4779,b4780
b4780,b4782
b4782,b4783
b4783,b4785
b4785,b4786
b4786,b4787
b4787,b4788
b4788,b4789
b4789,b4792
b4792,b4793
b4793,b4794
b4794,b4795
b4795,b2234
b2234,b2235
b2235,b2236
b2236,b2238
b2238,b2239
b2239,b2240
b2240,b2242
b2242,b2243
b2243,b2244
b2244,b2245
b2245,b2246
b2246,b2247
b2247,b2249
b2249,b2252
b2252,b2253
b2253,b2254
b2254,b2256
b2256,b2257
b2257,b2259
b2259,b2260
b2260,b2261
b2261,b2262
b2262,b2263
b2263,b2266
b2266,b2267
b2267,b2268
b2268,b2269
b2269,b2270
b2270,b2271
b2271,b2272
b2272,b2273
b2273,b2274
b2274,b2277
b2277,b2278
b2278,b2280
b2280,b2281
b2281,b6507
b6507,b6508
b6508,b6509
b6509,b6510
b6510,b6511
b6511,b6512
b6512,b6513
b6513,b6515
b6515,b6516
b6516,b6517
b6517,b6518
b6518,b6519
b6519,b6520
b6520,b6521
b6521,b6522
b6522,b6524
b6524,b6525
b6525,b6526
b6526,b6527
b6527,b6528
b6528,b6529
b6529,b6530
b6530,b6531
b6531,b6532
b6532,b6533
b6533,b6534
b6534,b6535
b6535,b6536
b6536,b6537
b6537,b6538
b6538,b6539
b6539,b6540
b6540,b6541
b6541,b6542
b6542,b6543
b6543,b6544
b6544,b6545
b6545,b6546
b6546,b6547
b6547,b6548
b6548,b6549
b6549,b6550
b6550,b6551
b6551,b6552
b6552,b6553
b6553,b6554
b6554,b6555
b6555,b6556
b6556,b4364
b4364,b4365
b4365,b4367
b4367,b4368
b4368,b4370
b4370,b4371
b4371,b4375
b4375,b4376
b4376,b4377
b4377,b4378
b4378,b4381
b4381,b4382
b4382,b4383
b4383,b4384
b4384,b4385
b4385,b4386
b4386,b4387
b4387,b4388
b4388,b4389
b4389,b4390
b4390,b4391
b4391,b4392
b4392,b4394
b4394,b4395
b4395,b4396
b4396,b4397
b4397,b4399
b4399,b4400
b4400,b4401
b4401,b4402
b4402,b4403
b4403,b4404
b4404,b4405
b4405,b4406
b4406,b4407
b4407,b4408
b4408,b4409
b4409,b4410
b4410,b4412
b4412,b4413
b4413,b4414
b4414,b4416
b4416,b4417
b4417,b4418
b4418,b4419
b4419,b4420
b4420,b4423
b4423,b4424
b4424,b4426
b4426,b4427
b4427,b4428
b4428,b4429
b4429,b4430
b4430,b4431
b4431,b4432
b4432,b4433
b4433,b4434
b4434,b2669
b2669,b2670
b2670,b2671
b2671,b2672
b2672,b2673
b2673,b2674
b2674,b2675
b2675,b2676
b2676,b2677
b2677,b2678
b2678,b2679
b2679,b2680
b2680,b2681
b2681,b2682
b2682,b2683
b2683,b2685
b2685,b2686
b2686,b2687
b2687,b2688
b2688,b2689
b2689,b2690
b2690,b2691
b2691,b2692
b2692,b2693
b2693,b2694
b2694,b2695
b2695,b2696
b2696,b2697
b2697,b2698
b2698,b2699
b2699,b2700
b2700,b2701
b2701,b2702
b2702,b2703
b2703,b2704
b2704,b2705
b2705,b2706
b2706,b2707
b2707,b4320
b4320,b4321
b4321,b4322
b4322,b4323
b4323,b4324
b4324,b4325
b4325,b4326
b4326,b4328
b4328,b4329
b4329,b4330
b4330,b4331
b4331,b4332
b4332,b4333
b4333,b4334
b4334,b4335
b4335,b4336
b4336,b4337
b4337,b4339
b4339,b4340
b4340,b4342
b4342,b4343
b4343,b4344
b4344,b4346
b4346,b4347
b4347,b4348
b4348,b4349
b4349,b4350
b4350,b4351
b4351,b4352
b4352,b4353
b4353,b4354
b4354,b4356
b4356,b4357
b4357,b4359
b4359,b4360
b4360,b4362
b4362,b6002
b6002,b6003
b6003,b6004
b6004,b6006
b6006,b6007
b6007,b6008
b6008,b6009
b6009,b6010
b6010,b6012
b6012,b6013
b6013,b6014
b6014,b6016
b6016,b6017
b6017,b6018
b6018,b6019
b6019,b6020
b6020,b6021
b6021,b6022
b6022,b6023
b6023,b6028
b6028,b6030
b6030,b6031
b6031,b6033
b6033,b6034
b6034,b6036
b6036,b6037
b6037,b6038
b6038,b6039
b6039,b6040
b6040,b6041
b6041,b6042
b6042,b6043
b6043,b6045
b6045,b6046
b6046,b6047
b6047,b6048
b6048,b6049
b6049,b6050
b6050,b6051
b6051,b6052
b6052,b7499
b7499,b7502
b7502,b7503
b7503,b6221
b6221,b6514
b6514,b6523
b6523,b7044
b7044,b7066
b7066,b7099
b7099,b7076
b7076,b8052
b8052,b8053
b8053,b8054
b8054,b8055
b8055,b8056
b8056,b8057
b8057,b8058
b8058,b8059
b8059,b8060
b8060,b8061
b8061,b6457
b6457,b6458
b6458,b6459
b6459,b6460
b6460,b6461
b6461,b6462
b6462,b6463
b6463,b6464
b6464,b6465
b6465,b6466
b6466,b6467
b6467,b6468
b6468,b6469
b6469,b6470
b6470,b6471
b6471,b6472
b6472,b6473
b6473,b6474
b6474,b6475
b6475,b6476
b6476,b6477
b6477,b6478
b6478,b6479
b6479,b6480
b6480,b6481
b6481,b6482
b6482,b6483
b6483,b6484
b6484,b6485
b6485,b6486
b6486,b6487
b6487,b6488
b6488,b6489
b6489,b6490
b6490,b6491
b6491,b6492
b6492,b6493
b6493,b6494
b6494,b6495
b6495,b6496
b6496,b6497
b6497,b6498
b6498,b6499
b6499,b6500
b6500,b6501
b6501,b6502
b6502,b6503
b6503,b6504
b6504,b6505
b6505,b6506
b6506,b6204
b6204,b1695
b1695,b1696
b1696,b1698
b1698,b1699
b1699,b1700
b1700,b1701
b1701,b1702
b1702,b1703
b1703,b7407
b7407,b7410
b7410,b7412
b7412,b7413
b7413,b7416
b7416,b7421
b7421,b7423
b7423,b7425
b7425,b7426
b7426,b7427
b7427,b7428
b7428,b7429
b7429,b7430
b7430,b7431
b7431,b7434
b7434,b7435
b7435,b7436
b7436,b7438
b7438,b7440
b7440,b7441
b7441,b7444
b7444,b7446
b7446,b7447
b7447,b7448
b7448,b7449
b7449,b7450
b7450,b7452
b7452,b7453
b7453,b7454
b7454,b7455
b7455,b7456
b7456,b7982
b7982,b7983
b7983,b7984
b7984,b7985
b7985,b7986
b7986,b5214
b5214,b7911
b7911,b7912
b7912,b7913
b7913,b7914
b7914,b7987
b7987,b7988
b7988,b7989
b7989,b7990
b7990,b7991
b7991,b7915
b7915,b7916
b7916,b7917
b7917,b7918
b7918,b7919
b7919,b7997
b7997,b7998
b7998,b7999
b7999,b8000
b8000,b7691
b7691,b7692
b7692,b7693
b7693,b7694
b7694,b7968
b7968,b7969
b7969,b7970
b7970,b7971
b7971,b7972
b7972,b7963
b7963,b7964
b7964,b7965
b7965,b7966
b7966,b7967
b7967,b5204
b5204,b5116
b5116,b5117
b5117,b5283
b5283,b5284
b5284,b5285
b5285,b5286
b5286,b5516
b5516,b5517
b5517,b5518
b5518,b5403
b5403,b5404
b5404,b5405
b5405,b5406
b5406,b5408
b5408,b5415
b5415,b5416
b5416,b5417
b5417,b5419
b5419,b5274
b5274,b5275
b5275,b5276
b5276,b5277
b5277,b5278
b5278,b5279
b5279,b5376
b5376,b5377
b5377,b5378
b5378,b5379
b5379,b5433
b5433,b5434
b5434,b5435
b5435,b5437
b5437,b5340
b5340,b5341
b5341,b5342
b5342,b5343
b5343,b5344
b5344,b5250
b5250,b5251
b5251,b5252
b5252,b5253
b5253,b5695
b5695,b5696
b5696,b5698
b5698,b5446
b5446,b5447
b5447,b5448
b5448,b5449
b5449,b5450
b5450,b5451
b5451,b5429
b5429,b5430
b5430,b5431
b5431,b5432
b5432,b5312
b5312,b5313
b5313,b5314
b5314,b5315
b5315,b5496
b5496,b5280
b5280,b5281
b5281,b5282
b5282,b5360
b5360,b5362
b5362,b5228
b5228,b5229
b5229,b5230
b5230,b5506
b5506,b5507
b5507,b5508
b5508,b5509
b5509,b5510
b5510,b5511
b5511,b5512
b5512,b5513
b5513,b5514
b5514,b5515
b5515,b5498
b5498,b5499
b5499,b5704
b5704,b5705
b5705,b5311
b5311,b5345
b5345,b5346
b5346,b5347
b5347,b5348
b5348,b5349
b5349,b5350
b5350,b5353
b5353,b5354
b5354,b5454
b5454,b5455
b5455,b5254
b5254,b5255
b5255,b5256
b5256,b5257
b5257,b5258
b5258,b5683
b5683,b5684
b5684,b5685
b5685,b5686
b5686,b5318
b5318,b5319
b5319,b5320
b5320,b5321
b5321,b5323
b5323,b5324
b5324,b5325
b5325,b5326
b5326,b5327
b5327,b5305
b5305,b5306
b5306,b5307
b5307,b5308
b5308,b5309
b5309,b5365
b5365,b5366
b5366,b5367
b5367,b5368
b5368,b5369
b5369,b5336
b5336,b5337
b5337,b5338
b5338,b5339
b5339,b5395
b5395,b5396
b5396,b5397
b5397,b5398
b5398,b5399
b5399,b5400
b5400,b5355
b5355,b5356
b5356,b5357
b5357,b5359
b5359,b5370
b5370,b5371
b5371,b5372
b5372,b5373
b5373,b5456
b5456,b5322
b5322,b5420
b5420,b5421
b5421,b5422
b5422,b5423
b5423,b5424
b5424,b5242
b5242,b5243
b5243,b5244
b5244,b5245
b5245,b7992
b7992,b7993
b7993,b7994
b7994,b7995
b7995,b7996
b7996,b5540
b5540,b5541
b5541,b5542
b5542,b5543
b5543,b5544
b5544,b5545
b5545,b5546
b5546,b5547
b5547,b8012
b8012,b8013
b8013,b8014
b8014,b8015
b8015,b8016
b8016,b8017
b8017,b8018
b8018,b8019
b8019,b8020
b8020,b8021
b8021,b5745
b5745,b5746
b5746,b5747
b5747,b5748
b5748,b5749
b5749,b5750
b5750,b5751
b5751,b5752
b5752,b5754
b5754,b5755
b5755,b5756
b5756,b5757
b5757,b5758
b5758,b5759
b5759,b5761
b5761,b5762
b5762,b5763
b5763,b5764
b5764,b5765
b5765,b5766
b5766,b5767
b5767,b5768
b5768,b5769
b5769,b5770
b5770,b5771
b5771,b5772
b5772,b5773
b5773,b5774
b5774,b5775
b5775,b5776
b5776,b5777
b5777,b5778
b5778,b5779
b5779,b5780
b5780,b5781
b5781,b5782
b5782,b5783
b5783,b5784
b5784,b5785
b5785,b5786
b5786,b5787
b5787,b5788
b5788,b5789
b5789,b5790
b5790,b5791
b5791,b5792
b5792,b5793
b5793,b5794
b5794,b5795
b5795,b5796
b5796,b5797
b5797,b5798
b5798,b5799
b5799,b5800
b5800,b5801
b5801,b5802
b5802,b5803
b5803,b5804
b5804,b5805
b5805,b5806
b5806,b5807
b5807,b5808
b5808,b5809
b5809,b5810
b5810,b5811
b5811,b5812
b5812,b5813
b5813,b5814
b5814,b5815
b5815,b5816
b5816,b5817
b5817,b5818
b5818,b5819
b5819,b5820
b5820,b5821
b5821,b5822
b5822,b5823
b5823,b5824
b5824,b5825
b5825,b5826
b5826,b5827
b5827,b5828
b5828,b5829
b5829,b5830
b5830,b5831
b5831,b5832
b5832,b5833
b5833,b5834
b5834,b5835
b5835,b5836
b5836,b5837
b5837,b5838
b5838,b5839
b5839,b5840
b5840,b5841
b5841,b1758
b1758,b1759
b1759,b1760
b1760,b1761
b1761,b1762
b1762,b1763
b1763,b1764
b1764,b1765
b1765,b1766
b1766,b2067
b2067,b2068
b2068,b2069
b2069,b2070
b2070,b2071
b2071,b2072
b2072,b2073
b2073,b2074
b2074,b2075
b2075,b342
b342,b343
b343,b344
b344,b345
b345,b349
b349,b351
b351,b353
b353,b355
b355,b356
b356,b357
b357,b359
b359,b360
b360,b362
b362,b366
b366,b5440
b5440,b5441
b5441,b5442
b5442,b5443
b5443,b5444
b5444,b5445
b5445,b1897
b1897,b1898
b1898,b1899
b1899,b1900
b1900,b1901
b1901,b1902
b1902,b1903
b1903,b1904
b1904,b1905
b1905,b1906
b1906,b1177
b1177,b1178
b1178,b1179
b1179,b1181
b1181,b1182
b1182,b1183
b1183,b1185
b1185,b1186
b1186,b1187
b1187,b1188
b1188,b1189
b1189,b1190
b1190,b1192
b1192,b1193
b1193,b1195
b1195,b1198
b1198,b1200
b1200,b1201
b1201,b7069
b7069,b7070
b7070,b7071
b7071,b7072
b7072,b7073
b7073,b7074
b7074,b7075
b7075,b7077
b7077,b7078
b7078,b7079
b7079,b7080
b7080,b7081
b7081,b7082
b7082,b7083
b7083,b7084
b7084,b7085
b7085,b7086
b7086,b7087
b7087,b7088
b7088,b7089
b7089,b7090
b7090,b7091
b7091,b7092
b7092,b7093
b7093,b7094
b7094,b7095
b7095,b7096
b7096,b7097
b7097,b7098
b7098,b7100
b7100,b7101
b7101,b7102
b7102,b7103
b7103,b7104
b7104,b7105
b7105,b7106
b7106,b7107
b7107,b7108
b7108,b7109
b7109,b7110
b7110,b7111
b7111,b7112
b7112,b7113
b7113,b7114
b7114,b7115
b7115,b7116
b7116,b7117
b7117,b7118
b7118,b2430
b2430,b2431
b2431,b2432
b2432,b2435
b2435,b2436
b2436,b2438
b2438,b2439
b2439,b2440
b2440,b2441
b2441,b2442
b2442,b2443
b2443,b2444
b2444,b2445
b2445,b2446
b2446,b2447
b2447,b2448
b2448,b2449
b2449,b2451
b2451,b2453
b2453,b2454
b2454,b2455
b2455,b2456
b2456,b2457
b2457,b2458
b2458,b2460
b2460,b2461
b2461,b2462
b2462,b2463
b2463,b2464
b2464,b2465
b2465,b2466
b2466,b2467
b2467,b2468
b2468,b2469
b2469,b7231
b7231,b7232
b7232,b7233
b7233,b7234
b7234,b7235
b7235,b7236
b7236,b7237
b7237,b7238
b7238,b7239
b7239,b7240
b7240,b7241
b7241,b7242
b7242,b7243
b7243,b7244
b7244,b7245
b7245,b7246
b7246,b7247
b7247,b7248
b7248,b7249
b7249,b7250
b7250,b7251
b7251,b7252
b7252,b7253
b7253,b7254
b7254,b7255
b7255,b7256
b7256,b7257
b7257,b7258
b7258,b7259
b7259,b7260
b7260,b7019
b7019,b7020
b7020,b7021
b7021,b7022
b7022,b7023
b7023,b7024
b7024,b7025
b7025,b7026
b7026,b7027
b7027,b7028
b7028,b7029
b7029,b7030
b7030,b7031
b7031,b7032
b7032,b7033
b7033,b7034
b7034,b7035
b7035,b7036
b7036,b7037
b7037,b7038
b7038,b7039
b7039,b7040
b7040,b7041
b7041,b7042
b7042,b7043
b7043,b7045
b7045,b7046
b7046,b7047
b7047,b7048
b7048,b7049
b7049,b7050
b7050,b7051
b7051,b7052
b7052,b7053
b7053,b7054
b7054,b7055
b7055,b7056
b7056,b7057
b7057,b7058
b7058,b7059
b7059,b7060
b7060,b7061
b7061,b7062
b7062,b7063
b7063,b7064
b7064,b7065
b7065,b7067
b7067,b7068
b7068,b6378
b6378,b6379
b6379,b6380
b6380,b6381
b6381,b6382
b6382,b6383
b6383,b6384
b6384,b6385
b6385,b6386
b6386,b6387
b6387,b6388
b6388,b6389
b6389,b6390
b6390,b6391
b6391,b6392
b6392,b6393
b6393,b6394
b6394,b6395
b6395,b6396
b6396,b6397
b6397,b6398
b6398,b6399
b6399,b6400
b6400,b6401
b6401,b6402
b6402,b6403
b6403,b6404
b6404,b6405
b6405,b6406
b6406,b6407
b6407,b6408
b6408,b6409
b6409,b6410
b6410,b6411
b6411,b6412
b6412,b6413
b6413,b6414
b6414,b6415
b6415,b6416
b6416,b6417
b6417,b6418
b6418,b6419
b6419,b6420
b6420,b6421
b6421,b6422
b6422,b6423
b6423,b6424
b6424,b6425
b6425,b6426
b6426,b6427
b6427,b6428
b6428,b6429
b6429,b6430
b6430,b6431
b6431,b6432
b6432,b6433
b6433,b6434
b6434,b6435
b6435,b6436
b6436,b6437
b6437,b6438
b6438,b6439
b6439,b6440
b6440,b6441
b6441,b6442
b6442,b6443
b6443,b6444
b6444,b6445
b6445,b6446
b6446,b6447
b6447,b6448
b6448,b6449
b6449,b6450
b6450,b6451
b6451,b6452
b6452,b6453
b6453,b6454
b6454,b6455
b6455,b6456
b6456,b8001
b8001,b8002
b8002,b8003
b8003,b8004
b8004,b8005
b8005,b8006
b8006,b8007
b8007,b8008
b8008,b8009
b8009,b8010
b8010,b7119
b7119,b7120
b7120,b7121
b7121,b7122
b7122,b7123
b7123,b7124
b7124,b7125
b7125,b7126
b7126,b7127
b7127,b7128
b7128,b7129
b7129,b7130
b7130,b7131
b7131,b7132
b7132,b7133
b7133,b7134
b7134,b7135
b7135,b7136
b7136,b7137
b7137,b7138
b7138,b7139
b7139,b7140
b7140,b7141
b7141,b7142
b7142,b7143
b7143,b7144
b7144,b7145
b7145,b7146
b7146,b7147
b7147,b7148
b7148,b81
b81,b82
b82,b84
b84,b85
b85,b86
b86,b87
b87,b88
b88,b89
b89,b90
b90,b5351
b5351,b5352
b5352,b3071
b3071,b5634
b5634,b5635
b5635,b5636
b5636,b5637
b5637,b5638
b5638,b5639
b5639,b5640
b5640,b5641
b5641,b5642
b5642,b5643
b5643,b2381
b2381,b2382
b2382,b2383
b2383,b2384
b2384,b2385
b2385,b2386
b2386,b2387
b2387,b2388
b2388,b2389
b2389,b2390
b2390,b2391
b2391,b2392
b2392,b2393
b2393,b2394
b2394,b2395
b2395,b2396
b2396,b2397
b2397,b2398
b2398,b2399
b2399,b2400
b2400,b2401
b2401,b2402
b2402,b2403
b2403,b2404
b2404,b2406
b2406,b2407
b2407,b2408
b2408,b2409
b2409,b2410
b2410,b2411
b2411,b2412
b2412,b2413
b2413,b2414
b2414,b2415
b2415,b2416
b2416,b2417
b2417,b2418
b2418,b2419
b2419,b2420
b2420,b2421
b2421,b2422
b2422,b2423
b2423,b2424
b2424,b2425
b2425,b2426
b2426,b2427
b2427,b2428
b2428,b2429
b2429,b5298
b5298,b5299
b5299,b5300
b5300,b5301
b5301,b5654
b5654,b5655
b5655,b5656
b5656,b5657
b5657,b5658
b5658,b5659
b5659,b5660
b5660,b5661
b5661,b5662
b5662,b5663
b5663,b5664
b5664,b5665
b5665,b5666
b5666,b5667
b5667,b5668
b5668,b5669
b5669,b5670
b5670,b5672
b5672,b5673
b5673,b5674
b5674,b5713
b5713,b5675
b5675,b5676
b5676,b5677
b5677,b5678
b5678,b5679
b5679,b5680
b5680,b5681
b5681,b5682
b5682,b1748
b1748,b1750
b1750,b1751
b1751,b1752
b1752,b1753
b1753,b1755
b1755,b1756
b1756,b8146
b8146,b8147
b8147,b8148
b8148,b8149
b8149,b8150
b8150,b8151
b8151,b8152
b8152,b8153
b8153,b8154
b8154,b8155
b8155,b8484
b8484,b8485
b8485,b8486
b8486,b8487
b8487,b8488
b8488,b8489
b8489,b8490
b8490,b8491
b8491,b8492
b8492,b8493
b8493,b8464
b8464,b8465
b8465,b8466
b8466,b8467
b8467,b8468
b8468,b8469
b8469,b8470
b8470,b8471
b8471,b8472
b8472,b8473
b8473,b2027
b2027,b2028
b2028,b2029
b2029,b2030
b2030,b2031
b2031,b2032
b2032,b2033
b2033,b2034
b2034,b2035
b2035,b2036
b2036,b6205
b6205,b6206
b6206,b6207
b6207,b6208
b6208,b6209
b6209,b6210
b6210,b6211
b6211,b6212
b6212,b6213
b6213,b6214
b6214,b6215
b6215,b6216
b6216,b6217
b6217,b6218
b6218,b6219
b6219,b6220
b6220,b6222
b6222,b6223
b6223,b6224
b6224,b6225
b6225,b6226
b6226,b6227
b6227,b6228
b6228,b6229
b6229,b6230
b6230,b6231
b6231,b6232
b6232,b6233
b6233,b6234
b6234,b6235
b6235,b6236
b6236,b6237
b6237,b6238
b6238,b6239
b6239,b6240
b6240,b6241
b6241,b6242
b6242,b6243
b6243,b6244
b6244,b6245
b6245,b6246
b6246,b6247
b6247,b6248
b6248,b6249
b6249,b6250
b6250,b6251
b6251,b6252
b6252,b6253
b6253,b7507
b7507,b7508
b7508,b7510
b7510,b7515
b7515,b7516
b7516,b7518
b7518,b7519
b7519,b7521
b7521,b7522
b7522,b7523
b7523,b7524
b7524,b7526
b7526,b7527
b7527,b7528
b7528,b7530
b7530,b7531
b7531,b7532
b7532,b7533
b7533,b7534
b7534,b7535
b7535,b7538
b7538,b7539
b7539,b7540
b7540,b7541
b7541,b7542
b7542,b7543
b7543,b7544
b7544,b7545
b7545,b7547
b7547,b7548
b7548,b7549
b7549,b7551
b7551,b7557
b7557,b7559
b7559,b7561
b7561,b7563
b7563,b7566
b7566,b7568
b7568,b7569
b7569,b7570
b7570,b7571
b7571,b7573
b7573,b7575
b7575,b7576
b7576,b7577
b7577,b7587
b7587,b7589
b7589,b7598
b7598,b7599
b7599,b7600
b7600,b7602
b7602,b2472
b2472,b2474
b2474,b2486
b2486,b2489
b2489,b2490
b2490,b2491
b2491,b2492
b2492,b2493
b2493,b2494
b2494,b2503
b2503,b2505
b2505,b2506
b2506,b2509
b2509,b2511
b2511,b2515
b2515,b2516
b2516,b2517
b2517,b2518
b2518,b2519
b2519,b5333
b5333,b5334
b5334,b5335
b5335,b8524
b8524,b8525
b8525,b8526
b8526,b8527
b8527,b8528
b8528,b8529
b8529,b8530
b8530,b8532
b8532,b8533
b8533,b8504
b8504,b8505
b8505,b8506
b8506,b8507
b8507,b8508
b8508,b8509
b8509,b8510
b8510,b8511
b8511,b8512
b8512,b8513
b8513,b8514
b8514,b8515
b8515,b8516
b8516,b8517
b8517,b8518
b8518,b8519
b8519,b8520
b8520,b8521
b8521,b8522
b8522,b8523
b8523,b8555
b8555,b8556
b8556,b8557
b8557,b8558
b8558,b8559
b8559,b8560
b8560,b8561
b8561,b8562
b8562,b8563
b8563,b8544
b8544,b8545
b8545,b8546
b8546,b8547
b8547,b8548
b8548,b8549
b8549,b8550
b8550,b8551
b8551,b8553
b8553,b983
b983,b985
b985,b986
b986,b987
b987,b988
b988,b989
b989,b990
b990,b991
b991,b992
b992,b994
b994,b995
b995,b996
b996,b997
b997,b998
b998,b1002
b1002,b1003
b1003,b1004
b1004,b1005
b1005,b5942
b5942,b5943
b5943,b5944
b5944,b5945
b5945,b5946
b5946,b5947
b5947,b5948
b5948,b5949
b5949,b5950
b5950,b5951
b5951,b6104
b6104,b6105
b6105,b6106
b6106,b6107
b6107,b6108
b6108,b6109
b6109,b6110
b6110,b6111
b6111,b6112
b6112,b6113
b6113,b6114
b6114,b6115
b6115,b6116
b6116,b6117
b6117,b6118
b6118,b6119
b6119,b6120
b6120,b6121
b6121,b6122
b6122,b6123
b6123,b6124
b6124,b6125
b6125,b6126
b6126,b6127
b6127,b6128
b6128,b6129
b6129,b6130
b6130,b6131
b6131,b6132
b6132,b6133
b6133,b6134
b6134,b6135
b6135,b6136
b6136,b6137
b6137,b6138
b6138,b6139
b6139,b6140
b6140,b6141
b6141,b6142
b6142,b6143
b6143,b6144
b6144,b6145
b6145,b6146
b6146,b6147
b6147,b6148
b6148,b6149
b6149,b6150
b6150,b6151
b6151,b6152
b6152,b6153
b6153,b5218
b5218,b5219
b5219,b5220
b5220,b5221
b5221,b5222
b5222,b5223
b5223,b5224
b5224,b5225
b5225,b5226
b5226,b7924
b7924,b7925
b7925,b7926
b7926,b7927
b7927,b7928
b7928,b5106
b5106,b5107
b5107,b5108
b5108,b5109
b5109,b3611
b3611,b3612
b3612,b3613
b3613,b3614
b3614,b3615
b3615,b3616
b3616,b3617
b3617,b3618
b3618,b3619
b3619,b3620
b3620,b3621
b3621,b3622
b3622,b3623
b3623,b3624
b3624,b3625
b3625,b3626
b3626,b3627
b3627,b3628
b3628,b3629
b3629,b3630
b3630,b3631
b3631,b3632
b3632,b3634
b3634,b3635
b3635,b3636
b3636,b3637
b3637,b3640
b3640,b3641
b3641,b3642
b3642,b3643
b3643,b3644
b3644,b3645
b3645,b3646
b3646,b3647
b3647,b3648
b3648,b3649
b3649,b5236
b5236,b5237
b5237,b5238
b5238,b5239
b5239,b5240
b5240,b5241
b5241,b5167
b5167,b5168
b5168,b5169
b5169,b8235
b8235,b8236
b8236,b8237
b8237,b8238
b8238,b8239
b8239,b8240
b8240,b8241
b8241,b8242
b8242,b8243
b8243,b8244
b8244,b1441
b1441,b1443
b1443,b1444
b1444,b1445
b1445,b1616
b1616,b1617
b1617,b1618
b1618,b1619
b1619,b1620
b1620,b1621
b1621,b1622
b1622,b1623
b1623,b1624
b1624,b1625
b1625,b5260
b5260,b5261
b5261,b5262
b5262,b5263
b5263,b1460
b1460,b1461
b1461,b1462
b1462,b1463
b1463,b1464
b1464,b1465
b1465,b1466
b1466,b1467
b1467,b1468
b1468,b1469
b1469,b654
b654,b655
b655,b656
b656,b657
b657,b658
b658,b659
b659,b660
b660,b661
b661,b662
b662,b663
b663,b664
b664,b665
b665,b667
b667,b668
b668,b676
b676,b678
b678,b1852
b1852,b1853
b1853,b1854
b1854,b1855
b1855,b1856
b1856,b1858
b1858,b1859
b1859,b1860
b1860,b1861
b1861,b2017
b2017,b2018
b2018,b2019
b2019,b2020
b2020,b2021
b2021,b2023
b2023,b2024
b2024,b2025
b2025,b2026
b2026,b5714
b5714,b5715
b5715,b5716
b5716,b5717
b5717,b5718
b5718,b5719
b5719,b5720
b5720,b5721
b5721,b5722
b5722,b5723
b5723,b5724
b5724,b5725
b5725,b5726
b5726,b5727
b5727,b5728
b5728,b5729
b5729,b5730
b5730,b5731
b5731,b5732
b5732,b5733
b5733,b5734
b5734,b5735
b5735,b5736
b5736,b5737
b5737,b5738
b5738,b5739
b5739,b5740
b5740,b5741
b5741,b5742
b5742,b5743
b5743,b1580
b1580,b1581
b1581,b1582
b1582,b1583
b1583,b1585
b1585,b1586
b1586,b1588
b1588,b1589
b1589,b5952
b5952,b5953
b5953,b5954
b5954,b5955
b5955,b5956
b5956,b5957
b5957,b5958
b5958,b5959
b5959,b5960
b5960,b5961
b5961,b5962
b5962,b5963
b5963,b5964
b5964,b5965
b5965,b5966
b5966,b5967
b5967,b5968
b5968,b5969
b5969,b5970
b5970,b5971
b5971,b5972
b5972,b5973
b5973,b5974
b5974,b5975
b5975,b5976
b5976,b5977
b5977,b5978
b5978,b5979
b5979,b5980
b5980,b5981
b5981,b5982
b5982,b5983
b5983,b5984
b5984,b5985
b5985,b5986
b5986,b5987
b5987,b5988
b5988,b5989
b5989,b5990
b5990,b5991
b5991,b5992
b5992,b5993
b5993,b5994
b5994,b5995
b5995,b5996
b5996,b5997
b5997,b5998
b5998,b5999
b5999,b6000
b6000,b6001
b6001,b5375
b5375,b5127
b5127,b5129
b5129,b5131
b5131,b5132
b5132,b5133
b5133,b5134
b5134,b5135
b5135,b5138
b5138,b5139
b5139,b5140
b5140,b5141
b5141,b5142
b5142,b5143
b5143,b5144
b5144,b5145
b5145,b5146
b5146,b5147
b5147,b5148
b5148,b5150
b5150,b5151
b5151,b5152
b5152,b5153
b5153,b5154
b5154,b5156
b5156,b5157
b5157,b5158
b5158,b5159
b5159,b5160
b5160,b5162
b5162,b5163
b5163,b5164
b5164,b313
b313,b314
b314,b315
b315,b316
b316,b317
b317,b318
b318,b319
b319,b321
b321,b322
b322,b323
b323,b324
b324,b325
b325,b327
b327,b329
b329,b332
b332,b333
b333,b334
b334,b335
b335,b336
b336,b339
b339,b7689
b7689,b7690
b7690,b5114
b5114,b5115
b5115,b11548
b11548,b11549
b11549,b11550
b11550,b11551
b11551,b11552
b11552,b11553
b11553,b11554
b11554,b11555
b11555,b11556
b11556,b11557
b11557,b11558
b11558,b11559
b11559,b11560
b11560,b11561
b11561,b11562
b11562,b11563
b11563,b11564
b11564,b11565
b11565,b11566
b11566,b11567
b11567,b11568
b11568,b11569
b11569,b11570
b11570,b11571
b11571,b11572
b11572,b11573
b11573,b11575
b11575,b11576
b11576,b11577
b11577,b11608
b11608,b11609
b11609,b11610
b11610,b11611
b11611,b11612
b11612,b11614
b11614,b11615
b11615,b11616
b11616,b11617
b11617,b11618
b11618,b11619
b11619,b11620
b11620,b11621
b11621,b11622
b11622,b11623
b11623,b11624
b11624,b11625
b11625,b11626
b11626,b11627
b11627,b11628
b11628,b11629
b11629,b11630
b11630,b11631
b11631,b11632
b11632,b11633
b11633,b11634
b11634,b11635
b11635,b11636
b11636,b11637
b11637,b11339
b11339,b11340
b11340,b11341
b11341,b11342
b11342,b11343
b11343,b11344
b11344,b11345
b11345,b11346
b11346,b11347
b11347,b11348
b11348,b11349
b11349,b11350
b11350,b11351
b11351,b11352
b11352,b11353
b11353,b11354
b11354,b11355
b11355,b11356
b11356,b11357
b11357,b11358
b11358,b11359
b11359,b11360
b11360,b11361
b11361,b11362
b11362,b11363
b11363,b11364
b11364,b11365
b11365,b11366
b11366,b11367
b11367,b11428
b11428,b11429
b11429,b11430
b11430,b11431
b11431,b11432
b11432,b11433
b11433,b11434
b11434,b11435
b11435,b11436
b11436,b11437
b11437,b11438
b11438,b11439
b11439,b11440
b11440,b11441
b11441,b11442
b11442,b11443
b11443,b11444
b11444,b11445
b11445,b11446
b11446,b11447
b11447,b11448
b11448,b11449
b11449,b11450
b11450,b11451
b11451,b11453
b11453,b11454
b11454,b11455
b11455,b11456
b11456,b11457
b11457,b11458
b11458,b11459
b11459,b11460
b11460,b11461
b11461,b11462
b11462,b11463
b11463,b11464
b11464,b11465
b11465,b11466
b11466,b11467
b11467,b11468
b11468,b11469
b11469,b11470
b11470,b11471
b11471,b11472
b11472,b11473
b11473,b11474
b11474,b11475
b11475,b11476
b11476,b11477
b11477,b11478
b11478,b11479
b11479,b11480
b11480,b11481
b11481,b11482
b11482,b11483
b11483,b11484
b11484,b11485
b11485,b11486
b11486,b11487
b11487,b11518
b11518,b11519
b11519,b11520
b11520,b11521
b11521,b11522
b11522,b11523
b11523,b11524
b11524,b11525
b11525,b11526
b11526,b11527
b11527,b11528
b11528,b11529
b11529,b11530
b11530,b11531
b11531,b11532
b11532,b11533
b11533,b11534
b11534,b11535
b11535,b11536
b11536,b11537
b11537,b11538
b11538,b11539
b11539,b11540
b11540,b11541
b11541,b11542
b11542,b11543
b11543,b11544
b11544,b11545
b11545,b11546
b11546,b11547
b11547,b11309
b11309,b11310
b11310,b11311
b11311,b11312
b11312,b11313
b11313,b11314
b11314,b11315
b11315,b11316
b11316,b11317
b11317,b11318
b11318,b11319
b11319,b11320
b11320,b11321
b11321,b11322
b11322,b11323
b11323,b11324
b11324,b11325
b11325,b11326
b11326,b11327
b11327,b11328
b11328,b11329
b11329,b11330
b11330,b11331
b11331,b11332
b11332,b11333
b11333,b11334
b11334,b11335
b11335,b11336
b11336,b11337
b11337,b11338
b11338,b11488
b11488,b11489
b11489,b11491
b11491,b11492
b11492,b11494
b11494,b11495
b11495,b11496
b11496,b11497
b11497,b11499
b11499,b11500
b11500,b11501
b11501,b11502
b11502,b11503
b11503,b11504
b11504,b11506
b11506,b11507
b11507,b11508
b11508,b11509
b11509,b11510
b11510,b11511
b11511,b11512
b11512,b11513
b11513,b11514
b11514,b11515
b11515,b11516
b11516,b11517
b11517,b4714
b4714,b4715
b4715,b4716
b4716,b4717
b4717,b4718
b4718,b4719
b4719,b4720
b4720,b4721
b4721,b4722
b4722,b4723
b4723,b4724
b4724,b4725
b4725,b4726
b4726,b4728
b4728,b4729
b4729,b4730
b4730,b4731
b4731,b4732
b4732,b4733
b4733,b4734
b4734,b4735
b4735,b4737
b4737,b4738
b4738,b4739
b4739,b4740
b4740,b4741
b4741,b4742
b4742,b4743
b4743,b4744
b4744,b4745
b4745,b4747
b4747,b4748
b4748,b4749
b4749,b4751
b4751,b4752
b4752,b4753
b4753,b4754
b4754,b4756
b4756,b4757
b4757,b6776
b6776,b6784
b6784,b6785
b6785,b6786
b6786,b6789
b6789,b6790
b6790,b6791
b6791,b6792
b6792,b6793
b6793,b6797
b6797,b6798
b6798,b6800
b6800,b6801
b6801,b6808
b6808,b6809
b6809,b6811
b6811,b6814
b6814,b6815
b6815,b6816
b6816,b6826
b6826,b6827
b6827,b6831
b6831,b6833
b6833,b6834
b6834,b6835
b6835,b6840
b6840,b6841
b6841,b6842
b6842,b6854
b6854,b6858
b6858,b6859
b6859,b6862
b6862,b6863
b6863,b6865
b6865,b6867
b6867,b6870
b6870,b6871
b6871,b5316
b5316,b1411
b1411,b1412
b1412,b1413
b1413,b1414
b1414,b1415
b1415,b1416
b1416,b1417
b1417,b1418
b1418,b1419
b1419,b1420
b1420,b1
b1,b2
b2,b3
b3,b4
b4,b5
b5,b6
b6,b7
b7,b8
b8,b9
b9,b10
b10,b4850
b4850,b4851
b4851,b4852
b4852,b4853
b4853,b4854
b4854,b4855
b4855,b4856
b4856,b4857
b4857,b4858
b4858,b4859
b4859,b4860
b4860,b4861
b4861,b4862
b4862,b4863
b4863,b4864
b4864,b4865
b4865,b4866
b4866,b4867
b4867,b4868
b4868,b4869
b4869,b4870
b4870,b4871
b4871,b4872
b4872,b4873
b4873,b4874
b4874,b4875
b4875,b4876
b4876,b4877
b4877,b4878
b4878,b4879
b4879,b4880
b4880,b4881
b4881,b4882
b4882,b4883
b4883,b4884
b4884,b4885
b4885,b4886
b4886,b4887
b4887,b4888
b4888,b4889
b4889,b4890
b4890,b4891
b4891,b4892
b4892,b4894
b4894,b4895
b4895,b4896
b4896,b4897
b4897,b1675
b1675,b1676
b1676,b1677
b1677,b1678
b1678,b1679
b1679,b1680
b1680,b1681
b1681,b1682
b1682,b1684
b1684,b5205
b5205,b5206
b5206,b5207
b5207,b5208
b5208,b5580
b5580,b5581
b5581,b5582
b5582,b5583
b5583,b5584
b5584,b5585
b5585,b5586
b5586,b5587
b5587,b5589
b5589,b2115
b2115,b2116
b2116,b2117
b2117,b2119
b2119,b2120
b2120,b2123
b2123,b5090
b5090,b5091
b5091,b5092
b5092,b5093
b5093,b5094
b5094,b5095
b5095,b5096
b5096,b5097
b5097,b5098
b5098,b5099
b5099,b5100
b5100,b5101
b5101,b5102
b5102,b5103
b5103,b5104
b5104,b8245
b8245,b8246
b8246,b8247
b8247,b8248
b8248,b8249
b8249,b8250
b8250,b8251
b8251,b8252
b8252,b8253
b8253,b8254
b8254,b7361
b7361,b7362
b7362,b7363
b7363,b7364
b7364,b7365
b7365,b7367
b7367,b7368
b7368,b7369
b7369,b7371
b7371,b7373
b7373,b7375
b7375,b7376
b7376,b7377
b7377,b7378
b7378,b7379
b7379,b7380
b7380,b7381
b7381,b7382
b7382,b7383
b7383,b7384
b7384,b7385
b7385,b7387
b7387,b7389
b7389,b7390
b7390,b7393
b7393,b7394
b7394,b7395
b7395,b7396
b7396,b7397
b7397,b7398
b7398,b7399
b7399,b7400
b7400,b7401
b7401,b7402
b7402,b7403
b7403,b7405
b7405,b7406
b7406,b3364
b3364,b3365
b3365,b3366
b3366,b3367
b3367,b3368
b3368,b3369
b3369,b3370
b3370,b3371
b3371,b3372
b3372,b3373
b3373,b3374
b3374,b3375
b3375,b3376
b3376,b3377
b3377,b3378
b3378,b3379
b3379,b3380
b3380,b3381
b3381,b3382
b3382,b3383
b3383,b3384
b3384,b3385
b3385,b3386
b3386,b3387
b3387,b3388
b3388,b3389
b3389,b3390
b3390,b3391
b3391,b3392
b3392,b3393
b3393,b3394
b3394,b3395
b3395,b3396
b3396,b3397
b3397,b3398
b3398,b3399
b3399,b3400
b3400,b3401
b3401,b3402
b3402,b3403
b3403,b3404
b3404,b3405
b3405,b3406
b3406,b3407
b3407,b3408
b3408,b3409
b3409,b3410
b3410,b3411
b3411,b3412
b3412,b3413
b3413,b3414
b3414,b3415
b3415,b3416
b3416,b3417
b3417,b3418
b3418,b3419
b3419,b3420
b3420,b3421
b3421,b2135
b2135,b2136
b2136,b2137
b2137,b2138
b2138,b2139
b2139,b2140
b2140,b2146
b2146,b2147
b2147,b2148
b2148,b2149
b2149,b2150
b2150,b2151
b2151,b2152
b2152,b2153
b2153,b2154
b2154,b2155
b2155,b2156
b2156,b2157
b2157,b2158
b2158,b2159
b2159,b2161
b2161,b2162
b2162,b2163
b2163,b2165
b2165,b2167
b2167,b2168
b2168,b2169
b2169,b2170
b2170,b2172
b2172,b2173
b2173,b2174
b2174,b2175
b2175,b2176
b2176,b2177
b2177,b2178
b2178,b2180
b2180,b2181
b2181,b2182
b2182,b2183
b2183,b2184
b2184,b5409
b5409,b5412
b5412,b5413
b5413,b5414
b5414,b5089
b5089,b541
b541,b542
b542,b543
b543,b545
b545,b546
b546,b547
b547,b550
b550,b552
b552,b553
b553,b554
b554,b555
b555,b558
b558,b559
b559,b561
b561,b563
b563,b565
b565,b2635
b2635,b2636
b2636,b2639
b2639,b2644
b2644,b2646
b2646,b2648
b2648,b2651
b2651,b2655
b2655,b2660
b2660,b2665
b2665,b2666
b2666,b2668
b2668,b5892
b5892,b5893
b5893,b5896
b5896,b5900
b5900,b5902
b5902,b5906
b5906,b5907
b5907,b5908
b5908,b5911
b5911,b5915
b5915,b5917
b5917,b5920
b5920,b5921
b5921,b5922
b5922,b5925
b5925,b5928
b5928,b5929
b5929,b5934
b5934,b5935
b5935,b5937
b5937,b109
b109,b110
b110,b111
b111,b112
b112,b113
b113,b114
b114,b115
b115,b116
b116,b118
b118,b3427
b3427,b3428
b3428,b3434
b3434,b3437
b3437,b3439
b3439,b3441
b3441,b3446
b3446,b3452
b3452,b3454
b3454,b3458
b3458,b3460
b3460,b4675
b4675,b4677
b4677,b4678
b4678,b4682
b4682,b4689
b4689,b4691
b4691,b4693
b4693,b4700
b4700,b4704
b4704,b4706
b4706,b4710
b4710,b4712
b4712,b2846
b2846,b2854
b2854,b2855
b2855,b2856
b2856,b2857
b2857,b2860
b2860,b2861
b2861,b2862
b2862,b2863
b2863,b2864
b2864,b2865
b2865,b2866
b2866,b2869
b2869,b2870
b2870,b1068
b1068,b1069
b1069,b1070
b1070,b1072
b1072,b1073
b1073,b1075
b1075,b1076
b1076,b1077
b1077,b1078
b1078,b1079
b1079,b1080
b1080,b1081
b1081,b1083
b1083,b1085
b1085,b1086
b1086,b1088
b1088,b1090
b1090,b1091
b1091,b1092
b1092,b8076
b8076,b8077
b8077,b8078
b8078,b8079
b8079,b8080
b8080,b8081
b8081,b8082
b8082,b8083
b8083,b8084
b8084,b8085
b8085,b3261
b3261,b3262
b3262,b3263
b3263,b3264
b3264,b3265
b3265,b3266
b3266,b3267
b3267,b3268
b3268,b3269
b3269,b3270
b3270,b3271
b3271,b3272
b3272,b3273
b3273,b3274
b3274,b3275
b3275,b3276
b3276,b3277
b3277,b3278
b3278,b3279
b3279,b3280
b3280,b3281
b3281,b3282
b3282,b3283
b3283,b3284
b3284,b3285
b3285,b3286
b3286,b3287
b3287,b3288
b3288,b3289
b3289,b3290
b3290,b3291
b3291,b3292
b3292,b3293
b3293,b3294
b3294,b3295
b3295,b3296
b3296,b3297
b3297,b3298
b3298,b3299
b3299,b3300
b3300,b3301
b3301,b3302
b3302,b3303
b3303,b3304
b3304,b3305
b3305,b3306
b3306,b3307
b3307,b3308
b3308,b3309
b3309,b3310
b3310,b3311
b3311,b3312
b3312,b3313
b3313,b3314
b3314,b3315
b3315,b3316
b3316,b3317
b3317,b3318
b3318,b3319
b3319,b3320
b3320,b3321
b3321,b3322
b3322,b3323
b3323,b4436
b4436,b4437
b4437,b4438
b4438,b4440
b4440,b4441
b4441,b4442
b4442,b4443
b4443,b4444
b4444,b4445
b4445,b4446
b4446,b4447
b4447,b4448
b4448,b4449
b4449,b4450
b4450,b4451
b4451,b4452
b4452,b4453
b4453,b4454
b4454,b4455
b4455,b4456
b4456,b4457
b4457,b4458
b4458,b4459
b4459,b4460
b4460,b4461
b4461,b4462
b4462,b4463
b4463,b4464
b4464,b4465
b4465,b4466
b4466,b4467
b4467,b4468
b4468,b4469
b4469,b4470
b4470,b4471
b4471,b4473
b4473,b4474
b4474,b4475
b4475,b4476
b4476,b4478
b4478,b4479
b4479,b4480
b4480,b4481
b4481,b4482
b4482,b4483
b4483,b4484
b4484,b4485
b4485,b4486
b4486,b4487
b4487,b4488
b4488,b4489
b4489,b4490
b4490,b4491
b4491,b4492
b4492,b4493
b4493,b4494
b4494,b4496
b4496,b4497
b4497,b4498
b4498,b4499
b4499,b4500
b4500,b4501
b4501,b4502
b4502,b4503
b4503,b4504
b4504,b4505
b4505,b4506
b4506,b4507
b4507,b4508
b4508,b4509
b4509,b4510
b4510,b4511
b4511,b4512
b4512,b4514
b4514,b4515
b4515,b4516
b4516,b4517
b4517,b4518
b4518,b4519
b4519,b4520
b4520,b4521
b4521,b4522
b4522,b4523
b4523,b4524
b4524,b4525
b4525,b4526
b4526,b4527
b4527,b4528
b4528,b4529
b4529,b4530
b4530,b4531
b4531,b4532
b4532,b4533
b4533,b4534
b4534,b4535
b4535,b4536
b4536,b4538
b4538,b4539
b4539,b4540
b4540,b4541
b4541,b4542
b4542,b4543
b4543,b4544
b4544,b4545
b4545,b4546
b4546,b4547
b4547,b4548
b4548,b8096
b8096,b8097
b8097,b8098
b8098,b8099
b8099,b8100
b8100,b8101
b8101,b8102
b8102,b8103
b8103,b8104
b8104,b8105
b8105,b5105
b5105,b5292
b5292,b5293
b5293,b5294
b5294,b5295
b5295,b5296
b5296,b6777
b6777,b6778
b6778,b6780
b6780,b6782
b6782,b6783
b6783,b6787
b6787,b6788
b6788,b6794
b6794,b6795
b6795,b6796
b6796,b6799
b6799,b6802
b6802,b6803
b6803,b6804
b6804,b6805
b6805,b6806
b6806,b6807
b6807,b6810
b6810,b6812
b6812,b6813
b6813,b6817
b6817,b6818
b6818,b6819
b6819,b6820
b6820,b6821
b6821,b6822
b6822,b6823
b6823,b6824
b6824,b6825
b6825,b6828
b6828,b6829
b6829,b6830
b6830,b6832
b6832,b6836
b6836,b6837
b6837,b6838
b6838,b6839
b6839,b6843
b6843,b6844
b6844,b6846
b6846,b6847
b6847,b6848
b6848,b6849
b6849,b6850
b6850,b6851
b6851,b6852
b6852,b6853
b6853,b6855
b6855,b6856
b6856,b6857
b6857,b6860
b6860,b6861
b6861,b6864
b6864,b6866
b6866,b6868
b6868,b6869
b6869,b6872
b6872,b6873
b6873,b6874
b6874,b6875
b6875,b5209
b5209,b5210
b5210,b5211
b5211,b5212
b5212,b5213
b5213,b5215
b5215,b5216
b5216,b2095
b2095,b2097
b2097,b2098
b2098,b2099
b2099,b2101
b2101,b2102
b2102,b2103
b2103,b2104
b2104,b1481
b1481,b1482
b1482,b1483
b1483,b1484
b1484,b1485
b1485,b1486
b1486,b1487
b1487,b1488
b1488,b1489
b1489,b628
b628,b629
b629,b631
b631,b632
b632,b634
b634,b636
b636,b637
b637,b638
b638,b639
b639,b640
b640,b641
b641,b642
b642,b644
b644,b645
b645,b646
b646,b648
b648,b650
b650,b651
b651,b653
b653,b1202
b1202,b1203
b1203,b1204
b1204,b1205
b1205,b1206
b1206,b1207
b1207,b1208
b1208,b1209
b1209,b1211
b1211,b1214
b1214,b1215
b1215,b1217
b1217,b1218
b1218,b1219
b1219,b1221
b1221,b1223
b1223,b1225
b1225,b1227
b1227,b1228
b1228,b1229
b1229,b1230
b1230,b1685
b1685,b1686
b1686,b1687
b1687,b1688
b1688,b1689
b1689,b1690
b1690,b1691
b1691,b1692
b1692,b1693
b1693,b1694
b1694,b2714
b2714,b2717
b2717,b2722
b2722,b2726
b2726,b2730
b2730,b2734
b2734,b2735
b2735,b2738
b2738,b2746
b2746,b2200
b2200,b2201
b2201,b2203
b2203,b2205
b2205,b2207
b2207,b2209
b2209,b2211
b2211,b2212
b2212,b2217
b2217,b2225
b2225,b3326
b3326,b3330
b3330,b3334
b3334,b3342
b3342,b3346
b3346,b3350
b3350,b3351
b3351,b3353
b3353,b3357
b3357,b3358
b3358,b3361
b3361,b4560
b4560,b4951
b4951,b4953
b4953,b4957
b4957,b4968
b4968,b4970
b4970,b4977
b4977,b4979
b4979,b4982
b4982,b5380
b5380,b5381
b5381,b5382
b5382,b5383
b5383,b5384
b5384,b5386
b5386,b5389
b5389,b7920
b7920,b7921
b7921,b7922
b7922,b7923
b7923,b8494
b8494,b8495
b8495,b8496
b8496,b8497
b8497,b8498
b8498,b8499
b8499,b8500
b8500,b8501
b8501,b8502
b8502,b8503
b8503,b5691
b5691,b5692
b5692,b5693
b5693,b5694
b5694,b1232
b1232,b1233
b1233,b1234
b1234,b1235
b1235,b1236
b1236,b1237
b1237,b1238
b1238,b1240
b1240,b1241
b1241,b1242
b1242,b1245
b1245,b1246
b1246,b1248
b1248,b1249
b1249,b1251
b1251,b1253
b1253,b1254
b1254,b1255
b1255,b1257
b1257,b1258
b1258,b1259
b1259,b1261
b1261,b2520
b2520,b2521
b2521,b2522
b2522,b2523
b2523,b2524
b2524,b2525
b2525,b2526
b2526,b2527
b2527,b2528
b2528,b2529
b2529,b2530
b2530,b2531
b2531,b2532
b2532,b2533
b2533,b2534
b2534,b2535
b2535,b2536
b2536,b2537
b2537,b2538
b2538,b2539
b2539,b2540
b2540,b2541
b2541,b2543
b2543,b2544
b2544,b2545
b2545,b2546
b2546,b2547
b2547,b2548
b2548,b2549
b2549,b2550
b2550,b2551
b2551,b2552
b2552,b2553
b2553,b2554
b2554,b2555
b2555,b2556
b2556,b2557
b2557,b2558
b2558,b5468
b5468,b5469
b5469,b5470
b5470,b5471
b5471,b5472
b5472,b5707
b5707,b5708
b5708,b5709
b5709,b11368
b11368,b11369
b11369,b11370
b11370,b11371
b11371,b11372
b11372,b11373
b11373,b11374
b11374,b11375
b11375,b11376
b11376,b11378
b11378,b11379
b11379,b11380
b11380,b11381
b11381,b11382
b11382,b11383
b11383,b11384
b11384,b11385
b11385,b11387
b11387,b11388
b11388,b11389
b11389,b11390
b11390,b11391
b11391,b11392
b11392,b11393
b11393,b11394
b11394,b11395
b11395,b11396
b11396,b11397
b11397,b1797
b1797,b1798
b1798,b1801
b1801,b1802
b1802,b1803
b1803,b1804
b1804,b1805
b1805,b1806
b1806,b1807
b1807,b1808
b1808,b1809
b1809,b1810
b1810,b1811
b1811,b4898
b4898,b4899
b4899,b4900
b4900,b4902
b4902,b4905
b4905,b4907
b4907,b4908
b4908,b4909
b4909,b4910
b4910,b4911
b4911,b4912
b4912,b4914
b4914,b4916
b4916,b4918
b4918,b4920
b4920,b4923
b4923,b4924
b4924,b4925
b4925,b4928
b4928,b4931
b4931,b4932
b4932,b4934
b4934,b4935
b4935,b4937
b4937,b4938
b4938,b4940
b4940,b4942
b4942,b5744
b5744,b3998
b3998,b4027
b4027,b4052
b4052,b4211
b4211,b4229
b4229,b4230
b4230,b4231
b4231,b4234
b4234,b4235
b4235,b4236
b4236,b4237
b4237,b4238
b4238,b4241
b4241,b4244
b4244,b4246
b4246,b4248
b4248,b4249
b4249,b4250
b4250,b4253
b4253,b3243
b3243,b5425
b5425,b5426
b5426,b5427
b5427,b5428
b5428,b3422
b3422,b3423
b3423,b3424
b3424,b3425
b3425,b3426
b3426,b3430
b3430,b3431
b3431,b3432
b3432,b3433
b3433,b3435
b3435,b3436
b3436,b3438
b3438,b3440
b3440,b3442
b3442,b3443
b3443,b3444
b3444,b3445
b3445,b3447
b3447,b3448
b3448,b3449
b3449,b3450
b3450,b3451
b3451,b3453
b3453,b3455
b3455,b3456
b3456,b3457
b3457,b3459
b3459,b3461
b3461,b1812
b1812,b1813
b1813,b1814
b1814,b1815
b1815,b1816
b1816,b1818
b1818,b1819
b1819,b1820
b1820,b1821
b1821,b4901
b4901,b4903
b4903,b4904
b4904,b4906
b4906,b4913
b4913,b4915
b4915,b4917
b4917,b4919
b4919,b4921
b4921,b4922
b4922,b4926
b4926,b4927
b4927,b4929
b4929,b4930
b4930,b4933
b4933,b4936
b4936,b4939
b4939,b4941
b4941,b4943
b4943,b4944
b4944,b4945
b4945,b4946
b4946,b4947
b4947,b5232
b5232,b5233
b5233,b5234
b5234,b5235
b5235,b5644
b5644,b5645
b5645,b5646
b5646,b5647
b5647,b5648
b5648,b5649
b5649,b5650
b5650,b5651
b5651,b5652
b5652,b5653
b5653,b2105
b2105,b2106
b2106,b2107
b2107,b2108
b2108,b2109
b2109,b2110
b2110,b2111
b2111,b2112
b2112,b2113
b2113,b2114
b2114,b1777
b1777,b1779
b1779,b1781
b1781,b1783
b1783,b1785
b1785,b1786
b1786,b5170
b5170,b5171
b5171,b5172
b5172,b5173
b5173,b5174
b5174,b5175
b5175,b5176
b5176,b5177
b5177,b5178
b5178,b5179
b5179,b5180
b5180,b5181
b5181,b5182
b5182,b5183
b5183,b7939
b7939,b7940
b7940,b7941
b7941,b7942
b7942,b7943
b7943,b7944
b7944,b7945
b7945,b7946
b7946,b7947
b7947,b7948
b7948,b4676
b4676,b4679
b4679,b4680
b4680,b4681
b4681,b4683
b4683,b4684
b4684,b4685
b4685,b4686
b4686,b4687
b4687,b4688
b4688,b4690
b4690,b4692
b4692,b4694
b4694,b4695
b4695,b4696
b4696,b4697
b4697,b4698
b4698,b4699
b4699,b4701
b4701,b4702
b4702,b4703
b4703,b4705
b4705,b4707
b4707,b4708
b4708,b4709
b4709,b4711
b4711,b4713
b4713,b5328
b5328,b5329
b5329,b5330
b5330,b5331
b5331,b5332
b5332,b5110
b5110,b5111
b5111,b5112
b5112,b5113
b5113,b710
b710,b713
b713,b714
b714,b716
b716,b717
b717,b718
b718,b720
b720,b721
b721,b722
b722,b726
b726,b727
b727,b729
b729,b731
b731,b734
b734,b735
b735,b736
b736,b1470
b1470,b1471
b1471,b1472
b1472,b1473
b1473,b1474
b1474,b1475
b1475,b1476
b1476,b1477
b1477,b1478
b1478,b1479
b1479,b768
b768,b776
b776,b777
b777,b780
b780,b782
b782,b783
b783,b784
b784,b785
b785,b786
b786,b787
b787,b789
b789,b790
b790,b792
b792,b2470
b2470,b2471
b2471,b2473
b2473,b2475
b2475,b2476
b2476,b2477
b2477,b2478
b2478,b2479
b2479,b2480
b2480,b2481
b2481,b2482
b2482,b2483
b2483,b2484
b2484,b2485
b2485,b2487
b2487,b2488
b2488,b2495
b2495,b2496
b2496,b2497
b2497,b2498
b2498,b2499
b2499,b2500
b2500,b2501
b2501,b2502
b2502,b2504
b2504,b2507
b2507,b2508
b2508,b2510
b2510,b2512
b2512,b2513
b2513,b2514
b2514,b11578
b11578,b11579
b11579,b11580
b11580,b11581
b11581,b11582
b11582,b11583
b11583,b11584
b11584,b11585
b11585,b11586
b11586,b11587
b11587,b11588
b11588,b11589
b11589,b11590
b11590,b11591
b11591,b11592
b11592,b11593
b11593,b11594
b11594,b11595
b11595,b11596
b11596,b11597
b11597,b11598
b11598,b11599
b11599,b11600
b11600,b11601
b11601,b11602
b11602,b11603
b11603,b11604
b11604,b11605
b11605,b11606
b11606,b11607
b11607,b1877
b1877,b1878
b1878,b1880
b1880,b1881
b1881,b1882
b1882,b1883
b1883,b1884
b1884,b1886
b1886,b2804
b2804,b2805
b2805,b2806
b2806,b2807
b2807,b2808
b2808,b2809
b2809,b2810
b2810,b2811
b2811,b2812
b2812,b2813
b2813,b2814
b2814,b2815
b2815,b2816
b2816,b2817
b2817,b2818
b2818,b2819
b2819,b2820
b2820,b2821
b2821,b2822
b2822,b2823
b2823,b2824
b2824,b2825
b2825,b2826
b2826,b2827
b2827,b2828
b2828,b2829
b2829,b2830
b2830,b2831
b2831,b2832
b2832,b2833
b2833,b2835
b2835,b2836
b2836,b2837
b2837,b2838
b2838,b2839
b2839,b2840
b2840,b2841
b2841,b2842
b2842,b2843
b2843,b6926
b6926,b6927
b6927,b6928
b6928,b6929
b6929,b6930
b6930,b6931
b6931,b6932
b6932,b6934
b6934,b6939
b6939,b6942
b6942,b6943
b6943,b6945
b6945,b6947
b6947,b6949
b6949,b6950
b6950,b6951
b6951,b6952
b6952,b6953
b6953,b6954
b6954,b6957
b6957,b6958
b6958,b6959
b6959,b6960
b6960,b6961
b6961,b6962
b6962,b6963
b6963,b6965
b6965,b6967
b6967,b6968
b6968,b6969
b6969,b6970
b6970,b6971
b6971,b6972
b6972,b1987
b1987,b1988
b1988,b1989
b1989,b1990
b1990,b1991
b1991,b1992
b1992,b1993
b1993,b1994
b1994,b1995
b1995,b1996
b1996,b2999
b2999,b3000
b3000,b3001
b3001,b3002
b3002,b3003
b3003,b3004
b3004,b3005
b3005,b3006
b3006,b3007
b3007,b3008
b3008,b3009
b3009,b3010
b3010,b3011
b3011,b3012
b3012,b3013
b3013,b3014
b3014,b3015
b3015,b3016
b3016,b3017
b3017,b3018
b3018,b3019
b3019,b3020
b3020,b3021
b3021,b3022
b3022,b3023
b3023,b3024
b3024,b3025
b3025,b3026
b3026,b3027
b3027,b3029
b3029,b3030
b3030,b3031
b3031,b3032
b3032,b3033
b3033,b3034
b3034,b3035
b3035,b3036
b3036,b3037
b3037,b3038
b3038,b3039
b3039,b3040
b3040,b3041
b3041,b3042
b3042,b3043
b3043,b3044
b3044,b3045
b3045,b3046
b3046,b3047
b3047,b3048
b3048,b3049
b3049,b3050
b3050,b3051
b3051,b3052
b3052,b3053
b3053,b3054
b3054,b3055
b3055,b3056
b3056,b3057
b3057,b3058
b3058,b3059
b3059,b3060
b3060,b3061
b3061,b3062
b3062,b3063
b3063,b3065
b3065,b3066
b3066,b3067
b3067,b3068
b3068,b3069
b3069,b3070
b3070,b3072
b3072,b3073
b3073,b3074
b3074,b3075
b3075,b3076
b3076,b3077
b3077,b3078
b3078,b3079
b3079,b3080
b3080,b3081
b3081,b3082
b3082,b3083
b3083,b3084
b3084,b3085
b3085,b3086
b3086,b3087
b3087,b3088
b3088,b3089
b3089,b3090
b3090,b3091
b3091,b3092
b3092,b3093
b3093,b3094
b3094,b3095
b3095,b3096
b3096,b3097
b3097,b3105
b3105,b3112
b3112,b3113
b3113,b3114
b3114,b3116
b3116,b3117
b3117,b3118
b3118,b3119
b3119,b3120
b3120,b3121
b3121,b3122
b3122,b3123
b3123,b3124
b3124,b3125
b3125,b3126
b3126,b3127
b3127,b3128
b3128,b3129
b3129,b3132
b3132,b3133
b3133,b3134
b3134,b3135
b3135,b3137
b3137,b3138
b3138,b3139
b3139,b3140
b3140,b3141
b3141,b3142
b3142,b3143
b3143,b3144
b3144,b3145
b3145,b3147
b3147,b3149
b3149,b3151
b3151,b3154
b3154,b3155
b3155,b3157
b3157,b3158
b3158,b3159
b3159,b3160
b3160,b3161
b3161,b5026
b5026,b5027
b5027,b5028
b5028,b5029
b5029,b5030
b5030,b5031
b5031,b5032
b5032,b5033
b5033,b5034
b5034,b5035
b5035,b5036
b5036,b5037
b5037,b5038
b5038,b5039
b5039,b5040
b5040,b5041
b5041,b5042
b5042,b5043
b5043,b5044
b5044,b5045
b5045,b5046
b5046,b5047
b5047,b5048
b5048,b5049
b5049,b5050
b5050,b5051
b5051,b5052
b5052,b5053
b5053,b5054
b5054,b5055
b5055,b4609
b4609,b4611
b4611,b4612
b4612,b4613
b4613,b4614
b4614,b4616
b4616,b4617
b4617,b4618
b4618,b4619
b4619,b4620
b4620,b4621
b4621,b4623
b4623,b4624
b4624,b4625
b4625,b4626
b4626,b4627
b4627,b4628
b4628,b4629
b4629,b4630
b4630,b4631
b4631,b4632
b4632,b4633
b4633,b4634
b4634,b4635
b4635,b4636
b4636,b4637
b4637,b4638
b4638,b4639
b4639,b4640
b4640,b4641
b4641,b4642
b4642,b4643
b4643,b4644
b4644,b4645
b4645,b4646
b4646,b4647
b4647,b4648
b4648,b4649
b4649,b4650
b4650,b4651
b4651,b4652
b4652,b4653
b4653,b4655
b4655,b4656
b4656,b4657
b4657,b4658
b4658,b4659
b4659,b4661
b4661,b4663
b4663,b4664
b4664,b4665
b4665,b4666
b4666,b4668
b4668,b4669
b4669,b4670
b4670,b4671
b4671,b4672
b4672,b4673
b4673,b4674
b4674,b7408
b7408,b7409
b7409,b7411
b7411,b7414
b7414,b7415
b7415,b7417
b7417,b7418
b7418,b7420
b7420,b7422
b7422,b7424
b7424,b7432
b7432,b7433
b7433,b7437
b7437,b7439
b7439,b7442
b7442,b7443
b7443,b7445
b7445,b7451
b7451,b2433
b2433,b2434
b2434,b2437
b2437,b2450
b2450,b2459
b2459,b4986
b4986,b4987
b4987,b4988
b4988,b4989
b4989,b4991
b4991,b4992
b4992,b4994
b4994,b4995
b4995,b4996
b4996,b4997
b4997,b4998
b4998,b5000
b5000,b5001
b5001,b5002
b5002,b5003
b5003,b5006
b5006,b5007
b5007,b5009
b5009,b5010
b5010,b5013
b5013,b5014
b5014,b5015
b5015,b5017
b5017,b5018
b5018,b5019
b5019,b5021
b5021,b5023
b5023,b5024
b5024,b5025
b5025,b4948
b4948,b4949
b4949,b4950
b4950,b4954
b4954,b4955
b4955,b4956
b4956,b4958
b4958,b4960
b4960,b4961
b4961,b4962
b4962,b4963
b4963,b4964
b4964,b4965
b4965,b4966
b4966,b4967
b4967,b4969
b4969,b4971
b4971,b4972
b4972,b4973
b4973,b4974
b4974,b4975
b4975,b4976
b4976,b4978
b4978,b4980
b4980,b4981
b4981,b4983
b4983,b4984
b4984,b4985
b4985,b2282
b2282,b2283
b2283,b2284
b2284,b2285
b2285,b2286
b2286,b2287
b2287,b2288
b2288,b2289
b2289,b2291
b2291,b2292
b2292,b2293
b2293,b2294
b2294,b2295
b2295,b2296
b2296,b2297
b2297,b2298
b2298,b2299
b2299,b2300
b2300,b2301
b2301,b2302
b2302,b2303
b2303,b2304
b2304,b2305
b2305,b2306
b2306,b2307
b2307,b2308
b2308,b2309
b2309,b2310
b2310,b2311
b2311,b2312
b2312,b2313
b2313,b2314
b2314,b2315
b2315,b2316
b2316,b2317
b2317,b2318
b2318,b2319
b2319,b2320
b2320,b2321
b2321,b2322
b2322,b2323
b2323,b2324
b2324,b2325
b2325,b2326
b2326,b2327
b2327,b2328
b2328,b2329
b2329,b2330
b2330,b2331
b2331,b2332
b2332,b2333
b2333,b2334
b2334,b2335
b2335,b2336
b2336,b2337
b2337,b2338
b2338,b2339
b2339,b2340
b2340,b2342
b2342,b2343
b2343,b2344
b2344,b2345
b2345,b2346
b2346,b2347
b2347,b2348
b2348,b2349
b2349,b2350
b2350,b2351
b2351,b2353
b2353,b2354
b2354,b2355
b2355,b2356
b2356,b2357
b2357,b2358
b2358,b2360
b2360,b2361
b2361,b2362
b2362,b2363
b2363,b2364
b2364,b2365
b2365,b2366
b2366,b2367
b2367,b2368
b2368,b2369
b2369,b2370
b2370,b2371
b2371,b2372
b2372,b2373
b2373,b2374
b2374,b2375
b2375,b2376
b2376,b2377
b2377,b2378
b2378,b2379
b2379,b2380
b2380,b5894
b5894,b5895
b5895,b5897
b5897,b5898
b5898,b5899
b5899,b5901
b5901,b5903
b5903,b5904
b5904,b5905
b5905,b5909
b5909,b5910
b5910,b5912
b5912,b5913
b5913,b5914
b5914,b5916
b5916,b5918
b5918,b5919
b5919,b5923
b5923,b5924
b5924,b5926
b5926,b5927
b5927,b5930
b5930,b5931
b5931,b5932
b5932,b5933
b5933,b5936
b5936,b5938
b5938,b5939
b5939,b5940
b5940,b5941
b5941,b4140
b4140,b4141
b4141,b4142
b4142,b4143
b4143,b4144
b4144,b4145
b4145,b4146
b4146,b4147
b4147,b4148
b4148,b4149
b4149,b4150
b4150,b4151
b4151,b4152
b4152,b4153
b4153,b4154
b4154,b4155
b4155,b4156
b4156,b4157
b4157,b4158
b4158,b4159
b4159,b4160
b4160,b4161
b4161,b4162
b4162,b4163
b4163,b4164
b4164,b4165
b4165,b4166
b4166,b4167
b4167,b4168
b4168,b4169
b4169,b4170
b4170,b4171
b4171,b4172
b4172,b4174
b4174,b4175
b4175,b4176
b4176,b4177
b4177,b4178
b4178,b4179
b4179,b5085
b5085,b5086
b5086,b5087
b5087,b5088
b5088,b1590
b1590,b1591
b1591,b1592
b1592,b1594
b1594,b1595
b1595,b1596
b1596,b1597
b1597,b1598
b1598,b1599
b1599,b1601
b1601,b1602
b1602,b2087
b2087,b2088
b2088,b2089
b2089,b2090
b2090,b2091
b2091,b2092
b2092,b2093
b2093,b2094
b2094,b5462
b5462,b5463
b5463,b5464
b5464,b5465
b5465,b5466
b5466,b5467
b5467,b1715
b1715,b1716
b1716,b1717
b1717,b1718
b1718,b1719
b1719,b1721
b1721,b1722
b1722,b1723
b1723,b1724
b1724,b1725
b1725,b1726
b1726,b1727
b1727,b2899
b2899,b2900
b2900,b2901
b2901,b2902
b2902,b2903
b2903,b2904
b2904,b2905
b2905,b2906
b2906,b2907
b2907,b2908
b2908,b2910
b2910,b2911
b2911,b2912
b2912,b2913
b2913,b2914
b2914,b2915
b2915,b2916
b2916,b2917
b2917,b2918
b2918,b2919
b2919,b2920
b2920,b2921
b2921,b2925
b2925,b2926
b2926,b2927
b2927,b2929
b2929,b2932
b2932,b2933
b2933,b2934
b2934,b2936
b2936,b2937
b2937,b2938
b2938,b2939
b2939,b2940
b2940,b2941
b2941,b2942
b2942,b2943
b2943,b2944
b2944,b2946
b2946,b2947
b2947,b2948
b2948,b2949
b2949,b2950
b2950,b2951
b2951,b2952
b2952,b2953
b2953,b2954
b2954,b2956
b2956,b2957
b2957,b2958
b2958,b2959
b2959,b2960
b2960,b2961
b2961,b2962
b2962,b2963
b2963,b2964
b2964,b2965
b2965,b2967
b2967,b2968
b2968,b2969
b2969,b2970
b2970,b2971
b2971,b2972
b2972,b2974
b2974,b2975
b2975,b2976
b2976,b2977
b2977,b2978
b2978,b2979
b2979,b2980
b2980,b2981
b2981,b2982
b2982,b2984
b2984,b2985
b2985,b2988
b2988,b2990
b2990,b2992
b2992,b2994
b2994,b2996
b2996,b2997
b2997,b2998
b2998,b5194
b5194,b5195
b5195,b5196
b5196,b5197
b5197,b5198
b5198,b5199
b5199,b5201
b5201,b5202
b5202,b5203
b5203,b1997
b1997,b1998
b1998,b1999
b1999,b2000
b2000,b2002
b2002,b2003
b2003,b2004
b2004,b2005
b2005,b2006
b2006,b1123
b1123,b1124
b1124,b1125
b1125,b1126
b1126,b1128
b1128,b1130
b1130,b1131
b1131,b1133
b1133,b1137
b1137,b1138
b1138,b1140
b1140,b1143
b1143,b1144
b1144,b1145
b1145,b1146
b1146,b1147
b1147,b4798
b4798,b4799
b4799,b4800
b4800,b4801
b4801,b4802
b4802,b4803
b4803,b4804
b4804,b4805
b4805,b4807
b4807,b4808
b4808,b4809
b4809,b4810
b4810,b4811
b4811,b4813
b4813,b4814
b4814,b4815
b4815,b4816
b4816,b4817
b4817,b4818
b4818,b4819
b4819,b4820
b4820,b4821
b4821,b4822
b4822,b4823
b4823,b4824
b4824,b4826
b4826,b4828
b4828,b4829
b4829,b4830
b4830,b4831
b4831,b4832
b4832,b4833
b4833,b4834
b4834,b4835
b4835,b4836
b4836,b4838
b4838,b4840
b4840,b4842
b4842,b4844
b4844,b4845
b4845,b4846
b4846,b4847
b4847,b4848
b4848,b4849
b4849,b484
b484,b486
b486,b489
b489,b490
b490,b491
b491,b492
b492,b493
b493,b495
b495,b496
b496,b497
b497,b499
b499,b500
b500,b505
b505,b506
b506,b507
b507,b508
b508,b509
b509,b8166
b8166,b8167
b8167,b8168
b8168,b8169
b8169,b8170
b8170,b8171
b8171,b8172
b8172,b8173
b8173,b8174
b8174,b8175
b8175,b5118
b5118,b5119
b5119,b5120
b5120,b5121
b5121,b5122
b5122,b5123
b5123,b5124
b5124,b5125
b5125,b1907
b1907,b1908
b1908,b1909
b1909,b1910
b1910,b1911
b1911,b1912
b1912,b1913
b1913,b1914
b1914,b1915
b1915,b5687
b5687,b5689
b5689,b5500
b5500,b5501
b5501,b5502
b5502,b5503
b5503,b5504
b5504,b5505
b5505,b5390
b5390,b5391
b5391,b5392
b5392,b5393
b5393,b5394
b5394,b5231
b5231,b3324
b3324,b3325
b3325,b3327
b3327,b3328
b3328,b3329
b3329,b3331
b3331,b3332
b3332,b3333
b3333,b3335
b3335,b3336
b3336,b3337
b3337,b3339
b3339,b3340
b3340,b3341
b3341,b3343
b3343,b3344
b3344,b3345
b3345,b3347
b3347,b3348
b3348,b3352
b3352,b3354
b3354,b3355
b3355,b3359
b3359,b3360
b3360,b3362
b3362,b3363
b3363,b4254
b4254,b4180
b4180,b4181
b4181,b4182
b4182,b4183
b4183,b4184
b4184,b4186
b4186,b4187
b4187,b4188
b4188,b4189
b4189,b4190
b4190,b4191
b4191,b4192
b4192,b4193
b4193,b4194
b4194,b4195
b4195,b4196
b4196,b4197
b4197,b4198
b4198,b4199
b4199,b4200
b4200,b4201
b4201,b4202
b4202,b4203
b4203,b4204
b4204,b4205
b4205,b4206
b4206,b4207
b4207,b4208
b4208,b4209
b4209,b4210
b4210,b4212
b4212,b4213
b4213,b4214
b4214,b4215
b4215,b4216
b4216,b4217
b4217,b4218
b4218,b4219
b4219,b4220
b4220,b4221
b4221,b4222
b4222,b4223
b4223,b4224
b4224,b4225
b4225,b4226
b4226,b4227
b4227,b4228
b4228,b4232
b4232,b4239
b4239,b4242
b4242,b4243
b4243,b4245
b4245,b4247
b4247,b4251
b4251,b4252
b4252,b4255
b4255,b4256
b4256,b4257
b4257,b4258
b4258,b4259
b4259,b4260
b4260,b4261
b4261,b4262
b4262,b4263
b4263,b4264
b4264,b4265
b4265,b4266
b4266,b4267
b4267,b4268
b4268,b4269
b4269,b4270
b4270,b4271
b4271,b4272
b4272,b4273
b4273,b4274
b4274,b4275
b4275,b4276
b4276,b4278
b4278,b4279
b4279,b4280
b4280,b4281
b4281,b4282
b4282,b4283
b4283,b4284
b4284,b4285
b4285,b4286
b4286,b4287
b4287,b4288
b4288,b4289
b4289,b4290
b4290,b4291
b4291,b4292
b4292,b4293
b4293,b4294
b4294,b4295
b4295,b4296
b4296,b4297
b4297,b4298
b4298,b4299
b4299,b4300
b4300,b4301
b4301,b4302
b4302,b4303
b4303,b4304
b4304,b4305
b4305,b4306
b4306,b4307
b4307,b4308
b4308,b4309
b4309,b4310
b4310,b4311
b4311,b4312
b4312,b4313
b4313,b4314
b4314,b4315
b4315,b4316
b4316,b4317
b4317,b4318
b4318,b4319
b4319,b4549
b4549,b4550
b4550,b4551
b4551,b4552
b4552,b4553
b4553,b4554
b4554,b4555
b4555,b4556
b4556,b4557
b4557,b4558
b4558,b4559
b4559,b4561
b4561,b4562
b4562,b4563
b4563,b4564
b4564,b4565
b4565,b4566
b4566,b4567
b4567,b4569
b4569,b4570
b4570,b4571
b4571,b4572
b4572,b4573
b4573,b4574
b4574,b4575
b4575,b4576
b4576,b4577
b4577,b4578
b4578,b4579
b4579,b4580
b4580,b4581
b4581,b4582
b4582,b4584
b4584,b4585
b4585,b4586
b4586,b4587
b4587,b4588
b4588,b4589
b4589,b4590
b4590,b4591
b4591,b4592
b4592,b4593
b4593,b4594
b4594,b4595
b4595,b4596
b4596,b4598
b4598,b4599
b4599,b4600
b4600,b4601
b4601,b4602
b4602,b4603
b4603,b4604
b4604,b4605
b4605,b4606
b4606,b4607
b4607,b4608
b4608,b5184
b5184,b5185
b5185,b5186
b5186,b5187
b5187,b5188
b5188,b5189
b5189,b5190
b5190,b5191
b5191,b5192
b5192,b5193
b5193,b5246
b5246,b5247
b5247,b5248
b5248,b5249
b5249,b3650
b3650,b3651
b3651,b3652
b3652,b3653
b3653,b3654
b3654,b3655
b3655,b3656
b3656,b3657
b3657,b3658
b3658,b3659
b3659,b3660
b3660,b3661
b3661,b3662
b3662,b3663
b3663,b3664
b3664,b3665
b3665,b3666
b3666,b3667
b3667,b3668
b3668,b3669
b3669,b3670
b3670,b3671
b3671,b3673
b3673,b3674
b3674,b3675
b3675,b3677
b3677,b3678
b3678,b3679
b3679,b3680
b3680,b3681
b3681,b3682
b3682,b3683
b3683,b3684
b3684,b3685
b3685,b3686
b3686,b3687
b3687,b3688
b3688,b3689
b3689,b3690
b3690,b3691
b3691,b3692
b3692,b3693
b3693,b3694
b3694,b3695
b3695,b3696
b3696,b3697
b3697,b3698
b3698,b3699
b3699,b3700
b3700,b3701
b3701,b3702
b3702,b3703
b3703,b3704
b3704,b3705
b3705,b3706
b3706,b3707
b3707,b3708
b3708,b3709
b3709,b3710
b3710,b3711
b3711,b3712
b3712,b3713
b3713,b3714
b3714,b3715
b3715,b3716
b3716,b3717
b3717,b3718
b3718,b3719
b3719,b3720
b3720,b3721
b3721,b3722
b3722,b3723
b3723,b3724
b3724,b3725
b3725,b3726
b3726,b3727
b3727,b3728
b3728,b3729
b3729,b3730
b3730,b3731
b3731,b3732
b3732,b3733
b3733,b3734
b3734,b3735
b3735,b3736
b3736,b3737
b3737,b3738
b3738,b3739
b3739,b3740
b3740,b3741
b3741,b3742
b3742,b3743
b3743,b3744
b3744,b3745
b3745,b3746
b3746,b3747
b3747,b3748
b3748,b3749
b3749,b7607
b7607,b7608
b7608,b7609
b7609,b7610
b7610,b7611
b7611,b7612
b7612,b7613
b7613,b7614
b7614,b7615
b7615,b7616
b7616,b7617
b7617,b7618
b7618,b7619
b7619,b7620
b7620,b7621
b7621,b7622
b7622,b7623
b7623,b7624
b7624,b7625
b7625,b7626
b7626,b7627
b7627,b7628
b7628,b7629
b7629,b7630
b7630,b7631
b7631,b7632
b7632,b7633
b7633,b7634
b7634,b7635
b7635,b7636
b7636,b7637
b7637,b7638
b7638,b7639
b7639,b7640
b7640,b7641
b7641,b7642
b7642,b7643
b7643,b7644
b7644,b7645
b7645,b7646
b7646,b7647
b7647,b7648
b7648,b7649
b7649,b7650
b7650,b7651
b7651,b7652
b7652,b7653
b7653,b7654
b7654,b7655
b7655,b7656
b7656,b1822
b1822,b1823
b1823,b1824
b1824,b1825
b1825,b1826
b1826,b1827
b1827,b1828
b1828,b1829
b1829,b1830
b1830,b1831
b1831,b5710
b5710,b5711
b5711,b5712
b5712,b2629
b2629,b2630
b2630,b2631
b2631,b2632
b2632,b2633
b2633,b2634
b2634,b2637
b2637,b2638
b2638,b2640
b2640,b2642
b2642,b2643
b2643,b2645
b2645,b2647
b2647,b2649
b2649,b2650
b2650,b2652
b2652,b2653
b2653,b2654
b2654,b2656
b2656,b2657
b2657,b2658
b2658,b2659
b2659,b2661
b2661,b2662
b2662,b2663
b2663,b2664
b2664,b2667
b2667,b61
b61,b62
b62,b63
b63,b64
b64,b65
b65,b66
b66,b67
b67,b68
b68,b69
b69,b70
b70,b3462
b3462,b3463
b3463,b3464
b3464,b3465
b3465,b3467
b3467,b3468
b3468,b3469
b3469,b3470
b3470,b3471
b3471,b3472
b3472,b3473
b3473,b3474
b3474,b3475
b3475,b3477
b3477,b3478
b3478,b3479
b3479,b3480
b3480,b3481
b3481,b3482
b3482,b3483
b3483,b3484
b3484,b3485
b3485,b3486
b3486,b3487
b3487,b3488
b3488,b3489
b3489,b3490
b3490,b3491
b3491,b3492
b3492,b3493
b3493,b3494
b3494,b3495
b3495,b3496
b3496,b3497
b3497,b3498
b3498,b3499
b3499,b3500
b3500,b3501
b3501,b3502
b3502,b3503
b3503,b3504
b3504,b3505
b3505,b3506
b3506,b3507
b3507,b3508
b3508,b3509
b3509,b3510
b3510,b3511
b3511,b3512
b3512,b3513
b3513,b3515
b3515,b3516
b3516,b3517
b3517,b3518
b3518,b3519
b3519,b3520
b3520,b3521
b3521,b3522
b3522,b3523
b3523,b3524
b3524,b3525
b3525,b3526
b3526,b3527
b3527,b3528
b3528,b3529
b3529,b3530
b3530,b3531
b3531,b3532
b3532,b3533
b3533,b3534
b3534,b3535
b3535,b3536
b3536,b3537
b3537,b3538
b3538,b3540
b3540,b3541
b3541,b3542
b3542,b3543
b3543,b3544
b3544,b3545
b3545,b3546
b3546,b3547
b3547,b3548
b3548,b3549
b3549,b3550
b3550,b3551
b3551,b3552
b3552,b3553
b3553,b3554
b3554,b3555
b3555,b3556
b3556,b3557
b3557,b3558
b3558,b3559
b3559,b3560
b3560,b1656
b1656,b1657
b1657,b1658
b1658,b1659
b1659,b1660
b1660,b1661
b1661,b1662
b1662,b1663
b1663,b1664
b1664,b21
b21,b22
b22,b23
b23,b24
b24,b25
b25,b26
b26,b27
b27,b28
b28,b29
b29,b7263
b7263,b7266
b7266,b7267
b7267,b7268
b7268,b7269
b7269,b7270
b7270,b7271
b7271,b7273
b7273,b7274
b7274,b7275
b7275,b7276
b7276,b7282
b7282,b7288
b7288,b7289
b7289,b7290
b7290,b7291
b7291,b7295
b7295,b7297
b7297,b7298
b7298,b7299
b7299,b7302
b7302,b7305
b7305,b7306
b7306,b7307
b7307,b7308
b7308,b7309
b7309,b7310
b7310,b7313
b7313,b7314
b7314,b7315
b7315,b7316
b7316,b7318
b7318,b7320
b7320,b7321
b7321,b7322
b7322,b7323
b7323,b7324
b7324,b7325
b7325,b7326
b7326,b7327
b7327,b7328
b7328,b7329
b7329,b7330
b7330,b7334
b7334,b7335
b7335,b7336
b7336,b7337
b7337,b7340
b7340,b7341
b7341,b7342
b7342,b7343
b7343,b7346
b7346,b7349
b7349,b7356
b7356,b7359
b7359,b7360
b7360,b2708
b2708,b2709
b2709,b2710
b2710,b2711
b2711,b2712
b2712,b2713
b2713,b2715
b2715,b2716
b2716,b2718
b2718,b2719
b2719,b2720
b2720,b2721
b2721,b2723
b2723,b2724
b2724,b2725
b2725,b2727
b2727,b2728
b2728,b2729
b2729,b2731
b2731,b2732
b2732,b2733
b2733,b2736
b2736,b2737
b2737,b2739
b2739,b2740
b2740,b2741
b2741,b2742
b2742,b2743
b2743,b2744
b2744,b2745
b2745,b2747
b2747,b5287
b5287,b5288
b5288,b5289
b5289,b5290
b5290,b5291
b5291,b5401
b5401,b5402
b5402,b2185
b2185,b2186
b2186,b2187
b2187,b2188
b2188,b2189
b2189,b2190
b2190,b2191
b2191,b2192
b2192,b2193
b2193,b2194
b2194,b2195
b2195,b2196
b2196,b2197
b2197,b2198
b2198,b2199
b2199,b2202
b2202,b2204
b2204,b2206
b2206,b2208
b2208,b2210
b2210,b2213
b2213,b2214
b2214,b2215
b2215,b2216
b2216,b2218
b2218,b2219
b2219,b2220
b2220,b2221
b2221,b2222
b2222,b2223
b2223,b2224
b2224,b2226
b2226,b2227
b2227,b2229
b2229,b2230
b2230,b2231
b2231,b2232
b2232,b2233
b2233,b5590
b5590,b5591
b5591,b5592
b5592,b5593
b5593,b5594
b5594,b5595
b5595,b5596
b5596,b5597
b5597,b5598
b5598,b4060
b4060,b4062
b4062,b4063
b4063,b4064
b4064,b4065
b4065,b4067
b4067,b4069
b4069,b4070
b4070,b4071
b4071,b4072
b4072,b4074
b4074,b4075
b4075,b4076
b4076,b4077
b4077,b4079
b4079,b4080
b4080,b4081
b4081,b4082
b4082,b4083
b4083,b4084
b4084,b4085
b4085,b4087
b4087,b4089
b4089,b4090
b4090,b4091
b4091,b4092
b4092,b4093
b4093,b4094
b4094,b4095
b4095,b4096
b4096,b4097
b4097,b4098
b4098,b4099
b4099,b4100
b4100,b4101
b4101,b4102
b4102,b4103
b4103,b4104
b4104,b4105
b4105,b4106
b4106,b4107
b4107,b4108
b4108,b4109
b4109,b4110
b4110,b4112
b4112,b4114
b4114,b4115
b4115,b4116
b4116,b4117
b4117,b4118
b4118,b4119
b4119,b4120
b4120,b4121
b4121,b4122
b4122,b4123
b4123,b4124
b4124,b4125
b4125,b4126
b4126,b4127
b4127,b4128
b4128,b4129
b4129,b4130
b4130,b4131
b4131,b4132
b4132,b4135
b4135,b4138
b4138,b4139
b4139,b6974
b6974,b6975
b6975,b6976
b6976,b6978
b6978,b6979
b6979,b6981
b6981,b6982
b6982,b6983
b6983,b6984
b6984,b6985
b6985,b6987
b6987,b6988
b6988,b6989
b6989,b6990
b6990,b6992
b6992,b6994
b6994,b6995
b6995,b6997
b6997,b6998
b6998,b6999
b6999,b7000
b7000,b7001
b7001,b7002
b7002,b7003
b7003,b7004
b7004,b7007
b7007,b7008
b7008,b7012
b7012,b7013
b7013,b7017
b7017,b7018
b7018,b1767
b1767,b1769
b1769,b1770
b1770,b1771
b1771,b1772
b1772,b1773
b1773,b1774
b1774,b1775
b1775,b1776
b1776,b3750
b3750,b3751
b3751,b3752
b3752,b3753
b3753,b3754
b3754,b3755
b3755,b3756
b3756,b3757
b3757,b3758
b3758,b3759
b3759,b3760
b3760,b3761
b3761,b3762
b3762,b3763
b3763,b3764
b3764,b3765
b3765,b3766
b3766,b3767
b3767,b3768
b3768,b3769
b3769,b3770
b3770,b3771
b3771,b3772
b3772,b3773
b3773,b3774
b3774,b3775
b3775,b3776
b3776,b3777
b3777,b3778
b3778,b3779
b3779,b3780
b3780,b3781
b3781,b3782
b3782,b3783
b3783,b3785
b3785,b3786
b3786,b3787
b3787,b3788
b3788,b3789
b3789,b3790
b3790,b3791
b3791,b3792
b3792,b3793
b3793,b3794
b3794,b3795
b3795,b3796
b3796,b3797
b3797,b3798
b3798,b3799
b3799,b3800
b3800,b3801
b3801,b3802
b3802,b3803
b3803,b3804
b3804,b3805
b3805,b3806
b3806,b3807
b3807,b3809
b3809,b3811
b3811,b3812
b3812,b3813
b3813,b3814
b3814,b3815
b3815,b3816
b3816,b3817
b3817,b3818
b3818,b3819
b3819,b3820
b3820,b3821
b3821,b3822
b3822,b3823
b3823,b3824
b3824,b3825
b3825,b3826
b3826,b3827
b3827,b3828
b3828,b3829
b3829,b3830
b3830,b3831
b3831,b3832
b3832,b3833
b3833,b3834
b3834,b3835
b3835,b3836
b3836,b3837
b3837,b3838
b3838,b3839
b3839,b3840
b3840,b3841
b3841,b3842
b3842,b3843
b3843,b3844
b3844,b3845
b3845,b3846
b3846,b3847
b3847,b3848
b3848,b3849
b3849,b3850
b3850,b3851
b3851,b3852
b3852,b3853
b3853,b3854
b3854,b3855
b3855,b3856
b3856,b3857
b3857,b3858
b3858,b3859
b3859,b3860
b3860,b3861
b3861,b3862
b3862,b3863
b3863,b3864
b3864,b3865
b3865,b3866
b3866,b3867
b3867,b3868
b3868,b3869
b3869,b3870
b3870,b3871
b3871,b3872
b3872,b3873
b3873,b3874
b3874,b3875
b3875,b3876
b3876,b3877
b3877,b3878
b3878,b3879
b3879,b3880
b3880,b3881
b3881,b3882
b3882,b3883
b3883,b3884
b3884,b3885
b3885,b3886
b3886,b3887
b3887,b3888
b3888,b3889
b3889,b3890
b3890,b3891
b3891,b3892
b3892,b3893
b3893,b3894
b3894,b3895
b3895,b3896
b3896,b3897
b3897,b3898
b3898,b3899
b3899,b3900
b3900,b3901
b3901,b3902
b3902,b3903
b3903,b3904
b3904,b3905
b3905,b3906
b3906,b3907
b3907,b3908
b3908,b3909
b3909,b3910
b3910,b3911
b3911,b3912
b3912,b3913
b3913,b3914
b3914,b3915
b3915,b3916
b3916,b3917
b3917,b3918
b3918,b3919
b3919,b3920
b3920,b3921
b3921,b3922
b3922,b3923
b3923,b3924
b3924,b3925
b3925,b3926
b3926,b3927
b3927,b3928
b3928,b3929
b3929,b3930
b3930,b3931
b3931,b3932
b3932,b3933
b3933,b3934
b3934,b3936
b3936,b3937
b3937,b3938
b3938,b3939
b3939,b3940
b3940,b3941
b3941,b3942
b3942,b3943
b3943,b3944
b3944,b3945
b3945,b3946
b3946,b3948
b3948,b3949
b3949,b3950
b3950,b3951
b3951,b3952
b3952,b3953
b3953,b3954
b3954,b3955
b3955,b3956
b3956,b3957
b3957,b3958
b3958,b3959
b3959,b566
b566,b568
b568,b570
b570,b574
b574,b575
b575,b576
b576,b577
b577,b578
b578,b580
b580,b581
b581,b583
b583,b584
b584,b589
b589,b590
b590,b591
b591,b592
b592,b593
b593,b5259
b5259,b2038
b2038,b2039
b2039,b2040
b2040,b2042
b2042,b2043
b2043,b2044
b2044,b2045
b2045,b2046
b2046,b8474
b8474,b8475
b8475,b8476
b8476,b8477
b8477,b8478
b8478,b8479
b8479,b8480
b8480,b8481
b8481,b8482
b8482,b8483
b8483,b8564
b8564,b8565
b8565,b8566
b8566,b8567
b8567,b8568
b8568,b8569
b8569,b8570
b8570,b8571
b8571,b8572
b8572,b8573
b8573,b1530
b1530,b1531
b1531,b1532
b1532,b1533
b1533,b1534
b1534,b1535
b1535,b1536
b1536,b1537
b1537,b1538
b1538,b1539
b1539,b1705
b1705,b1706
b1706,b1707
b1707,b1708
b1708,b1709
b1709,b1710
b1710,b1712
b1712,b1713
b1713,b1714
b1714,b3960
b3960,b3961
b3961,b3963
b3963,b3964
b3964,b3965
b3965,b3966
b3966,b3967
b3967,b3969
b3969,b3970
b3970,b3972
b3972,b3973
b3973,b3974
b3974,b3976
b3976,b3978
b3978,b3979
b3979,b3980
b3980,b3983
b3983,b3984
b3984,b3985
b3985,b3986
b3986,b3987
b3987,b3988
b3988,b3989
b3989,b3990
b3990,b3991
b3991,b3992
b3992,b3993
b3993,b3995
b3995,b3996
b3996,b3997
b3997,b3999
b3999,b4000
b4000,b4001
b4001,b4002
b4002,b4003
b4003,b4004
b4004,b4005
b4005,b4006
b4006,b4007
b4007,b4008
b4008,b4009
b4009,b4010
b4010,b4011
b4011,b4012
b4012,b4013
b4013,b4014
b4014,b4015
b4015,b4016
b4016,b4017
b4017,b4018
b4018,b4019
b4019,b4020
b4020,b4021
b4021,b4022
b4022,b4023
b4023,b4024
b4024,b4025
b4025,b4026
b4026,b4028
b4028,b4029
b4029,b4030
b4030,b4031
b4031,b4032
b4032,b4033
b4033,b4034
b4034,b4035
b4035,b4036
b4036,b4037
b4037,b4038
b4038,b4039
b4039,b4040
b4040,b4041
b4041,b4042
b4042,b4043
b4043,b4044
b4044,b4045
b4045,b4046
b4046,b4047
b4047,b4048
b4048,b4049
b4049,b4051
b4051,b4053
b4053,b4054
b4054,b4055
b4055,b4056
b4056,b4057
b4057,b4058
b4058,b5473
b5473,b5474
b5474,b5475
b5475,b8534
b8534,b8535
b8535,b8536
b8536,b8537
b8537,b8538
b8538,b8539
b8539,b8541
b8541,b8542
b8542,b8543
b8543,b1262
b1262,b1263
b1263,b1268
b1268,b1269
b1269,b1271
b1271,b1274
b1274,b1275
b1275,b1276
b1276,b1277
b1277,b1279
b1279,b1280
b1280,b1282
b1282,b1283
b1283,b1284
b1284,b1286
b1286,b6254
b6254,b6255
b6255,b6256
b6256,b6257
b6257,b6258
b6258,b6259
b6259,b6260
b6260,b6261
b6261,b6262
b6262,b6263
b6263,b6264
b6264,b6265
b6265,b6266
b6266,b6267
b6267,b6268
b6268,b6269
b6269,b6270
b6270,b6271
b6271,b6272
b6272,b6273
b6273,b6274
b6274,b6275
b6275,b6276
b6276,b6277
b6277,b6278
b6278,b6279
b6279,b6280
b6280,b6281
b6281,b6282
b6282,b6283
b6283,b6284
b6284,b6285
b6285,b6286
b6286,b6287
b6287,b6288
b6288,b6289
b6289,b6290
b6290,b6291
b6291,b6292
b6292,b6293
b6293,b6294
b6294,b6295
b6295,b6296
b6296,b6297
b6297,b6298
b6298,b6299
b6299,b6300
b6300,b6301
b6301,b6302
b6302,b6303
b6303,b6304
b6304,b6305
b6305,b6306
b6306,b6307
b6307,b6308
b6308,b6309
b6309,b6310
b6310,b6311
b6311,b6312
b6312,b6313
b6313,b6314
b6314,b6315
b6315,b6316
b6316,b6317
b6317,b6318
b6318,b6319
b6319,b6320
b6320,b6321
b6321,b6322
b6322,b6323
b6323,b6324
b6324,b6325
b6325,b6326
b6326,b6327
b6327,b6328
b6328,b6329
b6329,b6330
b6330,b6331
b6331,b6332
b6332,b6333
b6333,b6334
b6334,b6335
b6335,b6336
b6336,b6337
b6337,b6338
b6338,b6339
b6339,b6340
b6340,b6341
b6341,b6342
b6342,b6343
b6343,b6344
b6344,b6345
b6345,b6346
b6346,b6347
b6347,b6348
b6348,b6349
b6349,b6350
b6350,b6351
b6351,b6352
b6352,b6353
b6353,b6354
b6354,b6355
b6355,b6356
b6356,b6357
b6357,b6358
b6358,b6359
b6359,b6360
b6360,b6361
b6361,b6362
b6362,b6363
b6363,b6364
b6364,b6365
b6365,b6366
b6366,b6367
b6367,b6368
b6368,b6369
b6369,b6370
b6370,b6371
b6371,b6372
b6372,b6373
b6373,b6374
b6374,b6375
b6375,b6376
b6376,b6377
b6377,b5056
b5056,b5057
b5057,b5058
b5058,b5059
b5059,b5060
b5060,b5061
b5061,b5062
b5062,b5063
b5063,b5064
b5064,b5065
b5065,b5066
b5066,b5067
b5067,b5068
b5068,b5069
b5069,b5070
b5070,b5071
b5071,b5072
b5072,b5073
b5073,b5074
b5074,b5075
b5075,b5076
b5076,b5077
b5077,b5078
b5078,b5079
b5079,b5080
b5080,b5081
b5081,b5082
b5082,b5083
b5083,b2559
b2559,b2560
b2560,b2561
b2561,b2562
b2562,b2563
b2563,b2564
b2564,b2565
b2565,b2566
b2566,b2567
b2567,b2568
b2568,b2569
b2569,b2570
b2570,b2571
b2571,b2572
b2572,b2573
b2573,b2574
b2574,b2575
b2575,b2577
b2577,b2578
b2578,b2579
b2579,b2580
b2580,b2581
b2581,b2582
b2582,b2583
b2583,b2584
b2584,b2585
b2585,b2586
b2586,b2587
b2587,b2588
b2588,b3561
b3561,b3562
b3562,b3563
b3563,b3565
b3565,b3566
b3566,b3567
b3567,b3568
b3568,b3569
b3569,b3570
b3570,b3571
b3571,b3572
b3572,b3573
b3573,b3574
b3574,b3575
b3575,b3576
b3576,b3577
b3577,b3578
b3578,b3579
b3579,b3580
b3580,b3581
b3581,b3582
b3582,b3583
b3583,b3584
b3584,b3585
b3585,b3586
b3586,b3587
b3587,b3589
b3589,b3590
b3590,b3591
b3591,b3592
b3592,b3593
b3593,b3594
b3594,b3595
b3595,b3596
b3596,b3597
b3597,b3598
b3598,b3599
b3599,b3600
b3600,b3601
b3601,b3602
b3602,b3603
b3603,b3604
b3604,b3605
b3605,b3606
b3606,b3607
b3607,b3608
b3608,b3609
b3609,b3610
b3610,b6154
b6154,b6155
b6155,b6156
b6156,b6157
b6157,b6158
b6158,b6159
b6159,b6160
b6160,b6161
b6161,b6162
b6162,b6163
b6163,b6164
b6164,b6165
b6165,b6166
b6166,b6167
b6167,b6168
b6168,b6169
b6169,b6170
b6170,b6171
b6171,b6172
b6172,b6173
b6173,b6174
b6174,b6175
b6175,b6176
b6176,b6177
b6177,b6178
b6178,b6179
b6179,b6180
b6180,b6181
b6181,b6182
b6182,b6183
b6183,b6184
b6184,b6185
b6185,b6186
b6186,b6187
b6187,b6188
b6188,b6189
b6189,b6190
b6190,b6191
b6191,b6192
b6192,b6193
b6193,b6194
b6194,b6195
b6195,b6196
b6196,b6197
b6197,b6198
b6198,b6199
b6199,b6200
b6200,b6201
b6201,b6202
b6202,b6203
b6203,b11399
b11399,b11400
b11400,b11401
b11401,b11402
b11402,b11405
b11405,b11406
b11406,b11407
b11407,b11408
b11408,b11409
b11409,b11410
b11410,b11411
b11411,b11412
b11412,b11414
b11414,b11415
b11415,b11416
b11416,b11417
b11417,b11418
b11418,b11419
b11419,b11420
b11420,b11422
b11422,b11423
b11423,b11425
b11425,b11427
b11427,b7657
b7657,b7659
b7659,b7660
b7660,b7661
b7661,b7662
b7662,b7663
b7663,b7664
b7664,b7665
b7665,b7666
b7666,b7667
b7667,b7668
b7668,b7669
b7669,b7670
b7670,b7671
b7671,b7672
b7672,b7673
b7673,b7674
b7674,b7675
b7675,b7676
b7676,b7677
b7677,b7678
b7678,b7679
b7679,b7680
b7680,b7681
b7681,b7682
b7682,b7683
b7683,b7684
b7684,b7685
b7685,b7686
b7686,b3211
b3211,b7181
b7181,b7182
b7182,b7183
b7183,b7184
b7184,b7185
b7185,b7186
b7186,b7187
b7187,b7188
b7188,b7189
b7189,b7190
b7190,b7191
b7191,b7192
b7192,b7193
b7193,b7194
b7194,b7195
b7195,b7196
b7196,b7197
b7197,b7198
b7198,b7199
b7199,b7200
b7200,b7201
b7201,b7202
b7202,b7203
b7203,b7204
b7204,b7205
b7205,b7206
b7206,b7207
b7207,b7208
b7208,b7209
b7209,b7210
b7210,b7211
b7211,b7212
b7212,b7213
b7213,b7214
b7214,b7215
b7215,b7216
b7216,b7217
b7217,b7218
b7218,b7219
b7219,b7220
b7220,b7221
b7221,b7222
b7222,b7223
b7223,b7224
b7224,b7225
b7225,b7226
b7226,b7227
b7227,b7228
b7228,b7229
b7229,b7230
b7230,b7581
b7581,b7509
b7509,b7511
b7511,b7512
b7512,b7513
b7513,b7514
b7514,b7517
b7517,b7520
b7520,b7525
b7525,b7536
b7536,b7537
b7537,b7546
b7546,b7550
b7550,b7552
b7552,b7553
b7553,b7554
b7554,b7555
b7555,b7556
b7556,b7558
b7558,b7560
b7560,b7562
b7562,b7564
b7564,b7565
b7565,b7567
b7567,b7572
b7572,b7574
b7574,b7578
b7578,b7579
b7579,b7580
b7580,b7582
b7582,b7584
b7584,b7585
b7585,b7586
b7586,b7588
b7588,b7590
b7590,b7591
b7591,b7592
b7592,b7593
b7593,b7594
b7594,b7595
b7595,b7596
b7596,b7597
b7597,b7601
b7601,b7603
b7603,b7604
b7604,b7605
b7605,b7606
b7606,b6876
b6876,b6877
b6877,b6878
b6878,b6879
b6879,b6880
b6880,b6881
b6881,b6882
b6882,b6883
b6883,b6884
b6884,b6885
b6885,b6886
b6886,b6887
b6887,b6888
b6888,b6889
b6889,b6890
b6890,b6891
b6891,b6892
b6892,b6893
b6893,b6894
b6894,b6895
b6895,b6896
b6896,b6897
b6897,b6898
b6898,b6899
b6899,b6900
b6900,b6901
b6901,b6902
b6902,b6903
b6903,b6904
b6904,b6905
b6905,b6906
b6906,b6907
b6907,b6908
b6908,b6909
b6909,b6910
b6910,b6911
b6911,b6912
b6912,b6913
b6913,b6914
b6914,b6915
b6915,b6916
b6916,b6917
b6917,b6918
b6918,b6919
b6919,b6920
b6920,b6921
b6921,b6922
b6922,b6923
b6923,b6924
b6924,b6925
b6925,b3064
b3064,b3098
b3098,b3099
b3099,b3100
b3100,b3101
b3101,b3102
b3102,b3103
b3103,b3104
b3104,b3106
b3106,b3107
b3107,b3109
b3109,b3110
b3110,b3111
b3111,b3115
b3115,b3130
b3130,b3131
b3131,b3150
b3150,b3153
b3153,b4762
b4762,b4764
b4764,b4765
b4765,b4772
b4772,b4777
b4777,b4781
b4781,b4784
b4784,b4790
b4790,b4791
b4791,b4796
b4796,b4797
b4797,b4990
b4990,b4993
b4993,b4999
b4999,b5004
b5004,b5005
b5005,b5008
b5008,b5011
b5011,b5012
b5012,b5016
b5016,b5020
b5020,b5022
b5022,b5128
b5128,b5130
b5130,b5136
b5136,b5137
b5137,b5149
b5149,b5155
b5155,b5161
b5161,b5165
b5165,b5166
b5166,b11686
b11686,b11687
b11687,b11688
b11688,b11689
b11689,b11690
b11690,b11691
b11691,b11799
b11799,b11800
b11800,b11801
b11801,b11802
b11802,b11803
b11803,b11804
b11804,b12037
b12037,b12038
b12038,b12039
b12039,b12040
b12040,b12041
b12041,b12042
b12042,b12043
b12043,b12044
b12044,b12045
b12045,b12046
b12046,b11967
b11967,b11968
b11968,b11969
b11969,b11970
b11970,b11971
b11971,b11972
b11972,b11973
b11973,b11974
b11974,b11975
b11975,b11976
b11976,b12117
b12117,b12118
b12118,b12119
b12119,b12120
b12120,b12121
b12121,b12122
b12122,b12123
b12123,b12124
b12124,b12125
b12125,b12126
b12126,b12027
b12027,b12028
b12028,b12029
b12029,b12030
b12030,b12031
b12031,b12032
b12032,b12033
b12033,b12034
b12034,b12035
b12035,b12036
b12036,b12147
b12147,b12148
b12148,b12149
b12149,b12150
b12150,b12151
b12151,b12152
b12152,b12153
b12153,b12154
b12154,b12155
b12155,b12156
b12156,b11907
b11907,b11908
b11908,b11909
b11909,b11910
b11910,b11911
b11911,b11912
b11912,b11913
b11913,b11914
b11914,b11915
b11915,b11916
b11916,b12137
b12137,b12138
b12138,b12139
b12139,b12140
b12140,b12141
b12141,b12142
b12142,b12143
b12143,b12144
b12144,b12145
b12145,b12146
b12146,b11977
b11977,b11978
b11978,b11979
b11979,b11980
b11980,b11981
b11981,b11982
b11982,b11983
b11983,b11984
b11984,b11985
b11985,b11986
b11986,b11877
b11877,b11878
b11878,b11879
b11879,b11880
b11880,b11881
b11881,b11882
b11882,b11883
b11883,b11884
b11884,b11885
b11885,b11886
b11886,b12017
b12017,b12018
b12018,b12019
b12019,b12020
b12020,b12021
b12021,b12022
b12022,b12023
b12023,b12024
b12024,b12025
b12025,b12026
b12026,b11887
b11887,b11888
b11888,b11889
b11889,b11890
b11890,b11891
b11891,b11892
b11892,b11893
b11893,b11894
b11894,b11895
b11895,b11896
b11896,b11857
b11857,b11858
b11858,b11859
b11859,b11860
b11860,b11861
b11861,b11862
b11862,b11863
b11863,b11864
b11864,b11865
b11865,b11866
b11866,b11917
b11917,b11918
b11918,b11919
b11919,b11920
b11920,b11921
b11921,b11922
b11922,b11923
b11923,b11924
b11924,b11925
b11925,b11926
b11926,b11837
b11837,b11838
b11838,b11839
b11839,b11840
b11840,b11841
b11841,b11842
b11842,b11843
b11843,b11844
b11844,b11845
b11845,b11846
b11846,b12177
b12177,b12178
b12178,b12179
b12179,b12180
b12180,b12181
b12181,b12182
b12182,b12183
b12183,b12184
b12184,b12185
b12185,b12186
b12186,b12107
b12107,b12108
b12108,b12109
b12109,b12110
b12110,b12111
b12111,b12112
b12112,b12113
b12113,b12114
b12114,b12115
b12115,b12116
b12116,b12197
b12197,b12198
b12198,b12199
b12199,b12200
b12200,b12201
b12201,b12202
b12202,b12203
b12203,b12204
b12204,b12205
b12205,b12206
b12206,b11947
b11947,b11948
b11948,b11949
b11949,b11950
b11950,b11951
b11951,b11952
b11952,b11953
b11953,b11954
b11954,b11955
b11955,b11956
b11956,b12157
b12157,b12158
b12158,b12159
b12159,b12160
b12160,b12161
b12161,b12162
b12162,b12163
b12163,b12164
b12164,b12165
b12165,b12166
b12166,b11827
b11827,b11828
b11828,b11829
b11829,b11830
b11830,b11831
b11831,b11832
b11832,b11833
b11833,b11834
b11834,b11835
b11835,b11836
b11836,b11997
b11997,b11998
b11998,b11999
b11999,b12000
b12000,b12001
b12001,b12002
b12002,b12003
b12003,b12004
b12004,b12005
b12005,b12006
b12006,b11927
b11927,b11928
b11928,b11929
b11929,b11930
b11930,b11931
b11931,b11932
b11932,b11933
b11933,b11934
b11934,b11935
b11935,b11936
b11936,b11817
b11817,b11818
b11818,b11819
b11819,b11820
b11820,b11821
b11821,b11822
b11822,b11823
b11823,b11824
b11824,b11825
b11825,b11826
b11826,b11897
b11897,b11898
b11898,b11899
b11899,b11900
b11900,b11901
b11901,b11902
b11902,b11903
b11903,b11904
b11904,b11905
b11905,b11906
b11906,b11847
b11847,b11848
b11848,b11849
b11849,b11850
b11850,b11851
b11851,b11852
b11852,b11853
b11853,b11854
b11854,b11855
b11855,b11856
b11856,b11957
b11957,b11958
b11958,b11959
b11959,b11960
b11960,b11961
b11961,b11962
b11962,b11963
b11963,b11964
b11964,b11965
b11965,b11966
b11966,b11937
b11937,b11938
b11938,b11939
b11939,b11940
b11940,b11941
b11941,b11942
b11942,b11943
b11943,b11944
b11944,b11945
b11945,b11946
b11946,b11807
b11807,b11808
b11808,b11809
b11809,b11810
b11810,b11811
b11811,b11812
b11812,b11813
b11813,b11814
b11814,b11815
b11815,b11816
b11816,b12087
b12087,b12088
b12088,b12089
b12089,b12090
b12090,b12091
b12091,b12092
b12092,b12093
b12093,b12094
b12094,b12095
b12095,b12096
b12096,b12047
b12047,b12048
b12048,b12049
b12049,b12050
b12050,b12051
b12051,b12052
b12052,b12053
b12053,b12054
b12054,b12055
b12055,b12056
b12056,b12067
b12067,b12068
b12068,b12069
b12069,b12070
b12070,b12071
b12071,b12072
b12072,b12073
b12073,b12074
b12074,b12075
b12075,b12076
b12076,b11867
b11867,b11868
b11868,b11869
b11869,b11870
b11870,b11871
b11871,b11872
b11872,b11873
b11873,b11874
b11874,b11875
b11875,b11876
b11876,b12057
b12057,b12058
b12058,b12059
b12059,b12060
b12060,b12061
b12061,b12062
b12062,b12063
b12063,b12064
b12064,b12065
b12065,b12066
b12066,b12007
b12007,b12008
b12008,b12009
b12009,b12010
b12010,b12011
b12011,b12012
b12012,b12013
b12013,b12014
b12014,b12015
b12015,b12016
b12016,b11987
b11987,b11988
b11988,b11989
b11989,b11990
b11990,b11991
b11991,b11992
b11992,b11993
b11993,b11994
b11994,b11995
b11995,b11996
b11996,b12097
b12097,b12098
b12098,b12099
b12099,b12100
b12100,b12101
b12101,b12102
b12102,b12103
b12103,b12104
b12104,b12105
b12105,b12106
b12106,b12187
b12187,b12188
b12188,b12189
b12189,b12190
b12190,b12191
b12191,b12192
b12192,b12193
b12193,b12194
b12194,b12195
b12195,b12196
b12196,b12167
b12167,b12168
b12168,b12169
b12169,b12170
b12170,b12171
b12171,b12172
b12172,b12173
b12173,b12174
b12174,b12175
b12175,b12176
b12176,b11786
b11786,b11787
b11787,b11788
b11788,b11789
b11789,b11790
b11790,b11791
b11791,b11792
b11792,b11793
b11793,b11794
b11794,b11795
b11795,b11796
b11796,b11797
b11797,b11798
b11798,b11738
b11738,b11739
b11739,b11740
b11740,b11741
b11741,b11742
b11742,b11743
b11743,b11744
b11744,b11745
b11745,b11746
b11746,b11747
b11747,b11748
b11748,b11749
b11749,b11750
b11750,b11662
b11662,b11663
b11663,b11664
b11664,b11665
b11665,b11666
b11666,b11667
b11667,b11668
b11668,b11669
b11669,b11670
b11670,b11671
b11671,b11776
b11776,b11777
b11777,b11778
b11778,b11779
b11779,b11780
b11780,b11781
b11781,b11782
b11782,b11783
b11783,b11784
b11784,b11785
b11785,b11708
b11708,b11709
b11709,b11710
b11710,b11711
b11711,b11712
b11712,b11713
b11713,b11714
b11714,b11715
b11715,b11716
b11716,b11717
b11717,b11718
b11718,b11719
b11719,b11720
b11720,b11721
b11721,b11722
b11722,b11723
b11723,b11724
b11724,b11725
b11725,b11726
b11726,b11727
b11727,b11728
b11728,b11729
b11729,b11730
b11730,b11731
b11731,b11732
b11732,b11733
b11733,b11734
b11734,b11735
b11735,b11736
b11736,b11737
b11737,b11672
b11672,b11673
b11673,b11674
b11674,b11675
b11675,b11653
b11653,b11676
b11676,b11677
b11677,b11678
b11678,b11679
b11679,b11680
b11680,b11681
b11681,b11682
b11682,b11683
b11683,b11684
b11684,b11685
b11685,b11705
b11705,b11706
b11706,b11707
b11707,b1348
b1348,b1349
b1349,b1351
b1351,b1354
b1354,b1355
b1355,b1356
b1356,b1358
b1358,b1360
b1360,b1363
b1363,b1365
b1365,b1366
b1366,b1371
b1371,b1372
b1372,b1373
b1373,b1374
b1374,b1375
b1375,b11279
b11279,b11280
b11280,b11281
b11281,b11282
b11282,b11283
b11283,b11285
b11285,b11286
b11286,b11287
b11287,b11288
b11288,b11289
b11289,b11290
b11290,b11292
b11292,b11293
b11293,b11294
b11294,b11295
b11295,b11296
b11296,b11297
b11297,b11298
b11298,b11300
b11300,b11301
b11301,b11302
b11302,b11303
b11303,b11304
b11304,b11305
b11305,b11306
b11306,b11307
b11307,b2126
b2126,b2127
b2127,b2130
b2130,b2131
b2131,b2132
b2132,b2133
b2133,b2589
b2589,b2590
b2590,b2591
b2591,b2592
b2592,b2593
b2593,b2594
b2594,b2597
b2597,b2598
b2598,b2599
b2599,b2601
b2601,b2602
b2602,b2604
b2604,b2607
b2607,b2608
b2608,b2609
b2609,b2610
b2610,b2612
b2612,b2613
b2613,b2614
b2614,b2615
b2615,b2616
b2616,b2617
b2617,b2618
b2618,b2619
b2619,b2620
b2620,b2621
b2621,b2622
b2622,b2626
b2626,b2627
b2627,b2628
b2628,b5457
b5457,b5458
b5458,b5459
b5459,b5460
b5460,b5461
b5461,b1039
b1039,b1040
b1040,b1042
b1042,b1044
b1044,b1045
b1045,b1046
b1046,b1047
b1047,b1048
b1048,b1049
b1049,b1050
b1050,b1053
b1053,b1054
b1054,b1055
b1055,b1056
b1056,b1057
b1057,b1058
b1058,b1059
b1059,b1061
b1061,b1063
b1063,b1067
b1067,b1490
b1490,b1491
b1491,b1492
b1492,b1493
b1493,b1494
b1494,b1495
b1495,b1496
b1496,b1497
b1497,b1498
b1498,b1499
b1499,b368
b368,b370
b370,b371
b371,b372
b372,b373
b373,b374
b374,b375
b375,b376
b376,b378
b378,b380
b380,b382
b382,b383
b383,b384
b384,b386
b386,b388
b388,b390
b390,b391
b391,b394
b394,b259
b259,b261
b261,b266
b266,b273
b273,b275
b275,b276
b276,b277
b277,b278
b278,b279
b279,b280
b280,b284
b284,b1287
b1287,b1288
b1288,b1289
b1289,b1290
b1290,b1291
b1291,b1292
b1292,b1294
b1294,b1297
b1297,b1298
b1298,b1299
b1299,b1300
b1300,b1301
b1301,b1303
b1303,b1304
b1304,b1305
b1305,b1306
b1306,b1310
b1310,b1311
b1311,b1312
b1312,b1313
b1313,b1314
b1314,b1315
b1315,b1316
b1316,b2078
b2078,b2079
b2079,b2080
b2080,b2081
b2081,b2082
b2082,b2084
b2084,b2085
b2085,b1887
b1887,b1888
b1888,b1890
b1890,b1891
b1891,b1892
b1892,b1893
b1893,b1894
b1894,b1895
b1895,b197
b197,b198
b198,b199
b199,b200
b200,b201
b201,b203
b203,b204
b204,b205
b205,b206
b206,b208
b208,b209
b209,b212
b212,b216
b216,b217
b217,b218
b218,b220
b220,b2748
b2748,b2749
b2749,b2751
b2751,b2753
b2753,b2754
b2754,b2757
b2757,b2758
b2758,b2759
b2759,b2760
b2760,b2761
b2761,b2762
b2762,b2763
b2763,b2764
b2764,b2765
b2765,b2766
b2766,b2767
b2767,b2768
b2768,b2769
b2769,b2770
b2770,b2771
b2771,b2772
b2772,b2774
b2774,b2778
b2778,b2779
b2779,b2780
b2780,b2781
b2781,b2782
b2782,b2783
b2783,b2784
b2784,b2785
b2785,b2786
b2786,b2787
b2787,b2788
b2788,b2790
b2790,b2791
b2791,b2792
b2792,b2794
b2794,b2795
b2795,b2796
b2796,b2797
b2797,b2798
b2798,b2799
b2799,b2800
b2800,b2802
b2802,b2803
b2803,b1317
b1317,b1319
b1319,b1320
b1320,b1322
b1322,b1323
b1323,b1327
b1327,b1328
b1328,b1329
b1329,b1330
b1330,b1331
b1331,b1332
b1332,b1334
b1334,b1335
b1335,b1336
b1336,b1339
b1339,b1340
b1340,b1341
b1341,b1342
b1342,b1343
b1343,b1344
b1344,b288
b288,b289
b289,b292
b292,b294
b294,b295
b295,b297
b297,b298
b298,b299
b299,b301
b301,b306
b306,b308
b308,b1148
b1148,b1149
b1149,b1151
b1151,b1152
b1152,b1154
b1154,b1156
b1156,b1159
b1159,b1161
b1161,b1167
b1167,b1168
b1168,b1169
b1169,b1170
b1170,b1171
b1171,b1172
b1172,b1174
b1174,b1176
b1176,b6676
b6676,b6677
b6677,b6678
b6678,b6679
b6679,b6680
b6680,b6681
b6681,b6682
b6682,b6683
b6683,b6684
b6684,b6685
b6685,b6686
b6686,b6687
b6687,b6688
b6688,b6689
b6689,b6690
b6690,b6691
b6691,b6692
b6692,b6693
b6693,b6694
b6694,b6695
b6695,b6696
b6696,b6697
b6697,b6698
b6698,b6699
b6699,b6700
b6700,b6701
b6701,b6702
b6702,b6703
b6703,b6704
b6704,b6705
b6705,b6706
b6706,b6707
b6707,b6708
b6708,b6709
b6709,b6710
b6710,b6711
b6711,b6712
b6712,b6713
b6713,b6714
b6714,b6715
b6715,b6716
b6716,b6717
b6717,b6718
b6718,b6719
b6719,b6720
b6720,b6721
b6721,b6722
b6722,b6723
b6723,b6724
b6724,b6725
b6725,b6726
b6726,b6727
b6727,b6728
b6728,b6729
b6729,b6730
b6730,b6731
b6731,b6732
b6732,b6733
b6733,b6734
b6734,b6735
b6735,b6736
b6736,b6737
b6737,b6738
b6738,b6739
b6739,b6740
b6740,b6741
b6741,b6742
b6742,b6743
b6743,b6744
b6744,b6745
b6745,b6746
b6746,b6747
b6747,b6748
b6748,b6749
b6749,b6750
b6750,b6751
b6751,b6752
b6752,b6753
b6753,b6754
b6754,b6755
b6755,b6756
b6756,b6757
b6757,b6758
b6758,b6759
b6759,b6760
b6760,b6761
b6761,b6762
b6762,b6763
b6763,b6764
b6764,b6765
b6765,b6766
b6766,b6767
b6767,b6768
b6768,b6769
b6769,b6770
b6770,b6771
b6771,b6772
b6772,b6773
b6773,b6774
b6774,b6775
b6775,b848
b848,b849
b849,b850
b850,b853
b853,b854
b854,b855
b855,b857
b857,b858
b858,b861
b861,b862
b862,b863
b863,b864
b864,b866
b866,b867
b867,b868
b868,b869
b869,b870
b870,b874
b874,b875
b875,b876
b876,b877
b877,b397
b397,b398
b398,b399
b399,b400
b400,b401
b401,b402
b402,b403
b403,b405
b405,b406
b406,b408
b408,b410
b410,b411
b411,b413
b413,b414
b414,b415
b415,b417
b417,b420
b420,b8302
b8302,b514
b514,b516
b516,b518
b518,b519
b519,b520
b520,b521
b521,b523
b523,b524
b524,b525
b525,b526
b526,b527
b527,b528
b528,b529
b529,b530
b530,b531
b531,b532
b532,b534
b534,b538
b538,b539
b539,b540
b540,b7929
b7929,b7930
b7930,b7931
b7931,b7932
b7932,b7933
b7933,b7934
b7934,b7935
b7935,b7936
b7936,b7937
b7937,b7938
b7938,b823
b823,b824
b824,b825
b825,b826
b826,b827
b827,b829
b829,b830
b830,b831
b831,b832
b832,b833
b833,b834
b834,b835
b835,b836
b836,b837
b837,b838
b838,b840
b840,b842
b842,b843
b843,b845
b845,b846
b846,b847
b847,b423
b423,b424
b424,b425
b425,b427
b427,b428
b428,b430
b430,b431
b431,b432
b432,b435
b435,b439
b439,b440
b440,b442
b442,b444
b444,b445
b445,b446
b446,b447
b447,b448
b448,b449
b449,b451
b451,b8331
b8331,b8332
b8332,b8333
b8333,b8334
b8334,b8335
b8335,b8336
b8336,b8338
b8338,b1867
b1867,b1868
b1868,b1869
b1869,b1870
b1870,b1871
b1871,b1873
b1873,b1874
b1874,b1875
b1875,b1876
b1876,b7149
b7149,b7150
b7150,b7151
b7151,b7152
b7152,b7153
b7153,b7154
b7154,b7155
b7155,b7156
b7156,b7157
b7157,b7158
b7158,b7159
b7159,b7160
b7160,b7161
b7161,b7162
b7162,b7163
b7163,b7164
b7164,b7165
b7165,b7166
b7166,b7167
b7167,b7168
b7168,b7169
b7169,b7170
b7170,b7171
b7171,b7172
b7172,b7173
b7173,b7174
b7174,b7175
b7175,b7176
b7176,b7177
b7177,b7178
b7178,b7179
b7179,b7180
b7180,b452
b452,b453
b453,b454
b454,b455
b455,b456
b456,b457
b457,b458
b458,b461
b461,b466
b466,b467
b467,b468
b468,b469
b469,b470
b470,b471
b471,b473
b473,b474
b474,b475
b475,b476
b476,b477
b477,b478
b478,b479
b479,b8312
b8312,b8314
b8314,b12127
b12127,b12128
b12128,b12129
b12129,b12130
b12130,b12131
b12131,b12132
b12132,b12133
b12133,b12134
b12134,b12135
b12135,b12136
b12136,b11660
b11660,b11661
b11661,b1917
b1917,b1918
b1918,b1919
b1919,b1921
b1921,b1922
b1922,b1923
b1923,b1925
b1925,b1926
b1926,b596
b596,b597
b597,b599
b599,b601
b601,b604
b604,b605
b605,b606
b606,b607
b607,b609
b609,b612
b612,b615
b615,b622
b622,b623
b623,b624
b624,b2058
b2058,b2059
b2059,b2061
b2061,b2062
b2062,b2063
b2063,b2066
b2066,b2076
b2076,b2077
b2077,b3162
b3162,b3163
b3163,b3164
b3164,b3165
b3165,b3166
b3166,b3167
b3167,b3168
b3168,b3169
b3169,b3170
b3170,b3171
b3171,b3172
b3172,b3173
b3173,b3174
b3174,b3175
b3175,b3176
b3176,b3177
b3177,b3178
b3178,b3179
b3179,b3180
b3180,b3181
b3181,b3182
b3182,b3183
b3183,b3184
b3184,b3185
b3185,b3186
b3186,b3187
b3187,b3188
b3188,b3189
b3189,b3190
b3190,b3191
b3191,b3192
b3192,b3193
b3193,b3194
b3194,b3195
b3195,b3196
b3196,b3197
b3197,b3198
b3198,b3199
b3199,b3200
b3200,b3201
b3201,b3202
b3202,b3203
b3203,b3204
b3204,b3205
b3205,b3206
b3206,b3207
b3207,b3208
b3208,b3209
b3209,b3210
b3210,b3212
b3212,b3213
b3213,b3215
b3215,b3216
b3216,b3217
b3217,b3218
b3218,b3219
b3219,b3220
b3220,b3221
b3221,b3222
b3222,b3223
b3223,b3224
b3224,b3226
b3226,b3227
b3227,b3229
b3229,b3230
b3230,b3231
b3231,b3232
b3232,b3233
b3233,b3235
b3235,b3236
b3236,b3237
b3237,b3238
b3238,b3239
b3239,b3240
b3240,b3241
b3241,b3242
b3242,b3244
b3244,b3246
b3246,b3247
b3247,b3248
b3248,b3251
b3251,b3254
b3254,b3256
b3256,b3257
b3257,b3258
b3258,b1376
b1376,b1377
b1377,b1378
b1378,b1379
b1379,b1380
b1380,b1381
b1381,b1382
b1382,b1383
b1383,b1384
b1384,b1385
b1385,b1387
b1387,b1388
b1388,b1389
b1389,b1391
b1391,b1392
b1392,b1396
b1396,b1397
b1397,b1399
b1399,b1400
b1400,b935
b935,b937
b937,b939
b939,b941
b941,b942
b942,b943
b943,b947
b947,b948
b948,b949
b949,b950
b950,b951
b951,b953
b953,b954
b954,b955
b955,b956
b956,b957
b957,b2844
b2844,b2845
b2845,b2847
b2847,b2848
b2848,b2849
b2849,b2850
b2850,b2851
b2851,b2852
b2852,b2853
b2853,b2858
b2858,b2859
b2859,b2868
b2868,b2871
b2871,b2872
b2872,b2874
b2874,b2875
b2875,b2876
b2876,b2877
b2877,b2878
b2878,b2879
b2879,b2880
b2880,b2881
b2881,b2882
b2882,b2883
b2883,b2884
b2884,b2885
b2885,b2886
b2886,b2887
b2887,b2888
b2888,b2889
b2889,b2890
b2890,b2891
b2891,b2892
b2892,b2893
b2893,b2894
b2894,b2895
b2895,b2896
b2896,b2897
b2897,b2898
b2898,b7261
b7261,b7262
b7262,b7264
b7264,b7265
b7265,b7272
b7272,b7277
b7277,b7278
b7278,b7279
b7279,b7280
b7280,b7281
b7281,b7283
b7283,b7284
b7284,b7285
b7285,b7286
b7286,b7287
b7287,b7292
b7292,b7293
b7293,b7294
b7294,b7296
b7296,b7300
b7300,b7301
b7301,b7303
b7303,b7304
b7304,b7311
b7311,b7312
b7312,b7317
b7317,b7319
b7319,b7331
b7331,b7332
b7332,b7333
b7333,b7339
b7339,b7344
b7344,b7345
b7345,b7347
b7347,b7348
b7348,b7350
b7350,b7351
b7351,b7352
b7352,b7353
b7353,b7354
b7354,b7355
b7355,b7357
b7357,b7358
b7358,b7949
b7949,b7950
b7950,b7951
b7951,b7952
b7952,b7953
b7953,b7954
b7954,b7955
b7955,b7956
b7956,b7957
b7957,b7958
b7958,b7959
b7959,b7960
b7960,b7961
b7961,b7962
b7962,b1093
b1093,b1095
b1095,b1097
b1097,b1099
b1099,b1102
b1102,b1103
b1103,b1104
b1104,b1105
b1105,b1106
b1106,b1107
b1107,b1109
b1109,b1110
b1110,b1111
b1111,b1112
b1112,b1113
b1113,b1114
b1114,b1115
b1115,b1116
b1116,b1117
b1117,b1118
b1118,b1119
b1119,b1120
b1120,b1121
b1121,b1122
b1122,b12077
b12077,b12078
b12078,b12079
b12079,b12080
b12080,b12081
b12081,b12082
b12082,b12083
b12083,b12084
b12084,b12085
b12085,b12086
b12086,b7973
b7973,b7974
b7974,b7975
b7975,b7976
b7976,b7977
b7977,b7978
b7978,b7979
b7979,b7980
b7980,b7981
b7981,b5842
b5842,b5843
b5843,b5844
b5844,b5845
b5845,b5846
b5846,b5847
b5847,b5848
b5848,b5849
b5849,b5850
b5850,b5851
b5851,b5852
b5852,b5853
b5853,b5854
b5854,b5855
b5855,b5856
b5856,b5857
b5857,b5858
b5858,b5859
b5859,b5860
b5860,b5861
b5861,b5862
b5862,b5863
b5863,b5864
b5864,b5865
b5865,b5866
b5866,b5867
b5867,b5868
b5868,b5869
b5869,b5870
b5870,b5871
b5871,b5872
b5872,b5873
b5873,b5874
b5874,b5875
b5875,b5876
b5876,b5877
b5877,b5878
b5878,b5879
b5879,b5880
b5880,b5881
b5881,b5882
b5882,b5883
b5883,b5884
b5884,b5885
b5885,b5886
b5886,b5887
b5887,b5888
b5888,b5889
b5889,b5890
b5890,b5891
b5891,b7457
b7457,b7458
b7458,b7459
b7459,b7460
b7460,b7461
b7461,b7462
b7462,b7463
b7463,b7464
b7464,b7465
b7465,b7466
b7466,b7467
b7467,b7468
b7468,b7469
b7469,b7470
b7470,b7471
b7471,b7472
b7472,b7473
b7473,b7474
b7474,b7475
b7475,b7476
b7476,b7477
b7477,b7478
b7478,b7479
b7479,b7480
b7480,b7481
b7481,b7482
b7482,b7483
b7483,b7484
b7484,b7485
b7485,b7486
b7486,b7487
b7487,b7488
b7488,b7489
b7489,b7490
b7490,b7491
b7491,b7492
b7492,b7493
b7493,b7494
b7494,b7495
b7495,b7496
b7496,b7497
b7497,b7498
b7498,b7500
b7500,b7501
b7501,b7504
b7504,b7505
b7505,b7506
b7506,b11805
b11805,b11806
